id_municipio,sigla_uf,regiao,cluster,taxa_alfabetizacao,atingiu_meta
1100015,RO,Norte,0,67.79,1
1100023,RO,Norte,0,65.62,1
1100031,RO,Norte,0,75.88,1
1100049,RO,Norte,0,65.81,1
1100056,RO,Norte,0,66.81,1
1100064,RO,Norte,0,71.69,1
1100072,RO,Norte,0,72.68,1
1100080,RO,Norte,0,59.63,0
1100098,RO,Norte,0,71.16,0
1100106,RO,Norte,0,43.07,0
1100114,RO,Norte,0,63.99,0
1100122,RO,Norte,0,72.81,0
1100130,RO,Norte,0,64.75,1
1100148,RO,Norte,0,75.61,1
1100155,RO,Norte,0,66.4,0
1100189,RO,Norte,0,81.06,1
1100205,RO,Norte,0,50.84,0
1100254,RO,Norte,0,71.14,1
1100262,RO,Norte,0,62.81,0
1100288,RO,Norte,0,75.19,1
1100296,RO,Norte,0,83.36,1
1100304,RO,Norte,0,71.66,1
1100320,RO,Norte,0,69.13,0
1100338,RO,Norte,0,45.3,0
1100346,RO,Norte,0,65.35,1
1100379,RO,Norte,0,79.54,1
1100403,RO,Norte,0,60.45,0
1100452,RO,Norte,0,72.32,1
1100502,RO,Norte,0,70.67,0
1100601,RO,Norte,0,78.84,1
1100700,RO,Norte,0,71.94,1
1100809,RO,Norte,0,51.63,0
1100908,RO,Norte,0,65.42,0
1100924,RO,Norte,0,71.99,0
1100940,RO,Norte,0,67.6,0
1101005,RO,Norte,0,70.76,1
1101104,RO,Norte,0,70.62,0
1101203,RO,Norte,0,69.17,0
1101302,RO,Norte,0,73.82,1
1101401,RO,Norte,0,69.92,0
1101435,RO,Norte,0,70.92,1
1101450,RO,Norte,0,70.6,1
1101468,RO,Norte,0,57.63,0
1101476,RO,Norte,0,57.63,0
1101484,RO,Norte,0,78.36,1
1101492,RO,Norte,0,62.99,0
1101500,RO,Norte,0,66.06,1
1101559,RO,Norte,0,65.3,0
1101609,RO,Norte,0,78.73,1
1101708,RO,Norte,0,61.28,0
1101757,RO,Norte,0,55.65,1
1101807,RO,Norte,0,44.06,0
1300029,AM,Norte,0,58.47,1
1300060,AM,Norte,0,64.58,0
1300086,AM,Norte,0,53.48,1
1300102,AM,Norte,0,77.45,1
1300144,AM,Norte,0,49.25,0
1300201,AM,Norte,0,84.07,1
1300409,AM,Norte,0,38.21,0
1300508,AM,Norte,0,24.4,0
1300680,AM,Norte,0,31.41,0
1300706,AM,Norte,0,44.78,0
1300805,AM,Norte,0,22.82,0
1301001,AM,Norte,0,49.19,0
1301159,AM,Norte,0,27.35,0
1301209,AM,Norte,0,32.72,0
1301308,AM,Norte,0,40.59,0
1301654,AM,Norte,0,54.66,0
1301704,AM,Norte,0,57.23,1
1301852,AM,Norte,0,34.35,0
1301902,AM,Norte,0,42.66,0
1301951,AM,Norte,0,82.23,1
1302108,AM,Norte,0,91.93,1
1302207,AM,Norte,0,44.2,0
1302306,AM,Norte,0,30.91,0
1302405,AM,Norte,0,66.7,0
1302504,AM,Norte,0,37.28,0
1302553,AM,Norte,0,20.56,0
1302603,AM,Norte,0,50.13,0
1302702,AM,Norte,0,57.02,1
1302801,AM,Norte,0,48.41,1
1302900,AM,Norte,0,45.97,0
1303007,AM,Norte,0,57.1,0
1303106,AM,Norte,0,32.8,0
1303205,AM,Norte,0,57.09,0
1303304,AM,Norte,0,50.99,0
1303403,AM,Norte,0,51.36,0
1303502,AM,Norte,0,48.43,1
1303536,AM,Norte,0,35.31,0
1303569,AM,Norte,0,46.76,1
1303601,AM,Norte,0,36.02,1
1303700,AM,Norte,0,37.94,0
1303809,AM,Norte,0,31.59,0
1303908,AM,Norte,0,32.06,0
1303957,AM,Norte,0,29.46,0
1304062,AM,Norte,0,37.75,0
1304104,AM,Norte,0,51.81,0
1304237,AM,Norte,0,30.02,0
1304260,AM,Norte,0,11.25,0
1304302,AM,Norte,0,73.95,1
1500107,PA,Norte,0,35.85,0
1500131,PA,Norte,0,54.88,0
1500206,PA,Norte,0,41.73,0
1500305,PA,Norte,0,38.18,1
1500347,PA,Norte,0,51.4,1
1500404,PA,Norte,0,34.75,0
1500503,PA,Norte,0,38.92,1
1500602,PA,Norte,0,45.32,0
1500701,PA,Norte,0,33.83,0
1500800,PA,Norte,0,52.74,0
1500859,PA,Norte,0,48.45,0
1500909,PA,Norte,0,43.99,0
1500958,PA,Norte,0,55.54,1
1501006,PA,Norte,0,64.37,1
1501105,PA,Norte,0,53.31,1
1501204,PA,Norte,0,38.16,1
1501303,PA,Norte,0,39.5,0
1501402,PA,Norte,0,46.08,0
1501451,PA,Norte,0,57.61,0
1501501,PA,Norte,0,65.29,1
1501576,PA,Norte,0,51.82,0
1501600,PA,Norte,0,32.2,0
1501709,PA,Norte,0,37.0,0
1501725,PA,Norte,0,87.6,1
1501758,PA,Norte,0,75.7,1
1501782,PA,Norte,0,50.55,1
1501808,PA,Norte,0,55.58,1
1501907,PA,Norte,0,51.61,0
1501956,PA,Norte,0,52.04,0
1502004,PA,Norte,0,33.12,0
1502103,PA,Norte,0,39.08,0
1502152,PA,Norte,0,65.12,1
1502202,PA,Norte,0,59.49,0
1502301,PA,Norte,0,48.98,0
1502509,PA,Norte,0,74.09,1
1502608,PA,Norte,0,37.22,0
1502707,PA,Norte,0,50.69,1
1502756,PA,Norte,0,54.24,1
1502764,PA,Norte,0,45.2,0
1502772,PA,Norte,0,72.88,1
1502806,PA,Norte,0,24.03,0
1502855,PA,Norte,0,42.47,0
1502905,PA,Norte,0,33.48,0
1502939,PA,Norte,0,69.24,1
1502954,PA,Norte,0,50.59,0
1503002,PA,Norte,0,51.79,0
1503044,PA,Norte,0,67.37,1
1503077,PA,Norte,0,32.89,0
1503093,PA,Norte,0,42.29,0
1503200,PA,Norte,0,40.43,1
1503309,PA,Norte,0,41.34,0
1503408,PA,Norte,0,45.41,1
1503457,PA,Norte,0,42.95,0
1503507,PA,Norte,0,49.64,0
1503606,PA,Norte,0,59.22,0
1503705,PA,Norte,0,44.08,0
1503804,PA,Norte,0,37.87,0
1503903,PA,Norte,0,51.0,0
1504000,PA,Norte,0,47.82,0
1504059,PA,Norte,0,46.97,0
1504109,PA,Norte,0,60.05,1
1504208,PA,Norte,0,50.68,0
1504307,PA,Norte,0,47.51,0
1504406,PA,Norte,0,45.42,1
1504422,PA,Norte,0,48.97,0
1504455,PA,Norte,0,48.44,0
1504505,PA,Norte,0,28.64,0
1504604,PA,Norte,0,37.29,0
1504703,PA,Norte,0,34.29,0
1504752,PA,Norte,0,43.72,0
1504802,PA,Norte,0,46.69,0
1504901,PA,Norte,0,33.63,0
1504950,PA,Norte,0,50.02,1
1504976,PA,Norte,0,52.55,1
1505007,PA,Norte,0,51.68,0
1505031,PA,Norte,0,56.8,0
1505064,PA,Norte,0,47.88,0
1505106,PA,Norte,0,53.98,1
1505205,PA,Norte,0,31.03,1
1505304,PA,Norte,0,30.61,0
1505403,PA,Norte,0,56.24,1
1505437,PA,Norte,0,53.11,0
1505486,PA,Norte,0,45.49,1
1505494,PA,Norte,0,44.75,1
1505502,PA,Norte,0,56.72,0
1505536,PA,Norte,0,49.49,0
1505551,PA,Norte,0,48.91,0
1505601,PA,Norte,0,84.31,1
1505635,PA,Norte,0,57.18,0
1505700,PA,Norte,0,57.13,1
1505809,PA,Norte,0,40.72,0
1505908,PA,Norte,0,81.16,1
1506005,PA,Norte,0,43.28,0
1506104,PA,Norte,0,49.94,0
1506112,PA,Norte,0,47.3,0
1506138,PA,Norte,0,58.25,0
1506161,PA,Norte,0,56.31,1
1506187,PA,Norte,0,68.8,1
1506195,PA,Norte,0,54.76,0
1506203,PA,Norte,0,50.44,1
1506302,PA,Norte,0,49.47,0
1506351,PA,Norte,0,46.35,1
1506401,PA,Norte,0,52.31,0
1506500,PA,Norte,0,34.18,0
1506559,PA,Norte,0,39.77,0
1506583,PA,Norte,0,42.45,0
1506708,PA,Norte,0,58.51,0
1506807,PA,Norte,0,51.29,0
1506906,PA,Norte,0,78.25,1
1507003,PA,Norte,0,31.66,0
1507102,PA,Norte,0,69.85,1
1507151,PA,Norte,0,40.37,0
1507201,PA,Norte,0,32.97,0
1507409,PA,Norte,0,37.44,0
1507458,PA,Norte,0,52.06,1
1507474,PA,Norte,0,40.76,1
1507508,PA,Norte,0,35.42,0
1507607,PA,Norte,0,49.59,1
1507706,PA,Norte,0,47.41,0
1507755,PA,Norte,0,71.84,0
1507805,PA,Norte,0,35.9,0
1507904,PA,Norte,0,52.41,0
1507953,PA,Norte,0,37.9,0
1507961,PA,Norte,0,49.88,1
1507979,PA,Norte,0,65.58,0
1508001,PA,Norte,0,49.49,0
1508035,PA,Norte,0,37.16,0
1508050,PA,Norte,0,62.19,0
1508084,PA,Norte,0,48.54,0
1508100,PA,Norte,0,44.7,1
1508126,PA,Norte,0,61.52,0
1508159,PA,Norte,0,60.84,0
1508209,PA,Norte,0,37.71,1
1508308,PA,Norte,0,38.21,0
1508357,PA,Norte,0,70.18,1
1508407,PA,Norte,0,49.27,0
1600055,AP,Norte,0,73.61,1
1600105,AP,Norte,0,19.03,0
1600154,AP,Norte,0,44.22,0
1600204,AP,Norte,0,39.25,0
1600212,AP,Norte,0,53.36,1
1600238,AP,Norte,0,74.96,1
1600253,AP,Norte,0,43.57,0
1600279,AP,Norte,0,39.8,0
1600303,AP,Norte,0,49.14,0
1600402,AP,Norte,0,44.22,1
1600501,AP,Norte,0,21.03,0
1600535,AP,Norte,0,73.42,1
1600550,AP,Norte,0,30.66,0
1600600,AP,Norte,0,55.32,1
1600709,AP,Norte,0,94.21,1
1600808,AP,Norte,0,35.39,0
1700251,TO,Norte,0,75.0,1
1700301,TO,Norte,0,40.89,1
1700350,TO,Norte,0,76.09,0
1700400,TO,Norte,0,48.18,1
1700707,TO,Norte,0,72.02,1
1701002,TO,Norte,0,46.69,1
1701051,TO,Norte,0,59.12,1
1701101,TO,Norte,0,35.78,0
1701309,TO,Norte,0,52.57,1
1701903,TO,Norte,0,49.27,1
1702000,TO,Norte,0,40.54,0
1702109,TO,Norte,0,50.51,1
1702158,TO,Norte,0,37.81,0
1702208,TO,Norte,0,50.5,1
1702307,TO,Norte,0,68.32,1
1702406,TO,Norte,0,61.2,1
1702554,TO,Norte,0,59.95,1
1702703,TO,Norte,0,41.94,0
1702901,TO,Norte,0,40.2,1
1703008,TO,Norte,0,19.17,0
1703057,TO,Norte,0,36.96,0
1703073,TO,Norte,0,18.26,1
1703107,TO,Norte,0,49.74,0
1703206,TO,Norte,0,59.26,1
1703305,TO,Norte,0,28.56,0
1703602,TO,Norte,0,68.9,1
1703701,TO,Norte,0,49.45,1
1703826,TO,Norte,0,64.0,1
1703842,TO,Norte,0,38.52,1
1703867,TO,Norte,0,52.01,1
1703883,TO,Norte,0,27.47,0
1703891,TO,Norte,0,23.86,0
1703909,TO,Norte,0,31.53,1
1704105,TO,Norte,0,66.67,1
1704600,TO,Norte,0,6.25,0
1705102,TO,Norte,0,52.38,0
1705508,TO,Norte,0,55.82,1
1705557,TO,Norte,0,56.14,0
1705607,TO,Norte,0,35.8,1
1706001,TO,Norte,0,49.04,0
1706100,TO,Norte,0,61.42,1
1706258,TO,Norte,0,82.61,1
1706506,TO,Norte,0,45.61,1
1707009,TO,Norte,0,61.27,1
1707108,TO,Norte,0,60.78,1
1707207,TO,Norte,0,52.81,0
1707306,TO,Norte,0,68.54,1
1707405,TO,Norte,0,47.82,1
1707553,TO,Norte,0,57.84,1
1707652,TO,Norte,0,51.74,0
1707702,TO,Norte,0,12.63,0
1708205,TO,Norte,0,45.42,0
1708254,TO,Norte,0,51.71,0
1708304,TO,Norte,0,40.0,0
1709005,TO,Norte,0,38.49,1
1709302,TO,Norte,0,48.16,1
1709500,TO,Norte,0,54.37,1
1709807,TO,Norte,0,21.43,0
1710508,TO,Norte,0,41.1,0
1710706,TO,Norte,0,18.09,0
1710904,TO,Norte,0,53.53,1
1711100,TO,Norte,0,24.0,0
1711506,TO,Norte,0,62.32,0
1711803,TO,Norte,0,49.1,1
1711902,TO,Norte,0,35.66,1
1711951,TO,Norte,0,15.09,0
1712009,TO,Norte,0,38.15,0
1712157,TO,Norte,0,58.81,0
1712405,TO,Norte,0,19.44,0
1712454,TO,Norte,0,48.91,1
1712504,TO,Norte,0,36.72,1
1712702,TO,Norte,0,9.09,0
1712801,TO,Norte,0,20.67,0
1713205,TO,Norte,0,46.42,0
1713304,TO,Norte,0,63.01,1
1713601,TO,Norte,0,19.71,0
1713700,TO,Norte,0,44.77,1
1713809,TO,Norte,0,49.53,1
1713957,TO,Norte,0,49.28,1
1714203,TO,Norte,0,43.89,1
1714302,TO,Norte,0,34.23,0
1714880,TO,Norte,0,40.7,1
1715002,TO,Norte,0,55.38,1
1715101,TO,Norte,0,36.09,0
1715150,TO,Norte,0,70.33,0
1715259,TO,Norte,0,61.24,1
1715507,TO,Norte,0,31.58,0
1715705,TO,Norte,0,31.27,1
1715754,TO,Norte,0,77.41,1
1716109,TO,Norte,0,63.45,0
1716208,TO,Norte,0,68.45,1
1716307,TO,Norte,0,37.96,1
1716505,TO,Norte,0,56.7,0
1716604,TO,Norte,0,42.93,0
1716653,TO,Norte,0,61.79,1
1716703,TO,Norte,0,60.62,1
1717008,TO,Norte,0,33.88,0
1717206,TO,Norte,0,54.55,1
1717503,TO,Norte,0,43.07,1
1717800,TO,Norte,0,44.56,1
1717909,TO,Norte,0,30.99,0
1718006,TO,Norte,0,37.89,1
1718204,TO,Norte,0,44.11,0
1718303,TO,Norte,0,38.49,1
1718402,TO,Norte,0,57.83,0
1718451,TO,Norte,0,40.91,1
1718501,TO,Norte,0,50.29,1
1718550,TO,Norte,0,54.32,1
1718659,TO,Norte,0,19.61,0
1718709,TO,Norte,0,46.58,1
1718758,TO,Norte,0,26.8,0
1718808,TO,Norte,0,43.25,0
1718840,TO,Norte,0,53.5,1
1718865,TO,Norte,0,31.33,1
1718881,TO,Norte,0,39.73,1
1718899,TO,Norte,0,43.12,0
1718907,TO,Norte,0,36.92,1
1719004,TO,Norte,0,24.65,0
1720002,TO,Norte,0,57.14,0
1720101,TO,Norte,0,52.93,1
1720150,TO,Norte,0,61.9,0
1720200,TO,Norte,0,36.9,1
1720259,TO,Norte,0,59.09,1
1720309,TO,Norte,0,58.96,1
1720499,TO,Norte,0,46.24,0
1720655,TO,Norte,0,37.39,0
1720804,TO,Norte,0,50.64,1
1720853,TO,Norte,0,58.97,0
1720903,TO,Norte,0,42.45,0
1720937,TO,Norte,0,55.56,0
1721000,TO,Norte,0,56.97,0
1721109,TO,Norte,0,51.16,1
1721208,TO,Norte,0,35.44,0
1721257,TO,Norte,0,66.67,1
1721307,TO,Norte,0,53.85,1
1722081,TO,Norte,0,41.89,0
1722107,TO,Norte,0,42.82,1
2100055,MA,Nordeste,2,62.76,1
2100105,MA,Nordeste,3,93.1,1
2100154,MA,Nordeste,3,63.75,0
2100204,MA,Nordeste,3,70.97,0
2100303,MA,Nordeste,3,45.37,0
2100402,MA,Nordeste,3,73.02,0
2100436,MA,Nordeste,3,51.5,0
2100477,MA,Nordeste,2,56.29,1
2100501,MA,Nordeste,2,51.99,0
2100550,MA,Nordeste,2,43.0,1
2100600,MA,Nordeste,2,41.33,0
2100709,MA,Nordeste,3,41.33,0
2100808,MA,Nordeste,3,34.63,0
2100832,MA,Nordeste,2,39.08,1
2100873,MA,Nordeste,3,91.6,1
2100907,MA,Nordeste,2,42.52,0
2100956,MA,Nordeste,3,74.44,0
2101004,MA,Nordeste,3,72.37,1
2101103,MA,Nordeste,3,71.88,0
2101202,MA,Nordeste,2,51.38,1
2101251,MA,Nordeste,2,53.73,0
2101301,MA,Nordeste,3,57.55,0
2101350,MA,Nordeste,3,100.0,1
2101400,MA,Nordeste,2,39.54,0
2101509,MA,Nordeste,2,51.56,1
2101608,MA,Nordeste,3,64.05,0
2101707,MA,Nordeste,3,78.52,1
2101731,MA,Nordeste,3,72.29,1
2101772,MA,Nordeste,3,77.73,1
2101806,MA,Nordeste,2,47.28,0
2101905,MA,Nordeste,2,59.75,1
2101939,MA,Nordeste,2,87.88,1
2101970,MA,Nordeste,3,80.0,1
2102002,MA,Nordeste,3,69.64,0
2102036,MA,Nordeste,3,63.18,0
2102077,MA,Nordeste,3,95.28,1
2102101,MA,Nordeste,2,58.08,1
2102150,MA,Nordeste,2,49.3,1
2102200,MA,Nordeste,2,28.95,0
2102309,MA,Nordeste,2,57.18,1
2102325,MA,Nordeste,2,42.03,0
2102358,MA,Nordeste,3,54.91,0
2102374,MA,Nordeste,2,56.05,1
2102408,MA,Nordeste,3,64.0,0
2102507,MA,Nordeste,2,34.1,0
2102556,MA,Nordeste,3,61.7,0
2102606,MA,Nordeste,3,49.53,0
2102705,MA,Nordeste,3,70.83,1
2102754,MA,Nordeste,2,91.14,1
2102804,MA,Nordeste,2,50.96,1
2102903,MA,Nordeste,2,61.21,1
2103000,MA,Nordeste,2,55.15,1
2103109,MA,Nordeste,3,66.85,0
2103125,MA,Nordeste,3,84.42,1
2103158,MA,Nordeste,3,87.93,1
2103174,MA,Nordeste,2,36.86,0
2103208,MA,Nordeste,2,41.58,0
2103257,MA,Nordeste,3,86.24,1
2103307,MA,Nordeste,2,50.85,0
2103406,MA,Nordeste,3,76.13,1
2103505,MA,Nordeste,2,49.9,0
2103554,MA,Nordeste,2,54.26,1
2103604,MA,Nordeste,2,55.72,1
2103703,MA,Nordeste,3,66.32,0
2103752,MA,Nordeste,3,69.82,1
2103802,MA,Nordeste,2,43.95,0
2103901,MA,Nordeste,3,81.51,1
2104008,MA,Nordeste,3,81.48,1
2104057,MA,Nordeste,2,59.79,1
2104073,MA,Nordeste,3,65.38,0
2104081,MA,Nordeste,2,77.76,1
2104099,MA,Nordeste,3,84.29,1
2104107,MA,Nordeste,2,78.25,1
2104206,MA,Nordeste,2,72.06,1
2104305,MA,Nordeste,3,88.4,1
2104404,MA,Nordeste,2,66.96,1
2104503,MA,Nordeste,3,78.21,0
2104552,MA,Nordeste,3,67.46,0
2104602,MA,Nordeste,2,48.13,0
2104628,MA,Nordeste,3,91.67,1
2104651,MA,Nordeste,3,78.08,1
2104677,MA,Nordeste,3,60.92,0
2104701,MA,Nordeste,3,75.68,1
2104800,MA,Nordeste,2,45.8,0
2104909,MA,Nordeste,3,86.95,1
2105005,MA,Nordeste,3,59.22,0
2105104,MA,Nordeste,3,68.98,1
2105153,MA,Nordeste,3,77.64,1
2105203,MA,Nordeste,3,89.11,1
2105302,MA,Nordeste,2,54.73,1
2105351,MA,Nordeste,3,72.99,0
2105401,MA,Nordeste,2,60.47,1
2105427,MA,Nordeste,3,60.13,0
2105450,MA,Nordeste,3,68.34,0
2105476,MA,Nordeste,2,69.39,1
2105500,MA,Nordeste,2,55.83,1
2105609,MA,Nordeste,3,75.31,1
2105658,MA,Nordeste,3,67.86,0
2105708,MA,Nordeste,3,79.18,0
2105807,MA,Nordeste,3,97.1,1
2105906,MA,Nordeste,3,76.73,1
2105922,MA,Nordeste,3,78.44,0
2105948,MA,Nordeste,3,92.3,1
2105963,MA,Nordeste,3,97.12,1
2105989,MA,Nordeste,3,65.92,1
2106003,MA,Nordeste,3,90.91,1
2106102,MA,Nordeste,2,66.12,1
2106201,MA,Nordeste,3,84.97,1
2106300,MA,Nordeste,3,82.04,1
2106326,MA,Nordeste,2,41.67,0
2106359,MA,Nordeste,3,39.77,0
2106375,MA,Nordeste,3,97.62,1
2106409,MA,Nordeste,3,76.86,1
2106508,MA,Nordeste,3,46.67,0
2106607,MA,Nordeste,3,34.52,0
2106631,MA,Nordeste,3,57.42,0
2106672,MA,Nordeste,3,96.86,1
2106706,MA,Nordeste,2,55.82,1
2106755,MA,Nordeste,2,50.55,0
2106805,MA,Nordeste,3,69.37,0
2106904,MA,Nordeste,2,36.19,0
2107001,MA,Nordeste,3,55.27,0
2107100,MA,Nordeste,3,66.98,0
2107209,MA,Nordeste,2,46.83,0
2107258,MA,Nordeste,3,77.14,0
2107308,MA,Nordeste,3,51.24,0
2107357,MA,Nordeste,3,62.23,1
2107407,MA,Nordeste,2,58.91,1
2107456,MA,Nordeste,3,37.64,0
2107506,MA,Nordeste,2,55.55,1
2107605,MA,Nordeste,2,70.09,1
2107704,MA,Nordeste,3,74.65,0
2107803,MA,Nordeste,3,54.65,0
2107902,MA,Nordeste,3,58.43,0
2108009,MA,Nordeste,3,64.01,0
2108058,MA,Nordeste,3,68.89,1
2108108,MA,Nordeste,3,90.57,1
2108207,MA,Nordeste,3,64.51,0
2108256,MA,Nordeste,3,57.92,0
2108306,MA,Nordeste,3,63.88,1
2108405,MA,Nordeste,2,61.02,1
2108454,MA,Nordeste,3,70.53,1
2108504,MA,Nordeste,2,51.09,1
2108603,MA,Nordeste,2,46.82,0
2108702,MA,Nordeste,2,63.6,1
2108801,MA,Nordeste,3,42.38,0
2108900,MA,Nordeste,3,77.27,0
2109007,MA,Nordeste,3,74.09,1
2109056,MA,Nordeste,3,34.42,0
2109106,MA,Nordeste,2,45.11,0
2109205,MA,Nordeste,2,57.94,1
2109239,MA,Nordeste,3,74.73,0
2109270,MA,Nordeste,2,39.6,0
2109304,MA,Nordeste,2,47.82,0
2109403,MA,Nordeste,3,68.97,0
2109452,MA,Nordeste,3,48.35,0
2109551,MA,Nordeste,2,50.14,0
2109601,MA,Nordeste,2,57.6,0
2109700,MA,Nordeste,3,77.94,0
2109759,MA,Nordeste,2,40.91,0
2109809,MA,Nordeste,3,72.74,1
2109908,MA,Nordeste,2,48.48,0
2110005,MA,Nordeste,2,58.7,1
2110039,MA,Nordeste,3,85.76,1
2110104,MA,Nordeste,3,80.19,1
2110203,MA,Nordeste,3,56.53,0
2110237,MA,Nordeste,3,54.17,0
2110278,MA,Nordeste,2,39.84,0
2110302,MA,Nordeste,3,72.56,1
2110401,MA,Nordeste,2,38.29,0
2110500,MA,Nordeste,3,79.26,0
2110609,MA,Nordeste,3,67.87,0
2110658,MA,Nordeste,2,36.83,1
2110708,MA,Nordeste,2,50.11,1
2110807,MA,Nordeste,2,44.69,0
2110856,MA,Nordeste,2,42.73,0
2110906,MA,Nordeste,3,83.35,1
2111003,MA,Nordeste,2,58.4,1
2111029,MA,Nordeste,3,70.68,1
2111052,MA,Nordeste,2,43.97,1
2111078,MA,Nordeste,2,53.45,1
2111102,MA,Nordeste,2,55.16,0
2111201,MA,Nordeste,3,56.58,0
2111250,MA,Nordeste,2,56.16,1
2111300,MA,Nordeste,2,56.69,1
2111409,MA,Nordeste,3,70.44,0
2111508,MA,Nordeste,3,66.16,0
2111532,MA,Nordeste,2,55.64,1
2111573,MA,Nordeste,2,59.47,1
2111607,MA,Nordeste,3,84.5,1
2111631,MA,Nordeste,2,55.35,0
2111672,MA,Nordeste,2,35.69,0
2111706,MA,Nordeste,3,76.82,1
2111722,MA,Nordeste,3,79.32,0
2111748,MA,Nordeste,3,96.12,1
2111763,MA,Nordeste,2,64.13,1
2111789,MA,Nordeste,3,53.62,0
2111805,MA,Nordeste,2,54.44,1
2111904,MA,Nordeste,2,60.0,1
2111953,MA,Nordeste,3,80.65,1
2112001,MA,Nordeste,2,54.9,1
2112100,MA,Nordeste,2,44.63,0
2112209,MA,Nordeste,3,75.74,1
2112233,MA,Nordeste,3,90.87,1
2112274,MA,Nordeste,2,36.17,0
2112308,MA,Nordeste,2,66.43,1
2112407,MA,Nordeste,2,64.42,1
2112456,MA,Nordeste,2,49.69,0
2112506,MA,Nordeste,2,57.61,1
2112605,MA,Nordeste,3,38.63,0
2112704,MA,Nordeste,3,96.58,1
2112803,MA,Nordeste,2,53.36,0
2112852,MA,Nordeste,3,74.55,0
2112902,MA,Nordeste,2,60.19,1
2113009,MA,Nordeste,3,73.1,1
2114007,MA,Nordeste,3,72.3,0
2200053,PI,Nordeste,3,81.89,1
2200103,PI,Nordeste,2,60.23,1
2200202,PI,Nordeste,3,91.98,1
2200251,PI,Nordeste,2,74.63,1
2200277,PI,Nordeste,2,55.26,0
2200301,PI,Nordeste,3,82.41,1
2200400,PI,Nordeste,3,61.82,0
2200459,PI,Nordeste,3,41.74,0
2200509,PI,Nordeste,2,32.94,1
2200608,PI,Nordeste,3,95.88,1
2200707,PI,Nordeste,2,57.02,1
2200806,PI,Nordeste,3,73.81,0
2200905,PI,Nordeste,2,30.0,0
2200954,PI,Nordeste,3,80.95,1
2201002,PI,Nordeste,3,98.15,1
2201051,PI,Nordeste,3,69.88,0
2201101,PI,Nordeste,2,44.97,0
2201150,PI,Nordeste,3,81.06,1
2201176,PI,Nordeste,3,93.18,1
2201200,PI,Nordeste,2,60.13,1
2201309,PI,Nordeste,2,50.77,1
2201408,PI,Nordeste,2,40.17,0
2201507,PI,Nordeste,2,46.97,0
2201556,PI,Nordeste,3,89.26,1
2201572,PI,Nordeste,3,100.0,1
2201606,PI,Nordeste,3,68.49,0
2201705,PI,Nordeste,2,43.42,0
2201739,PI,Nordeste,2,82.76,1
2201770,PI,Nordeste,2,47.16,0
2201804,PI,Nordeste,3,55.0,0
2201903,PI,Nordeste,3,98.95,1
2201919,PI,Nordeste,3,75.94,0
2201929,PI,Nordeste,2,35.96,0
2201945,PI,Nordeste,3,77.1,0
2201960,PI,Nordeste,2,42.58,1
2201988,PI,Nordeste,3,95.35,1
2202000,PI,Nordeste,2,61.68,1
2202026,PI,Nordeste,3,98.33,1
2202059,PI,Nordeste,2,52.34,1
2202075,PI,Nordeste,3,75.0,0
2202083,PI,Nordeste,2,62.75,1
2202091,PI,Nordeste,3,100.0,1
2202109,PI,Nordeste,3,100.0,1
2202117,PI,Nordeste,2,59.33,1
2202133,PI,Nordeste,3,95.8,1
2202174,PI,Nordeste,2,64.31,1
2202208,PI,Nordeste,2,54.48,0
2202251,PI,Nordeste,3,86.82,1
2202307,PI,Nordeste,2,36.45,1
2202406,PI,Nordeste,2,54.01,0
2202455,PI,Nordeste,3,77.36,1
2202505,PI,Nordeste,2,49.31,0
2202539,PI,Nordeste,2,68.17,1
2202554,PI,Nordeste,3,58.14,0
2202604,PI,Nordeste,3,82.63,1
2202653,PI,Nordeste,2,46.21,1
2202703,PI,Nordeste,3,83.93,1
2202711,PI,Nordeste,3,59.56,0
2202729,PI,Nordeste,3,87.68,1
2202737,PI,Nordeste,3,94.47,1
2202752,PI,Nordeste,3,89.29,1
2202778,PI,Nordeste,2,42.87,0
2202802,PI,Nordeste,2,70.98,1
2202851,PI,Nordeste,3,61.36,0
2202901,PI,Nordeste,2,37.78,0
2203008,PI,Nordeste,3,79.55,0
2203107,PI,Nordeste,3,85.0,1
2203206,PI,Nordeste,3,81.77,1
2203230,PI,Nordeste,3,92.5,1
2203255,PI,Nordeste,2,27.56,0
2203271,PI,Nordeste,2,48.34,1
2203305,PI,Nordeste,3,73.33,1
2203354,PI,Nordeste,2,11.96,0
2203404,PI,Nordeste,3,76.45,0
2203420,PI,Nordeste,3,82.22,1
2203453,PI,Nordeste,3,87.27,1
2203503,PI,Nordeste,2,51.08,0
2203602,PI,Nordeste,3,65.85,0
2203701,PI,Nordeste,3,73.13,1
2203750,PI,Nordeste,2,52.0,1
2203800,PI,Nordeste,2,43.3,0
2203859,PI,Nordeste,3,54.55,0
2203909,PI,Nordeste,2,53.36,0
2204006,PI,Nordeste,3,84.21,1
2204105,PI,Nordeste,2,32.38,0
2204154,PI,Nordeste,3,95.24,1
2204204,PI,Nordeste,2,48.78,0
2204303,PI,Nordeste,3,96.63,1
2204352,PI,Nordeste,2,53.59,1
2204402,PI,Nordeste,2,39.2,1
2204501,PI,Nordeste,2,68.54,1
2204550,PI,Nordeste,3,75.0,1
2204600,PI,Nordeste,3,81.47,1
2204659,PI,Nordeste,2,34.84,0
2204709,PI,Nordeste,3,67.52,1
2204808,PI,Nordeste,3,95.83,1
2204907,PI,Nordeste,2,34.44,0
2205003,PI,Nordeste,3,73.67,0
2205102,PI,Nordeste,2,85.9,1
2205151,PI,Nordeste,3,84.31,1
2205201,PI,Nordeste,3,58.67,0
2205250,PI,Nordeste,3,77.0,1
2205276,PI,Nordeste,3,95.24,1
2205300,PI,Nordeste,2,75.31,1
2205359,PI,Nordeste,3,97.14,1
2205409,PI,Nordeste,3,81.27,1
2205458,PI,Nordeste,2,43.83,0
2205508,PI,Nordeste,2,42.98,0
2205516,PI,Nordeste,3,71.43,1
2205524,PI,Nordeste,3,100.0,1
2205532,PI,Nordeste,3,98.36,1
2205540,PI,Nordeste,3,87.79,1
2205557,PI,Nordeste,2,58.86,1
2205565,PI,Nordeste,2,59.52,0
2205573,PI,Nordeste,2,76.74,1
2205581,PI,Nordeste,2,44.87,1
2205599,PI,Nordeste,2,62.96,1
2205607,PI,Nordeste,3,100.0,1
2205706,PI,Nordeste,3,51.6,0
2205805,PI,Nordeste,2,54.9,0
2205854,PI,Nordeste,3,55.88,0
2205904,PI,Nordeste,3,82.38,1
2205953,PI,Nordeste,3,89.66,1
2206001,PI,Nordeste,2,80.95,1
2206050,PI,Nordeste,2,60.66,1
2206100,PI,Nordeste,2,52.06,1
2206209,PI,Nordeste,2,60.79,1
2206308,PI,Nordeste,3,84.62,1
2206357,PI,Nordeste,2,33.33,0
2206407,PI,Nordeste,2,42.48,0
2206506,PI,Nordeste,3,97.7,1
2206605,PI,Nordeste,3,57.85,0
2206654,PI,Nordeste,2,19.39,0
2206670,PI,Nordeste,2,40.04,1
2206696,PI,Nordeste,3,65.17,0
2206704,PI,Nordeste,2,39.0,0
2206720,PI,Nordeste,3,52.15,0
2206753,PI,Nordeste,2,95.24,1
2206803,PI,Nordeste,3,45.57,0
2206902,PI,Nordeste,3,89.56,1
2206951,PI,Nordeste,3,82.08,1
2207009,PI,Nordeste,3,72.5,1
2207108,PI,Nordeste,3,85.71,1
2207207,PI,Nordeste,3,100.0,1
2207306,PI,Nordeste,2,45.31,0
2207355,PI,Nordeste,3,64.0,0
2207405,PI,Nordeste,3,72.22,0
2207504,PI,Nordeste,2,46.19,0
2207553,PI,Nordeste,3,49.8,0
2207603,PI,Nordeste,3,47.35,0
2207702,PI,Nordeste,2,38.42,1
2207751,PI,Nordeste,3,64.51,0
2207777,PI,Nordeste,3,63.04,0
2207793,PI,Nordeste,3,51.85,0
2207801,PI,Nordeste,2,50.47,0
2207850,PI,Nordeste,3,90.0,1
2207900,PI,Nordeste,2,41.98,1
2207934,PI,Nordeste,2,47.35,1
2207959,PI,Nordeste,2,49.11,0
2208007,PI,Nordeste,2,54.93,0
2208106,PI,Nordeste,3,61.41,0
2208205,PI,Nordeste,2,58.16,1
2208304,PI,Nordeste,3,82.48,1
2208403,PI,Nordeste,2,54.59,1
2208502,PI,Nordeste,2,36.04,0
2208551,PI,Nordeste,3,64.29,0
2208601,PI,Nordeste,2,47.93,1
2208650,PI,Nordeste,3,67.42,1
2208700,PI,Nordeste,3,80.52,1
2208809,PI,Nordeste,2,31.32,0
2208858,PI,Nordeste,3,92.42,1
2208874,PI,Nordeste,2,54.84,0
2208908,PI,Nordeste,3,85.26,1
2209005,PI,Nordeste,2,41.79,0
2209104,PI,Nordeste,3,98.15,1
2209153,PI,Nordeste,2,68.18,1
2209203,PI,Nordeste,2,62.47,1
2209302,PI,Nordeste,3,55.68,0
2209351,PI,Nordeste,2,68.1,1
2209377,PI,Nordeste,3,51.64,0
2209401,PI,Nordeste,3,55.71,0
2209450,PI,Nordeste,3,78.26,0
2209500,PI,Nordeste,3,85.37,1
2209559,PI,Nordeste,3,66.39,0
2209609,PI,Nordeste,2,64.29,1
2209658,PI,Nordeste,2,36.86,0
2209708,PI,Nordeste,3,64.27,1
2209757,PI,Nordeste,3,60.71,0
2209807,PI,Nordeste,3,64.04,0
2209856,PI,Nordeste,3,96.34,1
2209872,PI,Nordeste,2,43.37,1
2209906,PI,Nordeste,3,93.97,1
2209955,PI,Nordeste,3,86.96,1
2209971,PI,Nordeste,2,87.8,1
2210003,PI,Nordeste,2,65.25,1
2210052,PI,Nordeste,3,92.65,1
2210102,PI,Nordeste,3,75.0,0
2210201,PI,Nordeste,3,97.06,1
2210300,PI,Nordeste,3,87.93,1
2210359,PI,Nordeste,3,73.08,0
2210375,PI,Nordeste,3,61.11,0
2210383,PI,Nordeste,2,80.0,1
2210391,PI,Nordeste,3,64.42,1
2210409,PI,Nordeste,2,45.19,1
2210508,PI,Nordeste,2,67.14,1
2210607,PI,Nordeste,3,73.25,1
2210623,PI,Nordeste,2,50.0,1
2210631,PI,Nordeste,3,76.86,0
2210656,PI,Nordeste,2,75.67,1
2210706,PI,Nordeste,3,86.03,1
2210805,PI,Nordeste,3,67.45,0
2210904,PI,Nordeste,2,30.86,0
2210938,PI,Nordeste,2,55.84,1
2210953,PI,Nordeste,3,65.11,0
2210979,PI,Nordeste,2,50.0,0
2211001,PI,Nordeste,2,57.25,1
2211100,PI,Nordeste,2,35.21,1
2211209,PI,Nordeste,2,31.55,0
2211308,PI,Nordeste,2,42.13,0
2211357,PI,Nordeste,2,31.25,0
2211407,PI,Nordeste,3,76.19,0
2211506,PI,Nordeste,3,48.57,0
2211605,PI,Nordeste,3,100.0,1
2211704,PI,Nordeste,2,54.29,1
2300101,CE,Nordeste,3,91.49,1
2300150,CE,Nordeste,3,81.21,1
2300200,CE,Nordeste,3,97.71,1
2300309,CE,Nordeste,3,64.59,0
2300408,CE,Nordeste,3,75.83,0
2300507,CE,Nordeste,3,99.05,1
2300606,CE,Nordeste,3,88.52,1
2300705,CE,Nordeste,3,94.16,1
2300754,CE,Nordeste,3,82.28,1
2300804,CE,Nordeste,3,94.51,1
2300903,CE,Nordeste,3,74.45,0
2301000,CE,Nordeste,3,83.99,1
2301109,CE,Nordeste,3,91.16,1
2301208,CE,Nordeste,3,90.87,1
2301257,CE,Nordeste,3,99.34,1
2301307,CE,Nordeste,3,77.22,1
2301406,CE,Nordeste,3,80.42,1
2301505,CE,Nordeste,3,76.0,1
2301604,CE,Nordeste,3,98.08,1
2301703,CE,Nordeste,3,73.84,0
2301802,CE,Nordeste,3,91.67,1
2301851,CE,Nordeste,3,76.25,0
2301901,CE,Nordeste,3,87.92,1
2301950,CE,Nordeste,3,91.15,1
2302008,CE,Nordeste,3,63.94,0
2302057,CE,Nordeste,3,95.7,1
2302107,CE,Nordeste,3,86.78,1
2302206,CE,Nordeste,3,81.6,1
2302305,CE,Nordeste,3,97.83,1
2302404,CE,Nordeste,3,90.36,1
2302503,CE,Nordeste,3,95.4,1
2302602,CE,Nordeste,3,94.08,1
2302701,CE,Nordeste,3,82.79,1
2302800,CE,Nordeste,3,95.0,1
2302909,CE,Nordeste,3,87.35,1
2303006,CE,Nordeste,3,98.73,1
2303105,CE,Nordeste,3,98.77,1
2303204,CE,Nordeste,3,82.61,1
2303303,CE,Nordeste,3,95.26,1
2303402,CE,Nordeste,3,83.8,1
2303501,CE,Nordeste,3,82.6,1
2303600,CE,Nordeste,3,81.25,1
2303659,CE,Nordeste,3,100.0,1
2303709,CE,Nordeste,3,69.01,0
2303808,CE,Nordeste,3,98.77,1
2303907,CE,Nordeste,3,91.5,1
2303931,CE,Nordeste,3,95.42,1
2303956,CE,Nordeste,3,97.15,1
2304004,CE,Nordeste,3,100.0,1
2304103,CE,Nordeste,3,97.31,1
2304202,CE,Nordeste,3,95.37,1
2304236,CE,Nordeste,3,99.14,1
2304251,CE,Nordeste,3,98.93,1
2304269,CE,Nordeste,3,98.82,1
2304277,CE,Nordeste,3,95.0,1
2304285,CE,Nordeste,3,93.91,1
2304301,CE,Nordeste,3,96.0,1
2304350,CE,Nordeste,3,100.0,1
2304400,CE,Nordeste,3,74.81,0
2304459,CE,Nordeste,3,93.28,1
2304509,CE,Nordeste,3,98.18,1
2304608,CE,Nordeste,3,97.65,1
2304657,CE,Nordeste,3,100.0,1
2304707,CE,Nordeste,3,97.78,1
2304806,CE,Nordeste,3,91.59,1
2304905,CE,Nordeste,3,96.95,1
2304954,CE,Nordeste,3,79.83,1
2305001,CE,Nordeste,3,95.65,1
2305100,CE,Nordeste,3,95.86,1
2305209,CE,Nordeste,3,96.11,1
2305233,CE,Nordeste,3,96.2,1
2305266,CE,Nordeste,3,60.53,0
2305308,CE,Nordeste,3,97.38,1
2305332,CE,Nordeste,3,96.67,1
2305357,CE,Nordeste,3,76.34,0
2305407,CE,Nordeste,3,75.41,0
2305506,CE,Nordeste,3,63.35,1
2305605,CE,Nordeste,3,98.62,1
2305654,CE,Nordeste,3,99.16,1
2305704,CE,Nordeste,3,88.89,1
2305803,CE,Nordeste,3,86.66,1
2305902,CE,Nordeste,3,99.54,1
2306009,CE,Nordeste,3,84.18,1
2306108,CE,Nordeste,3,96.76,1
2306207,CE,Nordeste,3,96.74,1
2306256,CE,Nordeste,3,85.11,1
2306306,CE,Nordeste,3,89.55,1
2306405,CE,Nordeste,3,88.96,1
2306504,CE,Nordeste,3,92.57,1
2306553,CE,Nordeste,3,92.49,1
2306603,CE,Nordeste,3,99.06,1
2306702,CE,Nordeste,3,93.66,1
2306801,CE,Nordeste,3,93.88,1
2306900,CE,Nordeste,3,89.25,1
2307007,CE,Nordeste,3,88.24,1
2307106,CE,Nordeste,3,70.8,0
2307205,CE,Nordeste,3,77.45,1
2307254,CE,Nordeste,3,98.03,1
2307304,CE,Nordeste,3,59.48,0
2307403,CE,Nordeste,3,90.28,1
2307502,CE,Nordeste,3,74.29,0
2307601,CE,Nordeste,3,89.65,1
2307635,CE,Nordeste,3,95.31,1
2307650,CE,Nordeste,3,84.92,1
2307700,CE,Nordeste,3,81.66,1
2307809,CE,Nordeste,3,96.66,1
2307908,CE,Nordeste,3,99.24,1
2308005,CE,Nordeste,3,95.03,1
2308104,CE,Nordeste,3,84.55,1
2308203,CE,Nordeste,3,98.21,1
2308302,CE,Nordeste,3,79.33,1
2308351,CE,Nordeste,3,97.92,1
2308377,CE,Nordeste,3,85.6,1
2308401,CE,Nordeste,3,82.37,1
2308500,CE,Nordeste,3,93.51,1
2308609,CE,Nordeste,3,99.36,1
2308708,CE,Nordeste,3,76.09,1
2308807,CE,Nordeste,3,92.86,1
2308906,CE,Nordeste,3,97.77,1
2309003,CE,Nordeste,3,98.82,1
2309102,CE,Nordeste,3,88.89,1
2309201,CE,Nordeste,3,99.53,1
2309300,CE,Nordeste,3,99.64,1
2309409,CE,Nordeste,3,100.0,1
2309458,CE,Nordeste,3,84.77,1
2309508,CE,Nordeste,3,90.75,1
2309607,CE,Nordeste,3,87.91,1
2309706,CE,Nordeste,3,78.36,1
2309805,CE,Nordeste,3,91.18,1
2309904,CE,Nordeste,3,100.0,1
2310001,CE,Nordeste,3,74.59,1
2310100,CE,Nordeste,3,94.31,1
2310209,CE,Nordeste,3,95.08,1
2310258,CE,Nordeste,3,93.78,1
2310308,CE,Nordeste,3,88.35,1
2310407,CE,Nordeste,3,94.2,1
2310506,CE,Nordeste,3,99.7,1
2310605,CE,Nordeste,3,63.67,0
2310704,CE,Nordeste,3,91.29,1
2310803,CE,Nordeste,3,93.44,1
2310852,CE,Nordeste,3,88.62,1
2310902,CE,Nordeste,3,100.0,1
2310951,CE,Nordeste,3,100.0,1
2311009,CE,Nordeste,3,100.0,1
2311108,CE,Nordeste,3,92.09,1
2311207,CE,Nordeste,3,91.04,1
2311231,CE,Nordeste,3,97.47,1
2311264,CE,Nordeste,3,99.49,1
2311306,CE,Nordeste,3,92.49,1
2311355,CE,Nordeste,3,88.46,1
2311405,CE,Nordeste,3,98.76,1
2311504,CE,Nordeste,3,93.13,1
2311603,CE,Nordeste,3,92.45,1
2311702,CE,Nordeste,3,98.5,1
2311801,CE,Nordeste,3,94.59,1
2311900,CE,Nordeste,3,81.55,1
2311959,CE,Nordeste,3,98.39,1
2312007,CE,Nordeste,3,98.26,1
2312106,CE,Nordeste,3,96.45,1
2312205,CE,Nordeste,3,95.08,1
2312304,CE,Nordeste,3,95.11,1
2312403,CE,Nordeste,3,85.78,1
2312502,CE,Nordeste,3,95.98,1
2312601,CE,Nordeste,3,65.1,0
2312700,CE,Nordeste,3,98.44,1
2312809,CE,Nordeste,3,99.12,1
2312908,CE,Nordeste,3,98.58,1
2313005,CE,Nordeste,3,98.96,1
2313104,CE,Nordeste,3,84.32,1
2313203,CE,Nordeste,3,98.31,1
2313252,CE,Nordeste,3,91.6,1
2313302,CE,Nordeste,3,92.01,1
2313351,CE,Nordeste,3,80.16,1
2313401,CE,Nordeste,3,86.1,1
2313500,CE,Nordeste,3,91.78,1
2313559,CE,Nordeste,3,95.29,1
2313609,CE,Nordeste,3,95.13,1
2313708,CE,Nordeste,3,88.49,1
2313757,CE,Nordeste,3,82.27,1
2313807,CE,Nordeste,3,82.16,1
2313906,CE,Nordeste,3,99.01,1
2313955,CE,Nordeste,3,98.06,1
2314003,CE,Nordeste,3,90.9,1
2314102,CE,Nordeste,3,90.22,1
2400109,RN,Nordeste,2,38.21,0
2400208,RN,Nordeste,2,40.86,0
2400406,RN,Nordeste,2,39.66,0
2400505,RN,Nordeste,2,58.98,1
2400604,RN,Nordeste,2,21.43,1
2400703,RN,Nordeste,2,52.52,0
2400802,RN,Nordeste,2,51.81,1
2400901,RN,Nordeste,2,37.67,1
2401008,RN,Nordeste,2,48.86,1
2401107,RN,Nordeste,2,39.95,0
2401206,RN,Nordeste,2,31.22,0
2401305,RN,Nordeste,2,43.77,1
2401404,RN,Nordeste,2,35.36,1
2401453,RN,Nordeste,2,44.48,1
2401503,RN,Nordeste,3,74.35,1
2401602,RN,Nordeste,2,29.29,1
2401651,RN,Nordeste,3,60.0,0
2401859,RN,Nordeste,2,26.47,0
2401909,RN,Nordeste,2,32.54,0
2402006,RN,Nordeste,2,44.58,1
2402105,RN,Nordeste,2,39.72,1
2402204,RN,Nordeste,2,32.26,0
2402303,RN,Nordeste,2,39.56,1
2402402,RN,Nordeste,2,29.88,0
2402501,RN,Nordeste,2,42.31,1
2402709,RN,Nordeste,2,40.95,0
2402808,RN,Nordeste,2,32.68,0
2402907,RN,Nordeste,2,47.83,1
2403004,RN,Nordeste,2,60.81,1
2403103,RN,Nordeste,2,46.77,0
2403202,RN,Nordeste,2,53.06,0
2403251,RN,Nordeste,2,35.27,0
2403301,RN,Nordeste,2,67.02,1
2403400,RN,Nordeste,2,59.19,1
2403608,RN,Nordeste,2,34.55,0
2403707,RN,Nordeste,2,51.71,0
2403756,RN,Nordeste,2,58.82,1
2403806,RN,Nordeste,2,43.75,1
2403905,RN,Nordeste,2,78.95,1
2404002,RN,Nordeste,2,47.06,1
2404101,RN,Nordeste,2,55.2,1
2404200,RN,Nordeste,2,35.33,1
2404309,RN,Nordeste,2,48.2,0
2404408,RN,Nordeste,2,65.35,1
2404606,RN,Nordeste,2,30.13,0
2404705,RN,Nordeste,2,43.03,1
2404853,RN,Nordeste,2,40.01,0
2404903,RN,Nordeste,2,51.63,0
2405009,RN,Nordeste,2,39.09,0
2405108,RN,Nordeste,2,29.91,0
2405207,RN,Nordeste,2,37.93,1
2405405,RN,Nordeste,2,31.34,1
2405504,RN,Nordeste,2,31.58,1
2405603,RN,Nordeste,2,63.05,1
2405702,RN,Nordeste,2,56.51,1
2405801,RN,Nordeste,2,35.88,1
2405900,RN,Nordeste,2,38.89,0
2406106,RN,Nordeste,2,43.69,1
2406304,RN,Nordeste,2,28.89,0
2406403,RN,Nordeste,2,29.67,0
2406502,RN,Nordeste,2,35.61,0
2406601,RN,Nordeste,2,64.22,1
2406700,RN,Nordeste,2,36.01,0
2406908,RN,Nordeste,2,42.86,1
2407005,RN,Nordeste,2,26.6,0
2407104,RN,Nordeste,2,30.13,0
2407203,RN,Nordeste,2,32.32,0
2407252,RN,Nordeste,2,60.04,1
2407302,RN,Nordeste,2,22.73,0
2407401,RN,Nordeste,2,53.91,1
2407609,RN,Nordeste,2,26.32,1
2407708,RN,Nordeste,2,44.2,0
2407807,RN,Nordeste,2,50.97,0
2407906,RN,Nordeste,2,32.92,0
2408003,RN,Nordeste,2,45.41,1
2408201,RN,Nordeste,2,49.76,1
2408300,RN,Nordeste,2,28.42,0
2408409,RN,Nordeste,2,30.77,0
2408508,RN,Nordeste,2,73.61,1
2408805,RN,Nordeste,2,28.27,0
2408904,RN,Nordeste,2,50.73,1
2408953,RN,Nordeste,2,31.56,1
2409100,RN,Nordeste,2,41.07,1
2409209,RN,Nordeste,2,50.69,0
2409308,RN,Nordeste,2,32.76,0
2409407,RN,Nordeste,2,38.9,0
2409506,RN,Nordeste,2,44.5,0
2409605,RN,Nordeste,2,37.5,0
2409704,RN,Nordeste,2,21.89,0
2409803,RN,Nordeste,2,23.56,0
2409902,RN,Nordeste,2,33.3,0
2410009,RN,Nordeste,3,63.16,0
2410207,RN,Nordeste,2,65.36,1
2410256,RN,Nordeste,2,42.47,0
2410405,RN,Nordeste,2,36.22,0
2410504,RN,Nordeste,2,41.81,0
2410603,RN,Nordeste,2,67.22,1
2410702,RN,Nordeste,2,37.5,1
2410801,RN,Nordeste,2,53.36,1
2410900,RN,Nordeste,2,27.78,0
2411007,RN,Nordeste,2,41.06,1
2411106,RN,Nordeste,2,35.0,0
2411205,RN,Nordeste,2,32.73,1
2411403,RN,Nordeste,2,51.92,1
2411429,RN,Nordeste,2,40.91,0
2411502,RN,Nordeste,2,23.56,0
2411601,RN,Nordeste,2,32.17,0
2411700,RN,Nordeste,2,33.62,0
2411908,RN,Nordeste,3,68.97,1
2412005,RN,Nordeste,2,32.48,0
2412104,RN,Nordeste,2,71.7,1
2412203,RN,Nordeste,2,34.77,0
2412302,RN,Nordeste,2,49.42,1
2412401,RN,Nordeste,2,56.41,1
2412500,RN,Nordeste,2,44.85,0
2412807,RN,Nordeste,2,25.47,0
2412906,RN,Nordeste,2,37.72,1
2413003,RN,Nordeste,3,47.83,0
2413201,RN,Nordeste,2,27.46,0
2413300,RN,Nordeste,2,42.09,1
2413359,RN,Nordeste,2,27.68,0
2413409,RN,Nordeste,2,31.59,0
2413508,RN,Nordeste,2,48.08,0
2413557,RN,Nordeste,3,62.68,1
2413607,RN,Nordeste,3,47.88,0
2413706,RN,Nordeste,2,48.74,1
2413805,RN,Nordeste,2,73.08,1
2413904,RN,Nordeste,2,17.68,0
2414001,RN,Nordeste,2,36.85,0
2414100,RN,Nordeste,2,52.25,1
2414159,RN,Nordeste,2,37.18,0
2414209,RN,Nordeste,2,24.98,1
2414308,RN,Nordeste,2,40.0,1
2414407,RN,Nordeste,2,38.35,1
2414704,RN,Nordeste,2,45.68,1
2414753,RN,Nordeste,2,53.85,1
2414803,RN,Nordeste,2,43.56,0
2414902,RN,Nordeste,3,61.9,0
2415008,RN,Nordeste,2,39.06,1
2500106,PB,Nordeste,2,52.67,0
2500205,PB,Nordeste,3,61.96,0
2500304,PB,Nordeste,2,28.48,0
2500403,PB,Nordeste,2,89.39,1
2500502,PB,Nordeste,2,53.1,0
2500536,PB,Nordeste,2,45.86,0
2500577,PB,Nordeste,2,50.16,1
2500601,PB,Nordeste,2,30.75,0
2500700,PB,Nordeste,2,72.85,1
2500734,PB,Nordeste,3,41.89,0
2500775,PB,Nordeste,2,62.41,1
2500809,PB,Nordeste,3,47.88,0
2500908,PB,Nordeste,2,52.9,1
2501005,PB,Nordeste,2,40.53,0
2501104,PB,Nordeste,3,90.53,1
2501153,PB,Nordeste,2,36.36,1
2501203,PB,Nordeste,3,70.75,0
2501302,PB,Nordeste,3,44.46,0
2501351,PB,Nordeste,3,93.96,1
2501401,PB,Nordeste,2,44.76,1
2501500,PB,Nordeste,2,54.93,0
2501534,PB,Nordeste,3,89.76,1
2501575,PB,Nordeste,2,49.18,1
2501609,PB,Nordeste,2,45.83,0
2501708,PB,Nordeste,3,78.61,1
2501807,PB,Nordeste,2,36.71,0
2501906,PB,Nordeste,2,34.72,0
2502003,PB,Nordeste,2,40.07,0
2502052,PB,Nordeste,3,93.94,1
2502102,PB,Nordeste,2,47.71,1
2502151,PB,Nordeste,3,49.49,0
2502201,PB,Nordeste,2,68.42,1
2502300,PB,Nordeste,3,45.24,0
2502409,PB,Nordeste,2,60.93,1
2502508,PB,Nordeste,2,37.65,0
2502607,PB,Nordeste,2,79.06,1
2502706,PB,Nordeste,3,67.57,0
2502805,PB,Nordeste,2,51.6,0
2502904,PB,Nordeste,2,64.03,1
2503001,PB,Nordeste,2,29.81,0
2503100,PB,Nordeste,3,89.73,1
2503209,PB,Nordeste,2,57.26,1
2503308,PB,Nordeste,2,52.23,1
2503407,PB,Nordeste,3,52.5,0
2503506,PB,Nordeste,3,63.3,0
2503555,PB,Nordeste,2,47.9,1
2503605,PB,Nordeste,3,72.22,1
2503704,PB,Nordeste,2,50.91,0
2503803,PB,Nordeste,2,32.4,0
2503902,PB,Nordeste,2,68.64,1
2504009,PB,Nordeste,2,47.92,0
2504033,PB,Nordeste,2,60.4,1
2504074,PB,Nordeste,3,87.82,1
2504108,PB,Nordeste,3,91.67,1
2504157,PB,Nordeste,2,58.51,1
2504207,PB,Nordeste,2,96.08,1
2504306,PB,Nordeste,2,45.82,0
2504355,PB,Nordeste,3,76.68,1
2504405,PB,Nordeste,3,96.17,1
2504504,PB,Nordeste,2,46.13,0
2504603,PB,Nordeste,3,69.48,1
2504702,PB,Nordeste,2,40.66,0
2504801,PB,Nordeste,3,48.71,0
2504850,PB,Nordeste,3,93.33,1
2504900,PB,Nordeste,2,47.63,0
2505006,PB,Nordeste,3,97.47,1
2505105,PB,Nordeste,2,62.2,1
2505204,PB,Nordeste,2,24.78,0
2505238,PB,Nordeste,2,22.16,1
2505279,PB,Nordeste,2,55.56,0
2505303,PB,Nordeste,2,62.5,1
2505352,PB,Nordeste,2,50.86,1
2505402,PB,Nordeste,2,45.8,0
2505501,PB,Nordeste,2,58.31,1
2505600,PB,Nordeste,2,72.15,1
2505709,PB,Nordeste,3,96.29,1
2505808,PB,Nordeste,2,60.0,1
2505907,PB,Nordeste,2,38.1,0
2506004,PB,Nordeste,3,64.21,0
2506103,PB,Nordeste,2,41.67,0
2506202,PB,Nordeste,2,71.43,1
2506251,PB,Nordeste,3,70.71,0
2506301,PB,Nordeste,2,59.62,1
2506400,PB,Nordeste,2,27.02,0
2506509,PB,Nordeste,3,100.0,1
2506608,PB,Nordeste,2,58.62,1
2506707,PB,Nordeste,3,39.64,0
2506806,PB,Nordeste,2,37.97,0
2506905,PB,Nordeste,2,54.38,1
2507002,PB,Nordeste,2,48.7,1
2507101,PB,Nordeste,3,84.21,1
2507200,PB,Nordeste,2,36.64,1
2507309,PB,Nordeste,2,51.18,1
2507408,PB,Nordeste,2,23.83,0
2507507,PB,Nordeste,2,55.87,1
2507606,PB,Nordeste,2,35.79,0
2507705,PB,Nordeste,2,45.45,0
2507804,PB,Nordeste,3,76.21,1
2507903,PB,Nordeste,2,46.57,0
2508000,PB,Nordeste,3,47.76,0
2508109,PB,Nordeste,2,59.38,1
2508208,PB,Nordeste,3,42.8,0
2508307,PB,Nordeste,3,46.71,0
2508406,PB,Nordeste,2,82.76,1
2508505,PB,Nordeste,2,55.32,1
2508554,PB,Nordeste,3,94.6,1
2508604,PB,Nordeste,2,44.96,0
2508703,PB,Nordeste,3,63.64,0
2508802,PB,Nordeste,3,48.74,0
2508901,PB,Nordeste,2,68.65,1
2509008,PB,Nordeste,3,50.66,0
2509057,PB,Nordeste,2,24.23,0
2509107,PB,Nordeste,2,70.06,1
2509156,PB,Nordeste,3,98.16,1
2509206,PB,Nordeste,2,40.69,0
2509305,PB,Nordeste,3,50.43,0
2509339,PB,Nordeste,3,72.67,0
2509370,PB,Nordeste,2,18.18,0
2509396,PB,Nordeste,2,60.76,1
2509404,PB,Nordeste,3,60.61,0
2509503,PB,Nordeste,3,82.33,1
2509602,PB,Nordeste,3,93.4,1
2509701,PB,Nordeste,2,61.09,1
2509800,PB,Nordeste,2,54.12,0
2509909,PB,Nordeste,2,47.23,0
2510006,PB,Nordeste,2,63.86,1
2510105,PB,Nordeste,3,67.53,0
2510204,PB,Nordeste,2,38.04,0
2510303,PB,Nordeste,3,76.75,1
2510402,PB,Nordeste,3,89.36,1
2510501,PB,Nordeste,2,41.57,0
2510600,PB,Nordeste,3,100.0,1
2510709,PB,Nordeste,3,66.67,0
2510808,PB,Nordeste,2,67.47,1
2510907,PB,Nordeste,2,40.28,0
2511004,PB,Nordeste,3,69.89,0
2511103,PB,Nordeste,3,83.68,1
2511202,PB,Nordeste,2,48.58,1
2511301,PB,Nordeste,2,38.92,0
2511400,PB,Nordeste,2,42.85,0
2511509,PB,Nordeste,3,38.07,0
2511608,PB,Nordeste,2,61.18,1
2511707,PB,Nordeste,3,56.06,0
2511806,PB,Nordeste,2,41.49,1
2511905,PB,Nordeste,3,51.59,0
2512002,PB,Nordeste,2,54.09,1
2512036,PB,Nordeste,2,81.67,1
2512101,PB,Nordeste,3,65.57,1
2512200,PB,Nordeste,2,63.28,1
2512309,PB,Nordeste,3,86.29,1
2512408,PB,Nordeste,3,62.11,0
2512507,PB,Nordeste,3,92.65,1
2512606,PB,Nordeste,3,45.45,0
2512705,PB,Nordeste,2,49.27,0
2512721,PB,Nordeste,2,23.99,0
2512747,PB,Nordeste,3,70.37,1
2512754,PB,Nordeste,2,46.23,0
2512762,PB,Nordeste,3,75.0,1
2512788,PB,Nordeste,3,55.56,0
2512804,PB,Nordeste,3,44.22,0
2512903,PB,Nordeste,3,60.02,0
2513000,PB,Nordeste,3,83.93,1
2513109,PB,Nordeste,3,40.52,0
2513158,PB,Nordeste,2,48.11,1
2513208,PB,Nordeste,3,86.28,1
2513307,PB,Nordeste,3,96.58,1
2513356,PB,Nordeste,2,39.01,0
2513406,PB,Nordeste,2,54.05,0
2513505,PB,Nordeste,3,100.0,1
2513604,PB,Nordeste,2,52.77,1
2513653,PB,Nordeste,2,90.09,1
2513703,PB,Nordeste,2,35.79,0
2513802,PB,Nordeste,2,42.77,0
2513851,PB,Nordeste,2,35.81,0
2513901,PB,Nordeste,2,46.87,0
2513927,PB,Nordeste,3,60.02,0
2513943,PB,Nordeste,3,100.0,1
2513968,PB,Nordeste,3,54.55,0
2513984,PB,Nordeste,3,97.5,1
2514008,PB,Nordeste,2,60.71,1
2514107,PB,Nordeste,2,48.38,1
2514206,PB,Nordeste,3,59.52,0
2514305,PB,Nordeste,2,52.39,0
2514404,PB,Nordeste,2,44.79,0
2514453,PB,Nordeste,2,27.36,0
2514503,PB,Nordeste,2,55.77,1
2514552,PB,Nordeste,3,81.82,1
2514602,PB,Nordeste,2,29.62,1
2514651,PB,Nordeste,2,30.0,0
2514701,PB,Nordeste,2,48.54,0
2514800,PB,Nordeste,3,95.24,1
2514909,PB,Nordeste,2,49.02,1
2515005,PB,Nordeste,2,100.0,1
2515104,PB,Nordeste,3,57.17,0
2515203,PB,Nordeste,3,69.29,0
2515302,PB,Nordeste,2,39.0,0
2515401,PB,Nordeste,2,54.16,0
2515500,PB,Nordeste,2,54.35,0
2515609,PB,Nordeste,2,48.92,1
2515708,PB,Nordeste,2,70.82,1
2515807,PB,Nordeste,2,85.71,1
2515906,PB,Nordeste,3,74.71,0
2515930,PB,Nordeste,3,75.35,1
2515971,PB,Nordeste,2,40.74,0
2516003,PB,Nordeste,3,45.73,0
2516102,PB,Nordeste,2,47.26,1
2516151,PB,Nordeste,2,66.62,1
2516201,PB,Nordeste,2,66.52,1
2516300,PB,Nordeste,2,64.53,1
2516409,PB,Nordeste,3,77.72,1
2516508,PB,Nordeste,3,90.59,1
2516607,PB,Nordeste,3,67.47,0
2516706,PB,Nordeste,3,81.85,1
2516755,PB,Nordeste,3,48.73,0
2516805,PB,Nordeste,2,63.35,1
2516904,PB,Nordeste,3,44.45,0
2517001,PB,Nordeste,2,79.38,1
2517100,PB,Nordeste,2,62.96,1
2517209,PB,Nordeste,2,64.36,1
2517407,PB,Nordeste,3,64.73,0
2600054,PE,Nordeste,2,46.4,0
2600104,PE,Nordeste,3,70.19,1
2600203,PE,Nordeste,2,59.87,1
2600302,PE,Nordeste,3,64.09,0
2600401,PE,Nordeste,3,55.57,0
2600500,PE,Nordeste,3,59.77,0
2600609,PE,Nordeste,2,53.87,1
2600708,PE,Nordeste,2,39.22,0
2600807,PE,Nordeste,3,68.08,1
2600906,PE,Nordeste,3,55.29,0
2601003,PE,Nordeste,3,62.41,0
2601052,PE,Nordeste,2,53.49,1
2601102,PE,Nordeste,2,52.06,0
2601201,PE,Nordeste,3,70.04,1
2601300,PE,Nordeste,3,86.54,1
2601409,PE,Nordeste,3,53.05,0
2601508,PE,Nordeste,3,79.67,1
2601607,PE,Nordeste,2,62.62,1
2601706,PE,Nordeste,2,43.93,0
2601805,PE,Nordeste,3,76.97,1
2601904,PE,Nordeste,2,56.84,1
2602001,PE,Nordeste,2,47.32,0
2602100,PE,Nordeste,3,60.74,0
2602209,PE,Nordeste,3,69.15,1
2602308,PE,Nordeste,3,79.75,1
2602407,PE,Nordeste,3,86.18,1
2602506,PE,Nordeste,3,79.05,1
2602605,PE,Nordeste,2,48.73,0
2602704,PE,Nordeste,3,85.53,1
2602803,PE,Nordeste,2,55.5,0
2602902,PE,Nordeste,2,50.72,0
2603009,PE,Nordeste,3,61.21,0
2603108,PE,Nordeste,3,63.59,1
2603207,PE,Nordeste,2,57.25,1
2603306,PE,Nordeste,2,40.68,0
2603405,PE,Nordeste,3,86.03,1
2603454,PE,Nordeste,3,57.57,0
2603504,PE,Nordeste,3,68.51,1
2603603,PE,Nordeste,3,66.81,1
2603702,PE,Nordeste,2,65.49,1
2603801,PE,Nordeste,2,69.34,1
2603900,PE,Nordeste,3,92.5,1
2603926,PE,Nordeste,3,100.0,1
2604007,PE,Nordeste,3,59.18,0
2604106,PE,Nordeste,2,58.37,0
2604155,PE,Nordeste,3,84.85,1
2604205,PE,Nordeste,2,21.83,0
2604304,PE,Nordeste,2,63.12,1
2604403,PE,Nordeste,3,63.28,0
2604502,PE,Nordeste,2,58.51,0
2604601,PE,Nordeste,2,43.24,0
2604700,PE,Nordeste,3,71.97,1
2604809,PE,Nordeste,3,70.4,1
2604908,PE,Nordeste,3,95.06,1
2605004,PE,Nordeste,3,88.96,1
2605103,PE,Nordeste,3,84.57,1
2605152,PE,Nordeste,3,83.37,1
2605202,PE,Nordeste,2,30.48,0
2605301,PE,Nordeste,2,55.21,0
2605400,PE,Nordeste,3,83.27,1
2605509,PE,Nordeste,2,41.36,0
2605608,PE,Nordeste,3,68.28,0
2605707,PE,Nordeste,2,51.67,1
2605806,PE,Nordeste,3,70.68,1
2605905,PE,Nordeste,3,77.37,1
2606002,PE,Nordeste,3,69.75,1
2606101,PE,Nordeste,3,66.22,0
2606200,PE,Nordeste,2,45.89,0
2606309,PE,Nordeste,2,68.11,1
2606408,PE,Nordeste,2,43.1,0
2606507,PE,Nordeste,3,82.26,1
2606606,PE,Nordeste,2,61.76,1
2606705,PE,Nordeste,2,62.42,1
2606804,PE,Nordeste,3,66.97,1
2606903,PE,Nordeste,3,83.67,1
2607000,PE,Nordeste,3,79.7,1
2607109,PE,Nordeste,3,89.89,1
2607208,PE,Nordeste,3,64.15,0
2607307,PE,Nordeste,3,70.08,0
2607406,PE,Nordeste,3,48.57,0
2607505,PE,Nordeste,3,58.6,0
2607604,PE,Nordeste,2,50.6,0
2607653,PE,Nordeste,2,43.31,0
2607703,PE,Nordeste,3,89.12,1
2607752,PE,Nordeste,3,82.95,1
2607802,PE,Nordeste,2,57.35,1
2607901,PE,Nordeste,2,54.98,0
2607950,PE,Nordeste,3,81.67,1
2608008,PE,Nordeste,2,37.15,0
2608057,PE,Nordeste,3,68.05,0
2608107,PE,Nordeste,3,75.79,1
2608206,PE,Nordeste,2,47.34,0
2608255,PE,Nordeste,2,68.81,1
2608305,PE,Nordeste,3,68.61,1
2608404,PE,Nordeste,2,60.64,1
2608453,PE,Nordeste,2,59.78,1
2608503,PE,Nordeste,3,79.42,1
2608602,PE,Nordeste,3,85.39,1
2608701,PE,Nordeste,3,86.35,1
2608750,PE,Nordeste,3,67.55,1
2608800,PE,Nordeste,2,57.42,1
2608909,PE,Nordeste,3,67.03,0
2609006,PE,Nordeste,3,81.95,1
2609105,PE,Nordeste,3,96.75,1
2609154,PE,Nordeste,2,52.89,0
2609204,PE,Nordeste,3,58.48,0
2609303,PE,Nordeste,2,57.83,1
2609402,PE,Nordeste,2,43.93,0
2609501,PE,Nordeste,2,56.96,0
2609600,PE,Nordeste,3,62.29,0
2609709,PE,Nordeste,3,91.54,1
2609808,PE,Nordeste,2,50.86,0
2609907,PE,Nordeste,2,30.78,0
2610004,PE,Nordeste,2,64.85,1
2610103,PE,Nordeste,3,59.45,0
2610202,PE,Nordeste,3,94.53,1
2610301,PE,Nordeste,3,66.67,0
2610400,PE,Nordeste,2,58.91,1
2610509,PE,Nordeste,3,76.23,1
2610608,PE,Nordeste,3,66.03,1
2610707,PE,Nordeste,2,55.54,0
2610806,PE,Nordeste,2,54.87,1
2610905,PE,Nordeste,3,64.38,1
2611002,PE,Nordeste,2,66.17,1
2611101,PE,Nordeste,3,70.25,1
2611200,PE,Nordeste,3,64.18,0
2611309,PE,Nordeste,2,40.45,0
2611408,PE,Nordeste,3,50.41,0
2611507,PE,Nordeste,2,58.1,1
2611533,PE,Nordeste,3,87.04,1
2611606,PE,Nordeste,3,54.36,0
2611705,PE,Nordeste,3,68.11,1
2611804,PE,Nordeste,3,65.68,1
2611903,PE,Nordeste,3,90.91,1
2612000,PE,Nordeste,3,81.01,1
2612109,PE,Nordeste,3,92.16,1
2612208,PE,Nordeste,3,75.13,0
2612307,PE,Nordeste,3,78.66,1
2612406,PE,Nordeste,2,65.85,1
2612455,PE,Nordeste,3,69.1,0
2612471,PE,Nordeste,3,87.09,1
2612505,PE,Nordeste,2,55.94,0
2612554,PE,Nordeste,2,53.14,0
2612604,PE,Nordeste,2,64.37,1
2612703,PE,Nordeste,3,70.05,0
2612802,PE,Nordeste,3,79.68,1
2612901,PE,Nordeste,2,71.07,1
2613008,PE,Nordeste,3,64.03,1
2613107,PE,Nordeste,2,53.17,1
2613206,PE,Nordeste,3,54.47,0
2613305,PE,Nordeste,3,72.13,1
2613404,PE,Nordeste,2,39.24,0
2613503,PE,Nordeste,2,60.42,1
2613602,PE,Nordeste,3,73.38,1
2613701,PE,Nordeste,2,53.32,1
2613800,PE,Nordeste,2,42.6,0
2613909,PE,Nordeste,3,77.92,1
2614006,PE,Nordeste,2,59.7,1
2614105,PE,Nordeste,3,56.65,0
2614204,PE,Nordeste,3,74.49,1
2614303,PE,Nordeste,2,56.94,1
2614402,PE,Nordeste,3,93.99,1
2614501,PE,Nordeste,2,58.71,0
2614600,PE,Nordeste,3,69.1,0
2614709,PE,Nordeste,2,43.99,0
2614808,PE,Nordeste,3,73.8,1
2614857,PE,Nordeste,2,57.18,1
2615003,PE,Nordeste,3,59.64,0
2615102,PE,Nordeste,3,76.08,1
2615201,PE,Nordeste,3,71.07,1
2615300,PE,Nordeste,3,77.57,1
2615409,PE,Nordeste,2,63.95,1
2615508,PE,Nordeste,3,73.31,1
2615607,PE,Nordeste,3,69.13,1
2615706,PE,Nordeste,3,80.64,1
2615805,PE,Nordeste,3,68.38,0
2615904,PE,Nordeste,3,82.52,1
2616001,PE,Nordeste,2,59.29,1
2616100,PE,Nordeste,3,68.84,1
2616183,PE,Nordeste,3,82.94,1
2616209,PE,Nordeste,2,56.85,0
2616308,PE,Nordeste,3,68.15,1
2616407,PE,Nordeste,2,50.66,0
2616506,PE,Nordeste,3,81.33,1
2700102,AL,Nordeste,2,48.8,0
2700201,AL,Nordeste,2,45.26,0
2700300,AL,Nordeste,2,43.75,0
2700409,AL,Nordeste,2,44.27,1
2700508,AL,Nordeste,2,32.98,0
2700607,AL,Nordeste,2,39.04,1
2700706,AL,Nordeste,2,45.96,1
2700805,AL,Nordeste,3,64.57,1
2700904,AL,Nordeste,3,98.82,1
2701001,AL,Nordeste,3,88.19,1
2701100,AL,Nordeste,3,79.89,1
2701209,AL,Nordeste,2,54.19,1
2701308,AL,Nordeste,2,33.4,0
2701357,AL,Nordeste,2,62.12,1
2701407,AL,Nordeste,3,67.45,0
2701506,AL,Nordeste,2,37.4,0
2701605,AL,Nordeste,2,62.21,1
2701704,AL,Nordeste,2,42.53,0
2701803,AL,Nordeste,2,38.85,0
2701902,AL,Nordeste,2,51.71,1
2702009,AL,Nordeste,3,77.24,1
2702108,AL,Nordeste,3,73.25,0
2702207,AL,Nordeste,2,54.67,1
2702306,AL,Nordeste,3,92.03,1
2702355,AL,Nordeste,2,67.43,1
2702405,AL,Nordeste,2,28.13,0
2702504,AL,Nordeste,2,64.23,1
2702553,AL,Nordeste,2,36.15,0
2702603,AL,Nordeste,2,44.46,1
2702702,AL,Nordeste,2,45.9,1
2702801,AL,Nordeste,2,49.34,1
2702900,AL,Nordeste,2,39.96,0
2703007,AL,Nordeste,3,54.43,0
2703106,AL,Nordeste,2,24.34,0
2703205,AL,Nordeste,2,50.74,0
2703304,AL,Nordeste,3,83.03,1
2703403,AL,Nordeste,2,54.66,1
2703502,AL,Nordeste,3,77.02,1
2703601,AL,Nordeste,2,27.69,0
2703700,AL,Nordeste,2,40.27,0
2703759,AL,Nordeste,3,95.65,1
2703809,AL,Nordeste,2,27.93,0
2703908,AL,Nordeste,2,44.34,1
2704005,AL,Nordeste,2,56.66,0
2704104,AL,Nordeste,2,44.19,0
2704203,AL,Nordeste,2,44.61,0
2704302,AL,Nordeste,2,40.95,0
2704401,AL,Nordeste,2,37.84,0
2704500,AL,Nordeste,2,45.6,1
2704609,AL,Nordeste,3,74.38,1
2704708,AL,Nordeste,2,46.23,0
2704807,AL,Nordeste,2,41.5,0
2704906,AL,Nordeste,3,57.65,0
2705002,AL,Nordeste,2,42.45,0
2705101,AL,Nordeste,2,48.77,1
2705200,AL,Nordeste,2,41.87,1
2705309,AL,Nordeste,2,27.99,0
2705408,AL,Nordeste,2,31.11,0
2705507,AL,Nordeste,3,84.41,1
2705606,AL,Nordeste,2,39.85,1
2705705,AL,Nordeste,2,45.46,0
2705804,AL,Nordeste,2,36.22,0
2705903,AL,Nordeste,3,82.14,1
2706000,AL,Nordeste,3,80.79,1
2706109,AL,Nordeste,2,52.43,1
2706208,AL,Nordeste,2,51.18,1
2706307,AL,Nordeste,2,38.67,0
2706406,AL,Nordeste,2,55.26,1
2706422,AL,Nordeste,2,68.76,1
2706448,AL,Nordeste,2,35.8,0
2706505,AL,Nordeste,2,32.59,0
2706604,AL,Nordeste,2,38.46,0
2706703,AL,Nordeste,2,42.23,0
2706802,AL,Nordeste,2,42.39,1
2706901,AL,Nordeste,2,45.81,1
2707008,AL,Nordeste,2,48.15,1
2707107,AL,Nordeste,2,25.08,0
2707206,AL,Nordeste,2,48.87,1
2707305,AL,Nordeste,2,45.99,1
2707404,AL,Nordeste,2,27.47,0
2707503,AL,Nordeste,3,83.74,1
2707602,AL,Nordeste,3,61.05,0
2707701,AL,Nordeste,2,38.78,0
2707800,AL,Nordeste,3,45.95,0
2707909,AL,Nordeste,2,38.52,0
2708006,AL,Nordeste,2,44.16,1
2708105,AL,Nordeste,3,97.67,1
2708204,AL,Nordeste,3,70.72,1
2708303,AL,Nordeste,3,95.31,1
2708402,AL,Nordeste,2,50.43,0
2708501,AL,Nordeste,2,53.64,1
2708600,AL,Nordeste,2,57.17,1
2708709,AL,Nordeste,2,50.67,1
2708808,AL,Nordeste,2,42.43,0
2708907,AL,Nordeste,2,55.11,1
2708956,AL,Nordeste,2,57.08,1
2709004,AL,Nordeste,2,53.45,1
2709103,AL,Nordeste,2,38.96,0
2709152,AL,Nordeste,2,57.59,1
2709202,AL,Nordeste,2,47.49,1
2709301,AL,Nordeste,3,94.75,1
2709400,AL,Nordeste,2,49.91,1
2800100,SE,Nordeste,2,50.0,1
2800209,SE,Nordeste,2,20.53,0
2800308,SE,Nordeste,2,47.18,1
2800407,SE,Nordeste,2,28.6,0
2800506,SE,Nordeste,2,44.81,1
2800605,SE,Nordeste,2,28.04,0
2800670,SE,Nordeste,2,33.02,1
2800704,SE,Nordeste,2,34.6,1
2801009,SE,Nordeste,2,41.74,0
2801108,SE,Nordeste,2,64.29,1
2801207,SE,Nordeste,2,26.66,0
2801306,SE,Nordeste,2,35.78,0
2801405,SE,Nordeste,2,34.24,0
2801504,SE,Nordeste,2,16.16,0
2801603,SE,Nordeste,2,45.3,1
2801702,SE,Nordeste,2,34.73,1
2801900,SE,Nordeste,2,54.53,1
2802007,SE,Nordeste,2,19.53,0
2802106,SE,Nordeste,2,29.77,0
2802205,SE,Nordeste,2,26.0,0
2802304,SE,Nordeste,2,37.21,1
2802403,SE,Nordeste,2,36.4,1
2802502,SE,Nordeste,2,21.91,0
2802601,SE,Nordeste,2,16.67,0
2802700,SE,Nordeste,2,16.26,0
2802809,SE,Nordeste,2,34.31,0
2802908,SE,Nordeste,2,41.79,1
2803005,SE,Nordeste,3,58.61,0
2803104,SE,Nordeste,2,33.65,1
2803203,SE,Nordeste,2,39.49,1
2803302,SE,Nordeste,2,58.28,1
2803401,SE,Nordeste,2,39.3,1
2803500,SE,Nordeste,2,31.27,0
2803609,SE,Nordeste,2,27.35,1
2803708,SE,Nordeste,2,29.17,0
2803807,SE,Nordeste,2,37.63,0
2803906,SE,Nordeste,2,36.75,0
2804003,SE,Nordeste,2,31.19,1
2804102,SE,Nordeste,2,58.01,1
2804201,SE,Nordeste,2,35.07,1
2804300,SE,Nordeste,2,22.01,1
2804409,SE,Nordeste,2,25.49,0
2804458,SE,Nordeste,2,59.01,1
2804508,SE,Nordeste,2,31.24,0
2804607,SE,Nordeste,2,28.39,0
2804706,SE,Nordeste,2,58.77,1
2804805,SE,Nordeste,2,29.8,1
2804904,SE,Nordeste,2,28.56,1
2805000,SE,Nordeste,2,47.76,0
2805109,SE,Nordeste,2,11.52,0
2805208,SE,Nordeste,2,40.26,1
2805307,SE,Nordeste,2,37.68,1
2805406,SE,Nordeste,2,26.61,1
2805505,SE,Nordeste,2,40.54,1
2805604,SE,Nordeste,2,16.87,0
2805703,SE,Nordeste,2,29.59,1
2805802,SE,Nordeste,2,34.65,0
2805901,SE,Nordeste,2,31.48,1
2806008,SE,Nordeste,2,38.48,0
2806107,SE,Nordeste,2,39.01,0
2806206,SE,Nordeste,2,44.89,1
2806305,SE,Nordeste,2,22.15,0
2806404,SE,Nordeste,2,22.21,0
2806503,SE,Nordeste,2,26.74,0
2806602,SE,Nordeste,2,26.79,0
2806701,SE,Nordeste,3,68.53,1
2806800,SE,Nordeste,2,29.79,0
2806909,SE,Nordeste,2,81.25,1
2807006,SE,Nordeste,2,46.34,1
2807105,SE,Nordeste,2,30.35,0
2807204,SE,Nordeste,2,52.4,0
2807303,SE,Nordeste,2,42.47,1
2807402,SE,Nordeste,2,46.26,0
2807501,SE,Nordeste,2,40.43,0
2807600,SE,Nordeste,2,39.34,1
2900108,BA,Nordeste,2,42.42,1
2900207,BA,Nordeste,2,18.24,0
2900306,BA,Nordeste,2,59.14,1
2900355,BA,Nordeste,2,42.45,0
2900405,BA,Nordeste,2,30.43,1
2900504,BA,Nordeste,3,37.21,0
2900603,BA,Nordeste,2,26.32,0
2900702,BA,Nordeste,2,36.64,0
2900801,BA,Nordeste,2,29.6,0
2900900,BA,Nordeste,2,23.91,0
2901007,BA,Nordeste,2,51.0,0
2901106,BA,Nordeste,2,47.14,1
2901155,BA,Nordeste,2,43.23,1
2901205,BA,Nordeste,2,32.17,0
2901304,BA,Nordeste,2,47.79,0
2901353,BA,Nordeste,2,28.44,0
2901403,BA,Nordeste,2,28.44,0
2901502,BA,Nordeste,2,55.95,1
2901601,BA,Nordeste,2,23.17,0
2901700,BA,Nordeste,2,25.76,0
2901809,BA,Nordeste,2,25.32,0
2901908,BA,Nordeste,2,16.52,0
2901957,BA,Nordeste,2,43.24,0
2902005,BA,Nordeste,2,28.92,0
2902054,BA,Nordeste,2,38.26,0
2902104,BA,Nordeste,2,24.47,0
2902203,BA,Nordeste,2,17.95,0
2902252,BA,Nordeste,2,13.11,0
2902302,BA,Nordeste,2,60.0,1
2902401,BA,Nordeste,2,33.61,0
2902500,BA,Nordeste,2,35.92,0
2902609,BA,Nordeste,2,36.78,0
2902658,BA,Nordeste,2,36.73,0
2902708,BA,Nordeste,2,28.48,0
2902807,BA,Nordeste,2,47.17,0
2902906,BA,Nordeste,2,30.6,0
2903003,BA,Nordeste,2,32.43,0
2903102,BA,Nordeste,2,39.62,0
2903201,BA,Nordeste,2,36.09,0
2903235,BA,Nordeste,2,29.75,0
2903276,BA,Nordeste,2,46.15,0
2903300,BA,Nordeste,2,24.72,0
2903409,BA,Nordeste,2,33.93,0
2903508,BA,Nordeste,2,33.06,0
2903607,BA,Nordeste,2,29.82,1
2903706,BA,Nordeste,2,46.51,0
2903805,BA,Nordeste,2,32.14,0
2903904,BA,Nordeste,2,34.55,0
2903953,BA,Nordeste,2,24.44,0
2904001,BA,Nordeste,2,48.96,0
2904050,BA,Nordeste,2,34.0,0
2904100,BA,Nordeste,2,32.0,0
2904209,BA,Nordeste,3,47.37,0
2904308,BA,Nordeste,2,47.62,0
2904407,BA,Nordeste,2,40.43,0
2904605,BA,Nordeste,2,42.15,0
2904704,BA,Nordeste,2,29.37,0
2904803,BA,Nordeste,2,50.0,0
2904902,BA,Nordeste,2,33.06,1
2905008,BA,Nordeste,2,47.96,0
2905107,BA,Nordeste,2,36.71,0
2905156,BA,Nordeste,2,46.43,1
2905206,BA,Nordeste,2,39.02,0
2905305,BA,Nordeste,2,30.37,1
2905404,BA,Nordeste,2,32.87,0
2905503,BA,Nordeste,2,28.19,0
2905602,BA,Nordeste,2,24.61,0
2905701,BA,Nordeste,2,36.56,0
2905800,BA,Nordeste,2,28.39,0
2905909,BA,Nordeste,2,28.04,0
2906006,BA,Nordeste,2,39.03,0
2906105,BA,Nordeste,2,29.55,0
2906204,BA,Nordeste,2,33.73,0
2906303,BA,Nordeste,2,28.68,0
2906402,BA,Nordeste,2,30.77,0
2906501,BA,Nordeste,2,36.67,0
2906600,BA,Nordeste,2,41.67,0
2906709,BA,Nordeste,2,30.86,0
2906808,BA,Nordeste,2,23.19,0
2906824,BA,Nordeste,2,30.13,1
2906857,BA,Nordeste,2,45.45,1
2906873,BA,Nordeste,2,29.34,0
2906899,BA,Nordeste,2,35.56,0
2906907,BA,Nordeste,2,49.78,1
2907004,BA,Nordeste,2,33.04,0
2907103,BA,Nordeste,2,31.96,0
2907202,BA,Nordeste,2,20.93,1
2907301,BA,Nordeste,2,30.54,0
2907400,BA,Nordeste,2,25.71,1
2907509,BA,Nordeste,2,39.39,0
2907558,BA,Nordeste,2,50.85,0
2907608,BA,Nordeste,2,25.64,0
2907707,BA,Nordeste,2,36.19,0
2907806,BA,Nordeste,2,36.31,0
2907905,BA,Nordeste,2,31.09,0
2908002,BA,Nordeste,2,39.13,0
2908101,BA,Nordeste,2,51.69,0
2908200,BA,Nordeste,2,27.46,0
2908309,BA,Nordeste,2,41.18,0
2908408,BA,Nordeste,2,30.94,0
2908507,BA,Nordeste,2,37.5,0
2908606,BA,Nordeste,2,28.14,0
2908804,BA,Nordeste,2,40.62,1
2908903,BA,Nordeste,2,21.3,0
2909000,BA,Nordeste,3,52.46,0
2909109,BA,Nordeste,2,30.71,0
2909208,BA,Nordeste,2,36.04,1
2909307,BA,Nordeste,2,26.64,0
2909406,BA,Nordeste,2,41.9,0
2909505,BA,Nordeste,2,34.55,0
2909604,BA,Nordeste,2,43.05,0
2909703,BA,Nordeste,2,43.75,0
2909802,BA,Nordeste,2,33.56,0
2909901,BA,Nordeste,2,22.94,0
2910008,BA,Nordeste,2,41.07,0
2910057,BA,Nordeste,2,32.25,0
2910107,BA,Nordeste,2,42.74,0
2910206,BA,Nordeste,3,52.38,0
2910305,BA,Nordeste,2,35.29,0
2910404,BA,Nordeste,2,37.25,0
2910602,BA,Nordeste,2,23.96,0
2910701,BA,Nordeste,2,32.37,0
2910727,BA,Nordeste,2,38.37,0
2910750,BA,Nordeste,2,49.57,1
2910776,BA,Nordeste,2,45.45,0
2910800,BA,Nordeste,2,33.19,0
2910859,BA,Nordeste,2,36.76,1
2911006,BA,Nordeste,2,41.03,1
2911105,BA,Nordeste,2,28.21,1
2911204,BA,Nordeste,2,47.2,1
2911253,BA,Nordeste,2,47.37,0
2911303,BA,Nordeste,2,54.32,1
2911402,BA,Nordeste,2,29.69,0
2911501,BA,Nordeste,2,50.0,1
2911600,BA,Nordeste,2,29.08,0
2911659,BA,Nordeste,2,36.78,1
2911709,BA,Nordeste,2,46.39,0
2911808,BA,Nordeste,2,22.64,0
2911857,BA,Nordeste,2,36.36,0
2911907,BA,Nordeste,2,28.52,0
2912004,BA,Nordeste,3,61.19,0
2912202,BA,Nordeste,2,32.53,0
2912301,BA,Nordeste,2,50.0,0
2912400,BA,Nordeste,2,36.88,0
2912509,BA,Nordeste,2,46.81,0
2912608,BA,Nordeste,2,15.62,0
2912707,BA,Nordeste,2,22.06,0
2912806,BA,Nordeste,2,37.84,0
2912905,BA,Nordeste,2,37.44,0
2913002,BA,Nordeste,2,37.36,0
2913101,BA,Nordeste,2,28.0,0
2913200,BA,Nordeste,2,32.87,0
2913408,BA,Nordeste,2,42.57,0
2913457,BA,Nordeste,2,43.64,1
2913507,BA,Nordeste,2,31.48,0
2913606,BA,Nordeste,2,26.35,0
2913705,BA,Nordeste,2,30.13,0
2913804,BA,Nordeste,2,46.51,1
2913903,BA,Nordeste,2,25.15,0
2914000,BA,Nordeste,2,34.46,0
2914109,BA,Nordeste,3,59.15,0
2914208,BA,Nordeste,2,65.38,1
2914406,BA,Nordeste,2,44.24,0
2914604,BA,Nordeste,2,46.83,0
2914653,BA,Nordeste,2,24.92,0
2914703,BA,Nordeste,2,41.07,0
2914802,BA,Nordeste,2,29.75,0
2914901,BA,Nordeste,2,31.19,0
2915007,BA,Nordeste,2,45.45,0
2915106,BA,Nordeste,2,23.53,0
2915205,BA,Nordeste,2,44.21,1
2915304,BA,Nordeste,2,25.0,0
2915353,BA,Nordeste,2,32.8,1
2915403,BA,Nordeste,2,15.25,0
2915502,BA,Nordeste,2,34.09,0
2915601,BA,Nordeste,2,37.41,0
2915700,BA,Nordeste,2,36.76,0
2915809,BA,Nordeste,2,26.98,0
2916104,BA,Nordeste,2,28.57,0
2916203,BA,Nordeste,2,35.38,0
2916302,BA,Nordeste,2,23.44,1
2916401,BA,Nordeste,2,32.22,0
2916500,BA,Nordeste,2,51.23,1
2916609,BA,Nordeste,2,36.62,0
2916708,BA,Nordeste,2,34.25,0
2916807,BA,Nordeste,2,41.07,0
2916856,BA,Nordeste,2,54.22,0
2916906,BA,Nordeste,2,30.0,0
2917003,BA,Nordeste,2,21.05,0
2917102,BA,Nordeste,2,28.85,0
2917201,BA,Nordeste,2,43.98,0
2917300,BA,Nordeste,2,29.17,0
2917334,BA,Nordeste,2,25.53,0
2917359,BA,Nordeste,2,43.16,0
2917409,BA,Nordeste,3,56.86,0
2917508,BA,Nordeste,2,28.49,0
2917607,BA,Nordeste,2,53.7,1
2917706,BA,Nordeste,2,40.77,1
2917805,BA,Nordeste,2,46.85,1
2917904,BA,Nordeste,2,36.08,0
2918001,BA,Nordeste,2,39.48,0
2918100,BA,Nordeste,2,29.53,0
2918308,BA,Nordeste,2,40.82,1
2918357,BA,Nordeste,2,53.15,1
2918407,BA,Nordeste,2,29.31,0
2918506,BA,Nordeste,2,43.44,1
2918555,BA,Nordeste,2,31.58,0
2918605,BA,Nordeste,2,33.33,0
2918704,BA,Nordeste,3,56.52,0
2918803,BA,Nordeste,2,45.45,0
2918902,BA,Nordeste,2,48.28,0
2919009,BA,Nordeste,2,21.21,0
2919058,BA,Nordeste,2,43.1,0
2919108,BA,Nordeste,2,19.57,0
2919157,BA,Nordeste,2,25.25,0
2919207,BA,Nordeste,2,28.75,0
2919306,BA,Nordeste,2,37.66,0
2919405,BA,Nordeste,3,65.48,0
2919504,BA,Nordeste,2,38.06,0
2919553,BA,Nordeste,2,35.72,0
2919603,BA,Nordeste,2,30.14,1
2919702,BA,Nordeste,2,44.74,0
2919801,BA,Nordeste,2,31.5,0
2919900,BA,Nordeste,2,12.5,1
2919926,BA,Nordeste,2,25.81,0
2919959,BA,Nordeste,2,47.37,0
2920007,BA,Nordeste,2,32.56,0
2920106,BA,Nordeste,2,23.42,0
2920205,BA,Nordeste,2,33.68,1
2920304,BA,Nordeste,3,70.27,0
2920403,BA,Nordeste,2,41.67,0
2920452,BA,Nordeste,2,37.29,0
2920502,BA,Nordeste,2,43.58,0
2920601,BA,Nordeste,2,54.49,1
2920809,BA,Nordeste,2,18.57,0
2920908,BA,Nordeste,2,26.73,0
2921005,BA,Nordeste,2,56.92,0
2921054,BA,Nordeste,2,42.52,0
2921104,BA,Nordeste,2,46.9,0
2921203,BA,Nordeste,2,36.96,0
2921302,BA,Nordeste,2,46.05,1
2921401,BA,Nordeste,2,29.41,0
2921450,BA,Nordeste,2,46.15,0
2921500,BA,Nordeste,2,27.49,0
2921609,BA,Nordeste,2,28.89,0
2921708,BA,Nordeste,2,28.31,0
2921807,BA,Nordeste,3,60.0,0
2921906,BA,Nordeste,2,38.82,0
2922003,BA,Nordeste,2,47.96,0
2922052,BA,Nordeste,2,28.83,0
2922102,BA,Nordeste,2,33.33,0
2922201,BA,Nordeste,2,41.27,0
2922250,BA,Nordeste,2,22.03,0
2922300,BA,Nordeste,2,51.72,1
2922409,BA,Nordeste,2,48.92,0
2922607,BA,Nordeste,2,50.52,1
2922656,BA,Nordeste,2,26.14,0
2922706,BA,Nordeste,2,50.0,1
2922730,BA,Nordeste,2,31.91,0
2922755,BA,Nordeste,2,48.98,0
2922805,BA,Nordeste,2,34.65,0
2922854,BA,Nordeste,2,27.03,0
2922904,BA,Nordeste,2,31.41,1
2923001,BA,Nordeste,2,37.21,0
2923035,BA,Nordeste,3,73.17,1
2923050,BA,Nordeste,2,39.06,1
2923100,BA,Nordeste,2,21.29,0
2923209,BA,Nordeste,2,39.29,0
2923308,BA,Nordeste,2,50.59,1
2923357,BA,Nordeste,2,34.04,1
2923407,BA,Nordeste,2,35.76,0
2923506,BA,Nordeste,2,40.45,0
2923605,BA,Nordeste,2,48.94,0
2923704,BA,Nordeste,2,24.46,0
2923803,BA,Nordeste,2,39.8,0
2923902,BA,Nordeste,2,34.68,0
2924009,BA,Nordeste,2,30.51,0
2924108,BA,Nordeste,2,13.33,0
2924207,BA,Nordeste,2,20.45,0
2924306,BA,Nordeste,2,45.33,0
2924405,BA,Nordeste,2,22.51,0
2924504,BA,Nordeste,3,38.33,0
2924603,BA,Nordeste,2,39.19,0
2924652,BA,Nordeste,2,55.7,1
2924702,BA,Nordeste,3,56.47,0
2924801,BA,Nordeste,2,40.58,0
2924900,BA,Nordeste,2,42.86,0
2925006,BA,Nordeste,2,24.31,0
2925105,BA,Nordeste,2,42.93,0
2925204,BA,Nordeste,3,51.55,0
2925253,BA,Nordeste,2,36.99,1
2925303,BA,Nordeste,2,45.5,0
2925402,BA,Nordeste,2,27.54,0
2925501,BA,Nordeste,2,28.97,0
2925600,BA,Nordeste,2,20.0,0
2925709,BA,Nordeste,2,31.78,0
2925808,BA,Nordeste,2,30.32,0
2925907,BA,Nordeste,2,34.85,0
2925931,BA,Nordeste,2,75.47,1
2925956,BA,Nordeste,2,33.53,0
2926004,BA,Nordeste,2,35.26,1
2926103,BA,Nordeste,2,23.58,0
2926301,BA,Nordeste,2,38.37,0
2926400,BA,Nordeste,2,52.53,1
2926509,BA,Nordeste,2,33.95,0
2926608,BA,Nordeste,2,40.72,0
2926657,BA,Nordeste,2,52.63,1
2926707,BA,Nordeste,2,55.74,1
2926806,BA,Nordeste,2,43.82,0
2926905,BA,Nordeste,2,15.62,0
2927002,BA,Nordeste,2,33.21,0
2927101,BA,Nordeste,2,26.35,0
2927200,BA,Nordeste,2,27.94,0
2927309,BA,Nordeste,2,45.77,0
2927408,BA,Nordeste,2,36.75,0
2927507,BA,Nordeste,2,31.58,1
2927606,BA,Nordeste,2,28.39,0
2927705,BA,Nordeste,2,37.36,0
2927804,BA,Nordeste,2,37.04,0
2927903,BA,Nordeste,2,47.31,0
2928000,BA,Nordeste,2,29.15,0
2928059,BA,Nordeste,2,28.42,0
2928109,BA,Nordeste,2,26.29,0
2928208,BA,Nordeste,2,38.7,1
2928406,BA,Nordeste,2,32.05,0
2928505,BA,Nordeste,2,27.63,0
2928604,BA,Nordeste,2,36.96,0
2928703,BA,Nordeste,2,40.9,1
2928802,BA,Nordeste,2,31.86,0
2928901,BA,Nordeste,2,54.07,1
2928950,BA,Nordeste,2,52.94,1
2929008,BA,Nordeste,2,31.33,0
2929057,BA,Nordeste,2,36.59,0
2929107,BA,Nordeste,2,41.13,0
2929206,BA,Nordeste,2,25.66,0
2929255,BA,Nordeste,2,33.54,0
2929305,BA,Nordeste,2,24.63,0
2929354,BA,Nordeste,2,27.27,0
2929370,BA,Nordeste,2,28.41,0
2929404,BA,Nordeste,2,36.76,1
2929503,BA,Nordeste,2,46.1,0
2929602,BA,Nordeste,3,64.52,1
2929701,BA,Nordeste,2,30.68,1
2929750,BA,Nordeste,2,52.63,1
2929800,BA,Nordeste,2,20.73,0
2929909,BA,Nordeste,2,34.98,0
2930006,BA,Nordeste,2,42.37,0
2930105,BA,Nordeste,2,24.02,0
2930154,BA,Nordeste,2,26.65,0
2930204,BA,Nordeste,2,24.24,0
2930303,BA,Nordeste,2,33.09,0
2930402,BA,Nordeste,2,36.67,0
2930501,BA,Nordeste,2,19.92,0
2930600,BA,Nordeste,2,25.69,0
2930709,BA,Nordeste,2,42.14,0
2930766,BA,Nordeste,2,42.47,0
2930774,BA,Nordeste,2,34.44,1
2930808,BA,Nordeste,2,31.82,0
2930907,BA,Nordeste,2,43.31,1
2931004,BA,Nordeste,2,47.42,0
2931053,BA,Nordeste,3,61.8,0
2931103,BA,Nordeste,2,30.67,1
2931202,BA,Nordeste,2,47.52,1
2931301,BA,Nordeste,2,41.82,1
2931350,BA,Nordeste,2,35.04,0
2931400,BA,Nordeste,2,30.56,0
2931509,BA,Nordeste,2,29.57,0
2931608,BA,Nordeste,2,44.76,0
2931707,BA,Nordeste,2,28.42,0
2931806,BA,Nordeste,2,42.86,0
2931905,BA,Nordeste,2,35.55,0
2932002,BA,Nordeste,2,40.28,0
2932101,BA,Nordeste,2,38.93,0
2932200,BA,Nordeste,2,31.13,0
2932309,BA,Nordeste,2,41.9,1
2932408,BA,Nordeste,2,27.71,0
2932457,BA,Nordeste,2,22.95,0
2932507,BA,Nordeste,2,58.16,1
2932606,BA,Nordeste,2,40.54,0
2932705,BA,Nordeste,2,26.42,0
2932804,BA,Nordeste,2,33.04,0
2932903,BA,Nordeste,2,31.89,0
2933000,BA,Nordeste,2,37.25,0
2933059,BA,Nordeste,2,20.73,0
2933109,BA,Nordeste,2,43.64,0
2933158,BA,Nordeste,2,17.95,0
2933174,BA,Nordeste,2,40.0,0
2933208,BA,Nordeste,2,38.27,0
2933257,BA,Nordeste,3,35.85,0
2933307,BA,Nordeste,2,42.75,0
2933406,BA,Nordeste,2,45.0,0
2933455,BA,Nordeste,2,55.37,0
2933505,BA,Nordeste,2,31.17,0
2933604,BA,Nordeste,2,32.25,0
3100104,MG,Sudeste,5,96.07,1
3100203,MG,Sudeste,5,73.11,1
3100302,MG,Sudeste,5,86.67,1
3100401,MG,Sudeste,5,73.93,0
3100708,MG,Sudeste,5,55.3,0
3100807,MG,Sudeste,5,88.68,1
3101003,MG,Sudeste,5,74.46,1
3101102,MG,Sudeste,5,57.63,1
3101201,MG,Sudeste,5,85.71,1
3101300,MG,Sudeste,5,89.66,1
3101409,MG,Sudeste,5,92.62,1
3101508,MG,Sudeste,5,55.1,0
3101607,MG,Sudeste,5,76.61,1
3101631,MG,Sudeste,5,78.08,1
3101706,MG,Sudeste,5,55.06,1
3101805,MG,Sudeste,5,70.83,1
3101904,MG,Sudeste,5,78.56,1
3102001,MG,Sudeste,5,85.54,1
3102050,MG,Sudeste,5,87.17,1
3102209,MG,Sudeste,5,87.5,1
3102308,MG,Sudeste,5,72.33,1
3102407,MG,Sudeste,5,83.33,1
3102605,MG,Sudeste,5,75.04,1
3102704,MG,Sudeste,5,77.96,1
3102852,MG,Sudeste,5,84.97,1
3102902,MG,Sudeste,5,71.37,0
3103108,MG,Sudeste,5,86.67,1
3103207,MG,Sudeste,5,72.22,0
3103306,MG,Sudeste,5,86.96,1
3103405,MG,Sudeste,5,50.75,1
3103504,MG,Sudeste,5,64.76,1
3103603,MG,Sudeste,5,57.09,0
3103702,MG,Sudeste,5,91.67,1
3103751,MG,Sudeste,5,73.61,1
3103801,MG,Sudeste,5,92.02,1
3103900,MG,Sudeste,5,88.5,1
3104007,MG,Sudeste,5,75.35,1
3104106,MG,Sudeste,5,82.63,1
3104205,MG,Sudeste,5,88.86,1
3104304,MG,Sudeste,5,88.09,1
3104403,MG,Sudeste,5,89.33,1
3104452,MG,Sudeste,5,84.87,1
3104502,MG,Sudeste,5,46.89,0
3104601,MG,Sudeste,5,88.29,1
3104700,MG,Sudeste,5,66.4,0
3104809,MG,Sudeste,5,48.8,0
3104908,MG,Sudeste,5,77.43,1
3105004,MG,Sudeste,5,89.89,1
3105103,MG,Sudeste,5,80.48,1
3105202,MG,Sudeste,5,77.5,1
3105301,MG,Sudeste,5,94.51,1
3105400,MG,Sudeste,5,62.71,1
3105509,MG,Sudeste,5,89.21,1
3105608,MG,Sudeste,5,81.97,1
3105905,MG,Sudeste,5,83.24,1
3106002,MG,Sudeste,5,73.62,1
3106200,MG,Sudeste,5,68.58,1
3106309,MG,Sudeste,5,65.94,1
3106408,MG,Sudeste,5,97.32,1
3106606,MG,Sudeste,5,85.02,1
3106655,MG,Sudeste,5,83.33,1
3106705,MG,Sudeste,5,66.62,1
3106804,MG,Sudeste,5,100.0,1
3106903,MG,Sudeste,5,70.71,1
3107000,MG,Sudeste,5,58.22,0
3107109,MG,Sudeste,5,74.5,1
3107208,MG,Sudeste,5,73.33,1
3107307,MG,Sudeste,5,68.42,0
3107406,MG,Sudeste,5,65.88,1
3107505,MG,Sudeste,5,60.13,1
3107604,MG,Sudeste,5,87.21,1
3107802,MG,Sudeste,5,75.91,0
3107901,MG,Sudeste,5,68.27,1
3108008,MG,Sudeste,5,83.73,1
3108107,MG,Sudeste,5,85.95,1
3108206,MG,Sudeste,5,71.88,0
3108255,MG,Sudeste,5,49.15,0
3108305,MG,Sudeste,5,81.21,1
3108404,MG,Sudeste,5,87.53,1
3108552,MG,Sudeste,5,76.71,0
3108602,MG,Sudeste,5,76.32,1
3108701,MG,Sudeste,5,81.16,1
3108800,MG,Sudeste,5,63.3,0
3108909,MG,Sudeste,5,79.14,1
3109006,MG,Sudeste,5,87.73,1
3109105,MG,Sudeste,5,82.56,1
3109204,MG,Sudeste,5,75.91,0
3109253,MG,Sudeste,5,85.0,1
3109303,MG,Sudeste,5,62.9,1
3109402,MG,Sudeste,5,62.63,1
3109451,MG,Sudeste,5,54.59,1
3109501,MG,Sudeste,5,86.58,1
3109600,MG,Sudeste,5,80.0,1
3109709,MG,Sudeste,5,81.11,1
3109808,MG,Sudeste,5,94.74,1
3109907,MG,Sudeste,5,72.48,1
3110004,MG,Sudeste,5,70.95,0
3110103,MG,Sudeste,5,76.5,1
3110202,MG,Sudeste,5,69.57,1
3110301,MG,Sudeste,5,72.95,1
3110400,MG,Sudeste,5,86.64,1
3110509,MG,Sudeste,5,58.56,0
3110608,MG,Sudeste,5,81.94,1
3110707,MG,Sudeste,5,85.08,1
3110806,MG,Sudeste,5,47.62,0
3110905,MG,Sudeste,5,64.8,1
3111002,MG,Sudeste,5,81.73,1
3111101,MG,Sudeste,5,75.03,0
3111150,MG,Sudeste,5,73.26,0
3111200,MG,Sudeste,5,85.57,1
3111309,MG,Sudeste,5,76.54,1
3111408,MG,Sudeste,5,52.14,0
3111507,MG,Sudeste,5,65.27,1
3111606,MG,Sudeste,5,71.94,1
3111705,MG,Sudeste,5,87.5,1
3111804,MG,Sudeste,5,76.49,1
3111903,MG,Sudeste,5,93.33,1
3112000,MG,Sudeste,5,90.37,1
3112059,MG,Sudeste,5,65.99,1
3112109,MG,Sudeste,5,67.92,1
3112208,MG,Sudeste,5,77.37,0
3112307,MG,Sudeste,5,80.94,1
3112604,MG,Sudeste,5,73.04,1
3112653,MG,Sudeste,5,77.02,1
3112703,MG,Sudeste,5,63.8,0
3112802,MG,Sudeste,5,78.93,0
3112901,MG,Sudeste,5,83.3,1
3113008,MG,Sudeste,5,71.52,1
3113107,MG,Sudeste,5,83.33,1
3113206,MG,Sudeste,5,80.43,1
3113305,MG,Sudeste,5,52.42,0
3113404,MG,Sudeste,5,67.42,1
3113503,MG,Sudeste,5,70.78,1
3113602,MG,Sudeste,5,74.18,0
3113701,MG,Sudeste,5,55.83,0
3113800,MG,Sudeste,5,62.5,1
3113909,MG,Sudeste,5,78.88,1
3114006,MG,Sudeste,5,68.1,0
3114105,MG,Sudeste,5,71.02,1
3114204,MG,Sudeste,5,72.37,1
3114303,MG,Sudeste,5,86.19,1
3114402,MG,Sudeste,5,68.35,1
3114501,MG,Sudeste,5,81.68,1
3114550,MG,Sudeste,5,64.51,1
3114600,MG,Sudeste,5,89.76,1
3114709,MG,Sudeste,5,100.0,1
3114808,MG,Sudeste,5,72.5,0
3114907,MG,Sudeste,5,94.12,1
3115003,MG,Sudeste,5,85.84,1
3115102,MG,Sudeste,5,76.99,1
3115201,MG,Sudeste,5,70.43,0
3115300,MG,Sudeste,5,60.22,1
3115359,MG,Sudeste,5,71.35,1
3115458,MG,Sudeste,5,66.72,1
3115474,MG,Sudeste,5,75.75,1
3115508,MG,Sudeste,5,78.2,1
3115706,MG,Sudeste,5,72.79,1
3115805,MG,Sudeste,5,89.95,1
3115904,MG,Sudeste,5,44.9,1
3116001,MG,Sudeste,5,70.09,0
3116100,MG,Sudeste,5,66.15,1
3116159,MG,Sudeste,5,69.39,1
3116209,MG,Sudeste,5,76.01,0
3116308,MG,Sudeste,5,92.31,1
3116407,MG,Sudeste,5,84.7,1
3116506,MG,Sudeste,5,68.63,0
3116605,MG,Sudeste,5,82.99,1
3116704,MG,Sudeste,5,83.5,1
3116803,MG,Sudeste,5,91.21,1
3116902,MG,Sudeste,5,74.3,1
3117009,MG,Sudeste,5,68.38,1
3117108,MG,Sudeste,5,78.53,1
3117207,MG,Sudeste,5,76.67,1
3117306,MG,Sudeste,5,58.64,0
3117405,MG,Sudeste,5,74.88,0
3117504,MG,Sudeste,5,82.33,1
3117702,MG,Sudeste,5,78.17,0
3117801,MG,Sudeste,5,77.03,1
3117876,MG,Sudeste,5,69.15,1
3117900,MG,Sudeste,5,83.44,1
3118007,MG,Sudeste,5,74.01,1
3118106,MG,Sudeste,5,60.49,0
3118205,MG,Sudeste,5,65.5,0
3118304,MG,Sudeste,5,82.19,1
3118403,MG,Sudeste,5,57.14,0
3118502,MG,Sudeste,5,38.89,0
3118601,MG,Sudeste,5,69.05,1
3118700,MG,Sudeste,5,82.47,1
3118809,MG,Sudeste,5,68.05,1
3118908,MG,Sudeste,5,79.85,1
3119005,MG,Sudeste,5,73.53,1
3119104,MG,Sudeste,5,85.75,1
3119203,MG,Sudeste,5,73.42,1
3119302,MG,Sudeste,5,63.22,1
3119401,MG,Sudeste,5,64.1,1
3119500,MG,Sudeste,5,67.56,0
3119609,MG,Sudeste,5,59.91,0
3119708,MG,Sudeste,5,92.31,1
3119807,MG,Sudeste,5,75.27,0
3119906,MG,Sudeste,5,100.0,1
3119955,MG,Sudeste,5,96.07,1
3120003,MG,Sudeste,5,62.81,1
3120102,MG,Sudeste,5,77.52,1
3120151,MG,Sudeste,5,48.66,0
3120201,MG,Sudeste,5,86.07,1
3120300,MG,Sudeste,5,54.17,1
3120409,MG,Sudeste,5,89.96,1
3120508,MG,Sudeste,5,81.73,1
3120607,MG,Sudeste,5,90.23,1
3120706,MG,Sudeste,5,80.92,1
3120805,MG,Sudeste,5,75.3,0
3120839,MG,Sudeste,5,69.0,0
3120870,MG,Sudeste,5,80.36,1
3120904,MG,Sudeste,5,71.71,1
3121001,MG,Sudeste,5,90.32,1
3121100,MG,Sudeste,5,93.02,1
3121209,MG,Sudeste,5,68.3,0
3121258,MG,Sudeste,5,47.77,0
3121308,MG,Sudeste,5,73.05,1
3121407,MG,Sudeste,5,79.93,0
3121506,MG,Sudeste,5,96.43,1
3121605,MG,Sudeste,5,70.61,1
3121704,MG,Sudeste,5,76.25,0
3121803,MG,Sudeste,5,72.13,0
3121902,MG,Sudeste,5,75.0,1
3122009,MG,Sudeste,5,67.15,1
3122108,MG,Sudeste,5,85.71,1
3122207,MG,Sudeste,5,87.1,1
3122306,MG,Sudeste,5,73.79,1
3122355,MG,Sudeste,5,62.69,1
3122405,MG,Sudeste,5,67.64,1
3122454,MG,Sudeste,5,72.43,1
3122470,MG,Sudeste,5,84.62,1
3122504,MG,Sudeste,5,73.35,0
3122702,MG,Sudeste,5,92.48,1
3122801,MG,Sudeste,5,84.85,1
3122900,MG,Sudeste,5,95.71,1
3123007,MG,Sudeste,5,76.43,1
3123106,MG,Sudeste,5,72.49,1
3123205,MG,Sudeste,5,85.44,1
3123304,MG,Sudeste,5,95.99,1
3123403,MG,Sudeste,5,66.67,1
3123528,MG,Sudeste,5,71.43,0
3123601,MG,Sudeste,5,64.98,1
3123700,MG,Sudeste,5,63.03,1
3123809,MG,Sudeste,5,76.22,1
3123858,MG,Sudeste,5,77.45,0
3123908,MG,Sudeste,5,91.72,1
3124005,MG,Sudeste,5,85.0,1
3124104,MG,Sudeste,5,67.38,1
3124203,MG,Sudeste,5,61.52,0
3124302,MG,Sudeste,5,62.4,0
3124401,MG,Sudeste,5,66.53,0
3124500,MG,Sudeste,5,91.03,1
3124609,MG,Sudeste,5,66.67,0
3124708,MG,Sudeste,5,100.0,1
3124807,MG,Sudeste,5,69.36,1
3124906,MG,Sudeste,5,68.59,1
3125002,MG,Sudeste,5,64.41,1
3125101,MG,Sudeste,5,69.33,1
3125200,MG,Sudeste,5,86.96,1
3125309,MG,Sudeste,5,69.23,1
3125408,MG,Sudeste,5,79.38,0
3125507,MG,Sudeste,5,83.33,1
3125606,MG,Sudeste,5,70.2,1
3125705,MG,Sudeste,5,75.1,1
3125804,MG,Sudeste,5,52.38,0
3125903,MG,Sudeste,5,70.78,1
3125952,MG,Sudeste,5,76.31,1
3126000,MG,Sudeste,5,85.73,1
3126109,MG,Sudeste,5,86.89,1
3126208,MG,Sudeste,5,74.9,1
3126406,MG,Sudeste,5,90.83,1
3126604,MG,Sudeste,5,37.5,0
3126703,MG,Sudeste,5,35.05,0
3126752,MG,Sudeste,5,63.78,0
3126802,MG,Sudeste,5,69.89,1
3126901,MG,Sudeste,5,64.71,1
3127008,MG,Sudeste,5,76.16,1
3127057,MG,Sudeste,5,58.66,1
3127107,MG,Sudeste,5,73.59,1
3127206,MG,Sudeste,5,69.2,1
3127305,MG,Sudeste,5,62.07,1
3127339,MG,Sudeste,5,53.85,1
3127354,MG,Sudeste,5,71.43,1
3127370,MG,Sudeste,5,91.43,1
3127388,MG,Sudeste,5,80.51,1
3127404,MG,Sudeste,5,77.02,1
3127503,MG,Sudeste,5,82.31,1
3127602,MG,Sudeste,5,91.11,1
3127701,MG,Sudeste,5,68.07,1
3127800,MG,Sudeste,5,86.04,1
3128006,MG,Sudeste,5,68.68,1
3128105,MG,Sudeste,5,80.4,1
3128253,MG,Sudeste,5,80.7,1
3128303,MG,Sudeste,5,65.21,0
3128402,MG,Sudeste,5,77.84,0
3128501,MG,Sudeste,5,72.73,0
3128600,MG,Sudeste,5,51.62,0
3128709,MG,Sudeste,5,66.93,1
3128808,MG,Sudeste,5,58.58,0
3128907,MG,Sudeste,5,85.1,1
3129004,MG,Sudeste,5,82.89,1
3129103,MG,Sudeste,5,86.09,1
3129202,MG,Sudeste,5,67.59,1
3129301,MG,Sudeste,5,67.68,1
3129400,MG,Sudeste,5,87.87,1
3129509,MG,Sudeste,5,78.1,1
3129608,MG,Sudeste,5,76.41,1
3129657,MG,Sudeste,5,37.74,0
3129707,MG,Sudeste,5,73.86,1
3129806,MG,Sudeste,5,63.66,1
3129905,MG,Sudeste,5,78.04,1
3130002,MG,Sudeste,5,83.33,1
3130051,MG,Sudeste,5,77.42,1
3130101,MG,Sudeste,5,73.84,1
3130200,MG,Sudeste,5,79.48,1
3130309,MG,Sudeste,5,94.08,1
3130408,MG,Sudeste,5,82.9,1
3130507,MG,Sudeste,5,65.15,1
3130556,MG,Sudeste,5,88.46,1
3130606,MG,Sudeste,5,86.18,1
3130655,MG,Sudeste,5,89.58,1
3130705,MG,Sudeste,5,53.9,1
3130804,MG,Sudeste,5,87.27,1
3130903,MG,Sudeste,5,84.81,1
3131000,MG,Sudeste,5,77.62,1
3131109,MG,Sudeste,5,77.8,1
3131158,MG,Sudeste,5,77.71,1
3131208,MG,Sudeste,5,77.67,0
3131307,MG,Sudeste,5,70.92,1
3131406,MG,Sudeste,5,76.42,1
3131505,MG,Sudeste,5,63.82,1
3131604,MG,Sudeste,5,77.81,1
3131703,MG,Sudeste,5,68.15,1
3131802,MG,Sudeste,5,83.44,1
3131901,MG,Sudeste,5,80.44,1
3132008,MG,Sudeste,5,100.0,1
3132107,MG,Sudeste,5,72.78,1
3132206,MG,Sudeste,5,90.91,1
3132305,MG,Sudeste,5,55.18,0
3132404,MG,Sudeste,5,79.1,1
3132503,MG,Sudeste,5,81.25,1
3132602,MG,Sudeste,5,73.68,1
3132701,MG,Sudeste,5,56.95,1
3132800,MG,Sudeste,5,83.33,1
3132909,MG,Sudeste,5,80.11,1
3133006,MG,Sudeste,5,81.86,1
3133105,MG,Sudeste,5,84.24,1
3133204,MG,Sudeste,5,85.64,1
3133303,MG,Sudeste,5,49.62,0
3133402,MG,Sudeste,5,77.3,1
3133501,MG,Sudeste,5,84.46,1
3133600,MG,Sudeste,5,67.89,1
3133709,MG,Sudeste,5,80.42,1
3133758,MG,Sudeste,5,89.46,1
3133808,MG,Sudeste,5,88.76,1
3134004,MG,Sudeste,5,64.84,1
3134103,MG,Sudeste,5,79.92,1
3134202,MG,Sudeste,5,66.72,1
3134301,MG,Sudeste,5,73.75,1
3134400,MG,Sudeste,5,69.61,1
3134509,MG,Sudeste,5,76.33,1
3134608,MG,Sudeste,5,75.36,1
3134707,MG,Sudeste,5,55.44,1
3134806,MG,Sudeste,5,85.13,1
3134905,MG,Sudeste,5,79.14,1
3135001,MG,Sudeste,5,84.51,1
3135050,MG,Sudeste,5,63.5,1
3135100,MG,Sudeste,5,61.68,1
3135209,MG,Sudeste,2,47.12,1
3135308,MG,Sudeste,5,78.49,1
3135357,MG,Sudeste,5,60.75,0
3135407,MG,Sudeste,5,88.66,1
3135506,MG,Sudeste,5,84.89,1
3135605,MG,Sudeste,5,70.71,1
3135704,MG,Sudeste,5,65.96,1
3135803,MG,Sudeste,5,55.65,1
3135902,MG,Sudeste,5,81.14,1
3136009,MG,Sudeste,5,64.1,1
3136108,MG,Sudeste,5,85.58,1
3136207,MG,Sudeste,5,79.74,1
3136306,MG,Sudeste,5,69.87,1
3136405,MG,Sudeste,5,71.38,1
3136553,MG,Sudeste,5,77.36,0
3136579,MG,Sudeste,5,90.91,1
3136603,MG,Sudeste,5,92.79,1
3136652,MG,Sudeste,5,68.53,1
3136702,MG,Sudeste,5,49.55,1
3136801,MG,Sudeste,5,55.56,0
3136900,MG,Sudeste,5,82.69,1
3137007,MG,Sudeste,5,54.47,1
3137106,MG,Sudeste,5,56.25,0
3137205,MG,Sudeste,5,79.9,1
3137304,MG,Sudeste,5,69.48,1
3137403,MG,Sudeste,5,87.23,1
3137502,MG,Sudeste,5,82.01,1
3137536,MG,Sudeste,5,76.48,0
3137601,MG,Sudeste,5,72.24,1
3137700,MG,Sudeste,5,69.27,0
3137809,MG,Sudeste,5,74.76,1
3138005,MG,Sudeste,5,82.11,1
3138104,MG,Sudeste,5,48.0,0
3138203,MG,Sudeste,5,67.11,1
3138351,MG,Sudeste,5,92.39,1
3138401,MG,Sudeste,5,65.18,1
3138500,MG,Sudeste,5,71.21,1
3138609,MG,Sudeste,5,69.51,1
3138625,MG,Sudeste,5,59.7,0
3138658,MG,Sudeste,5,78.07,1
3138674,MG,Sudeste,5,87.7,1
3138682,MG,Sudeste,5,85.0,1
3138708,MG,Sudeste,5,97.5,1
3138807,MG,Sudeste,5,87.21,1
3138906,MG,Sudeste,5,65.94,1
3139003,MG,Sudeste,5,87.02,1
3139102,MG,Sudeste,5,71.05,0
3139201,MG,Sudeste,5,77.47,0
3139250,MG,Sudeste,5,65.94,1
3139300,MG,Sudeste,2,41.04,1
3139409,MG,Sudeste,5,71.73,1
3139508,MG,Sudeste,5,68.84,0
3139607,MG,Sudeste,5,71.17,1
3139706,MG,Sudeste,5,76.79,1
3139805,MG,Sudeste,5,49.4,0
3139904,MG,Sudeste,5,78.16,1
3140001,MG,Sudeste,5,65.6,1
3140100,MG,Sudeste,5,56.14,0
3140159,MG,Sudeste,5,74.09,1
3140209,MG,Sudeste,5,59.26,0
3140308,MG,Sudeste,5,70.98,1
3140407,MG,Sudeste,5,84.57,1
3140506,MG,Sudeste,5,70.72,1
3140530,MG,Sudeste,5,83.69,1
3140555,MG,Sudeste,5,70.1,1
3140605,MG,Sudeste,5,28.57,0
3140704,MG,Sudeste,5,75.26,1
3140803,MG,Sudeste,5,78.82,1
3140852,MG,Sudeste,5,31.08,0
3140902,MG,Sudeste,5,65.0,0
3141009,MG,Sudeste,5,61.37,0
3141108,MG,Sudeste,5,57.88,1
3141207,MG,Sudeste,5,91.94,1
3141306,MG,Sudeste,5,78.57,0
3141405,MG,Sudeste,5,65.7,0
3141504,MG,Sudeste,5,60.0,0
3141603,MG,Sudeste,5,84.85,1
3141702,MG,Sudeste,5,63.47,1
3141801,MG,Sudeste,5,78.82,1
3141900,MG,Sudeste,5,76.32,1
3142007,MG,Sudeste,5,48.06,0
3142106,MG,Sudeste,5,75.29,1
3142205,MG,Sudeste,5,79.2,0
3142254,MG,Sudeste,5,41.67,0
3142304,MG,Sudeste,5,90.58,1
3142403,MG,Sudeste,5,81.94,1
3142601,MG,Sudeste,5,78.89,1
3142700,MG,Sudeste,5,60.75,1
3142809,MG,Sudeste,5,56.72,0
3142908,MG,Sudeste,5,66.67,0
3143005,MG,Sudeste,5,80.85,1
3143104,MG,Sudeste,5,84.51,1
3143153,MG,Sudeste,5,82.61,1
3143203,MG,Sudeste,5,61.59,1
3143302,MG,Sudeste,5,75.18,1
3143401,MG,Sudeste,5,74.18,1
3143450,MG,Sudeste,5,88.98,1
3143500,MG,Sudeste,5,64.5,0
3143609,MG,Sudeste,5,67.59,0
3143807,MG,Sudeste,5,82.36,1
3143906,MG,Sudeste,5,73.13,1
3144003,MG,Sudeste,5,76.73,1
3144102,MG,Sudeste,5,75.51,1
3144201,MG,Sudeste,5,62.86,1
3144300,MG,Sudeste,5,57.67,1
3144359,MG,Sudeste,5,64.96,0
3144375,MG,Sudeste,5,64.21,1
3144409,MG,Sudeste,5,86.3,1
3144508,MG,Sudeste,5,85.36,1
3144607,MG,Sudeste,5,77.99,1
3144656,MG,Sudeste,5,77.17,1
3144672,MG,Sudeste,5,48.0,0
3144706,MG,Sudeste,5,72.22,1
3144805,MG,Sudeste,5,79.6,1
3144904,MG,Sudeste,5,89.37,1
3145000,MG,Sudeste,5,78.86,1
3145059,MG,Sudeste,5,51.93,1
3145109,MG,Sudeste,5,86.57,1
3145208,MG,Sudeste,5,72.47,1
3145307,MG,Sudeste,5,81.88,1
3145356,MG,Sudeste,5,62.37,1
3145372,MG,Sudeste,5,92.71,1
3145455,MG,Sudeste,5,90.16,1
3145505,MG,Sudeste,5,94.29,1
3145604,MG,Sudeste,5,80.67,1
3145703,MG,Sudeste,5,83.33,1
3145851,MG,Sudeste,5,82.24,1
3145877,MG,Sudeste,5,75.97,1
3145901,MG,Sudeste,5,81.33,1
3146008,MG,Sudeste,5,84.81,1
3146107,MG,Sudeste,5,71.36,1
3146206,MG,Sudeste,5,78.41,1
3146255,MG,Sudeste,5,64.75,1
3146305,MG,Sudeste,5,48.96,0
3146404,MG,Sudeste,5,82.34,1
3146503,MG,Sudeste,5,86.83,1
3146552,MG,Sudeste,5,76.4,1
3146602,MG,Sudeste,5,92.86,1
3146701,MG,Sudeste,5,75.61,1
3146750,MG,Sudeste,5,69.41,1
3146909,MG,Sudeste,5,88.48,1
3147006,MG,Sudeste,5,63.56,0
3147105,MG,Sudeste,5,69.52,1
3147204,MG,Sudeste,5,69.21,1
3147303,MG,Sudeste,5,81.68,1
3147402,MG,Sudeste,5,71.27,1
3147600,MG,Sudeste,5,75.75,0
3147709,MG,Sudeste,5,78.42,0
3147808,MG,Sudeste,5,77.27,1
3147907,MG,Sudeste,5,86.17,1
3147956,MG,Sudeste,5,97.25,1
3148004,MG,Sudeste,5,76.9,1
3148103,MG,Sudeste,5,76.21,1
3148202,MG,Sudeste,5,80.53,1
3148301,MG,Sudeste,5,89.89,1
3148400,MG,Sudeste,5,90.14,1
3148509,MG,Sudeste,5,81.4,1
3148608,MG,Sudeste,5,61.48,0
3148707,MG,Sudeste,5,60.74,0
3148756,MG,Sudeste,5,91.18,1
3148806,MG,Sudeste,5,85.51,1
3148905,MG,Sudeste,5,100.0,1
3149002,MG,Sudeste,5,80.0,1
3149101,MG,Sudeste,5,85.5,1
3149150,MG,Sudeste,5,46.09,1
3149200,MG,Sudeste,5,79.95,1
3149309,MG,Sudeste,5,69.22,1
3149507,MG,Sudeste,5,69.05,1
3149606,MG,Sudeste,5,81.37,1
3149705,MG,Sudeste,5,80.71,1
3149804,MG,Sudeste,5,83.41,1
3149903,MG,Sudeste,5,79.12,1
3149952,MG,Sudeste,5,44.47,0
3150000,MG,Sudeste,5,77.59,0
3150109,MG,Sudeste,5,75.58,1
3150158,MG,Sudeste,5,74.09,1
3150208,MG,Sudeste,5,80.01,1
3150307,MG,Sudeste,5,63.16,1
3150406,MG,Sudeste,5,83.86,1
3150505,MG,Sudeste,5,94.39,1
3150539,MG,Sudeste,5,81.43,1
3150570,MG,Sudeste,5,64.82,1
3150604,MG,Sudeste,5,76.35,1
3150703,MG,Sudeste,5,76.8,1
3150802,MG,Sudeste,5,75.27,1
3150901,MG,Sudeste,5,78.97,1
3151008,MG,Sudeste,5,85.01,1
3151107,MG,Sudeste,5,66.15,1
3151206,MG,Sudeste,5,69.81,1
3151305,MG,Sudeste,5,87.11,1
3151404,MG,Sudeste,5,85.71,1
3151503,MG,Sudeste,5,73.46,1
3151602,MG,Sudeste,5,65.98,1
3151701,MG,Sudeste,5,70.92,0
3151800,MG,Sudeste,5,79.39,1
3152006,MG,Sudeste,5,56.14,0
3152105,MG,Sudeste,5,81.27,1
3152131,MG,Sudeste,5,76.36,1
3152170,MG,Sudeste,5,67.71,0
3152204,MG,Sudeste,5,70.05,1
3152402,MG,Sudeste,5,79.91,1
3152501,MG,Sudeste,5,70.53,1
3152600,MG,Sudeste,5,79.55,1
3152709,MG,Sudeste,5,93.22,1
3152808,MG,Sudeste,5,50.5,0
3152907,MG,Sudeste,5,88.36,1
3153004,MG,Sudeste,5,52.8,0
3153103,MG,Sudeste,5,88.0,1
3153202,MG,Sudeste,5,54.55,0
3153301,MG,Sudeste,5,79.86,1
3153400,MG,Sudeste,5,78.27,1
3153509,MG,Sudeste,5,78.73,1
3153608,MG,Sudeste,5,60.98,1
3153707,MG,Sudeste,5,63.55,1
3153806,MG,Sudeste,5,95.0,1
3153905,MG,Sudeste,5,69.66,1
3154002,MG,Sudeste,5,84.96,1
3154101,MG,Sudeste,5,64.51,0
3154150,MG,Sudeste,5,83.87,1
3154200,MG,Sudeste,5,82.11,1
3154309,MG,Sudeste,5,61.12,0
3154408,MG,Sudeste,5,82.0,1
3154457,MG,Sudeste,5,72.81,1
3154507,MG,Sudeste,5,70.0,1
3154606,MG,Sudeste,5,59.36,1
3154705,MG,Sudeste,5,80.2,1
3154804,MG,Sudeste,5,72.91,1
3154903,MG,Sudeste,5,62.76,0
3155009,MG,Sudeste,5,90.43,1
3155108,MG,Sudeste,5,76.19,1
3155306,MG,Sudeste,5,98.05,1
3155405,MG,Sudeste,5,65.4,1
3155504,MG,Sudeste,5,60.21,0
3155603,MG,Sudeste,5,85.31,1
3155702,MG,Sudeste,5,76.96,0
3155801,MG,Sudeste,5,78.55,1
3155900,MG,Sudeste,5,62.04,0
3156007,MG,Sudeste,5,59.95,1
3156106,MG,Sudeste,5,81.94,1
3156205,MG,Sudeste,5,58.33,0
3156304,MG,Sudeste,5,81.95,1
3156403,MG,Sudeste,5,70.69,1
3156452,MG,Sudeste,5,78.18,1
3156502,MG,Sudeste,5,76.83,0
3156601,MG,Sudeste,5,63.6,0
3156700,MG,Sudeste,5,71.68,1
3156809,MG,Sudeste,5,60.64,1
3156908,MG,Sudeste,5,79.62,1
3157005,MG,Sudeste,5,77.08,1
3157104,MG,Sudeste,5,59.15,1
3157203,MG,Sudeste,5,66.55,0
3157278,MG,Sudeste,5,67.82,1
3157302,MG,Sudeste,5,90.92,1
3157336,MG,Sudeste,5,43.82,0
3157377,MG,Sudeste,5,72.73,0
3157401,MG,Sudeste,5,78.33,1
3157500,MG,Sudeste,5,75.81,1
3157609,MG,Sudeste,5,72.51,1
3157658,MG,Sudeste,5,90.81,1
3157708,MG,Sudeste,5,58.13,0
3157807,MG,Sudeste,5,72.16,1
3157906,MG,Sudeste,5,60.93,0
3158003,MG,Sudeste,5,77.79,1
3158102,MG,Sudeste,5,60.65,1
3158201,MG,Sudeste,5,66.73,1
3158300,MG,Sudeste,5,87.45,1
3158409,MG,Sudeste,5,73.26,0
3158508,MG,Sudeste,5,64.47,1
3158607,MG,Sudeste,5,80.09,1
3158706,MG,Sudeste,5,87.26,1
3158805,MG,Sudeste,5,86.67,1
3158904,MG,Sudeste,5,77.24,0
3158953,MG,Sudeste,5,69.95,0
3159001,MG,Sudeste,5,80.15,1
3159100,MG,Sudeste,5,94.44,1
3159209,MG,Sudeste,5,92.49,1
3159308,MG,Sudeste,5,77.68,1
3159357,MG,Sudeste,5,58.94,0
3159407,MG,Sudeste,5,88.22,1
3159506,MG,Sudeste,5,87.19,1
3159605,MG,Sudeste,5,72.16,1
3159704,MG,Sudeste,5,79.88,1
3159803,MG,Sudeste,5,59.6,0
3159902,MG,Sudeste,5,80.3,1
3160009,MG,Sudeste,5,45.65,0
3160108,MG,Sudeste,5,94.3,1
3160207,MG,Sudeste,5,47.84,0
3160306,MG,Sudeste,5,65.72,0
3160405,MG,Sudeste,5,81.35,1
3160454,MG,Sudeste,5,65.69,0
3160504,MG,Sudeste,5,91.67,1
3160603,MG,Sudeste,5,93.33,1
3160702,MG,Sudeste,5,69.94,1
3160801,MG,Sudeste,5,76.67,1
3160900,MG,Sudeste,5,81.31,1
3160959,MG,Sudeste,5,93.62,1
3161007,MG,Sudeste,5,84.25,1
3161056,MG,Sudeste,5,67.09,0
3161106,MG,Sudeste,5,58.24,1
3161205,MG,Sudeste,5,90.73,1
3161304,MG,Sudeste,5,73.5,0
3161403,MG,Sudeste,5,78.59,1
3161502,MG,Sudeste,5,92.77,1
3161601,MG,Sudeste,5,70.0,0
3161650,MG,Sudeste,5,76.32,1
3161700,MG,Sudeste,5,82.95,1
3161809,MG,Sudeste,5,78.82,1
3161908,MG,Sudeste,5,91.6,1
3162005,MG,Sudeste,5,76.14,0
3162104,MG,Sudeste,5,75.49,1
3162203,MG,Sudeste,5,84.26,1
3162252,MG,Sudeste,5,77.83,1
3162302,MG,Sudeste,5,72.0,0
3162401,MG,Sudeste,5,63.51,0
3162450,MG,Sudeste,5,33.42,0
3162500,MG,Sudeste,5,74.0,1
3162559,MG,Sudeste,5,71.72,0
3162575,MG,Sudeste,5,71.7,0
3162609,MG,Sudeste,5,67.66,0
3162658,MG,Sudeste,5,86.4,1
3162708,MG,Sudeste,5,87.33,1
3162807,MG,Sudeste,5,70.27,0
3162906,MG,Sudeste,5,69.83,0
3162922,MG,Sudeste,5,82.15,1
3162948,MG,Sudeste,5,75.22,0
3162955,MG,Sudeste,5,75.09,1
3163003,MG,Sudeste,5,52.73,0
3163102,MG,Sudeste,5,82.68,1
3163201,MG,Sudeste,5,86.26,1
3163300,MG,Sudeste,5,54.62,1
3163508,MG,Sudeste,5,81.45,1
3163607,MG,Sudeste,5,87.17,1
3163706,MG,Sudeste,5,85.37,1
3163805,MG,Sudeste,5,78.02,1
3163904,MG,Sudeste,5,97.05,1
3164001,MG,Sudeste,5,68.34,0
3164100,MG,Sudeste,5,90.0,1
3164209,MG,Sudeste,5,77.76,1
3164308,MG,Sudeste,5,77.02,1
3164407,MG,Sudeste,5,90.92,1
3164431,MG,Sudeste,5,93.1,1
3164472,MG,Sudeste,5,81.32,1
3164605,MG,Sudeste,5,76.46,1
3164704,MG,Sudeste,5,81.09,1
3164803,MG,Sudeste,5,100.0,1
3164902,MG,Sudeste,5,91.3,1
3165008,MG,Sudeste,5,94.92,1
3165107,MG,Sudeste,5,82.09,1
3165206,MG,Sudeste,5,88.25,1
3165305,MG,Sudeste,5,81.64,1
3165404,MG,Sudeste,5,75.07,1
3165503,MG,Sudeste,5,85.12,1
3165537,MG,Sudeste,5,82.39,1
3165552,MG,Sudeste,5,60.0,1
3165560,MG,Sudeste,5,84.62,1
3165578,MG,Sudeste,5,76.97,1
3165602,MG,Sudeste,5,81.82,1
3165701,MG,Sudeste,5,91.79,1
3165909,MG,Sudeste,5,90.34,1
3166006,MG,Sudeste,5,86.42,1
3166105,MG,Sudeste,5,56.52,1
3166204,MG,Sudeste,5,77.94,0
3166303,MG,Sudeste,5,84.85,1
3166402,MG,Sudeste,5,75.0,1
3166709,MG,Sudeste,5,65.83,1
3166808,MG,Sudeste,5,72.87,1
3166907,MG,Sudeste,5,80.88,1
3166956,MG,Sudeste,5,95.99,1
3167004,MG,Sudeste,5,82.14,1
3167202,MG,Sudeste,5,60.35,1
3167301,MG,Sudeste,5,86.36,1
3167400,MG,Sudeste,5,87.91,1
3167509,MG,Sudeste,2,48.25,1
3167608,MG,Sudeste,5,68.54,1
3167707,MG,Sudeste,5,75.93,1
3167806,MG,Sudeste,5,88.35,1
3167905,MG,Sudeste,5,74.43,0
3168002,MG,Sudeste,5,86.34,1
3168051,MG,Sudeste,5,80.0,1
3168101,MG,Sudeste,5,79.68,1
3168200,MG,Sudeste,5,100.0,1
3168309,MG,Sudeste,5,94.4,1
3168408,MG,Sudeste,5,77.47,1
3168507,MG,Sudeste,5,75.97,0
3168606,MG,Sudeste,5,67.28,1
3168705,MG,Sudeste,5,70.28,1
3168804,MG,Sudeste,5,68.34,1
3168903,MG,Sudeste,5,81.76,1
3169000,MG,Sudeste,5,71.46,1
3169059,MG,Sudeste,5,93.75,1
3169109,MG,Sudeste,5,89.2,1
3169208,MG,Sudeste,5,80.55,1
3169307,MG,Sudeste,5,70.26,1
3169356,MG,Sudeste,5,83.86,1
3169406,MG,Sudeste,5,81.66,1
3169505,MG,Sudeste,5,74.58,1
3169604,MG,Sudeste,5,58.34,1
3169703,MG,Sudeste,5,73.78,1
3169802,MG,Sudeste,5,67.31,1
3169901,MG,Sudeste,5,79.09,1
3170008,MG,Sudeste,5,58.55,0
3170057,MG,Sudeste,5,70.42,1
3170107,MG,Sudeste,5,57.68,1
3170206,MG,Sudeste,5,62.63,1
3170305,MG,Sudeste,5,52.43,0
3170404,MG,Sudeste,5,59.06,0
3170438,MG,Sudeste,5,72.68,0
3170479,MG,Sudeste,5,80.0,1
3170503,MG,Sudeste,5,81.15,1
3170529,MG,Sudeste,5,67.15,1
3170578,MG,Sudeste,5,83.44,1
3170602,MG,Sudeste,5,69.23,1
3170651,MG,Sudeste,5,89.89,1
3170701,MG,Sudeste,5,71.53,1
3170750,MG,Sudeste,5,93.29,1
3170800,MG,Sudeste,5,70.34,1
3170909,MG,Sudeste,5,73.78,1
3171006,MG,Sudeste,5,71.85,1
3171071,MG,Sudeste,5,77.02,1
3171154,MG,Sudeste,5,81.82,1
3171204,MG,Sudeste,5,70.35,1
3171303,MG,Sudeste,5,72.11,1
3171402,MG,Sudeste,5,74.62,1
3171501,MG,Sudeste,5,67.61,1
3171600,MG,Sudeste,5,85.1,1
3171709,MG,Sudeste,5,74.66,1
3171808,MG,Sudeste,5,65.62,1
3171907,MG,Sudeste,5,70.97,0
3172004,MG,Sudeste,5,65.77,1
3172103,MG,Sudeste,5,76.28,1
3172202,MG,Sudeste,5,70.34,1
3200102,ES,Sudeste,5,95.4,1
3200136,ES,Sudeste,5,94.55,1
3200169,ES,Sudeste,5,81.68,1
3200201,ES,Sudeste,5,83.48,1
3200300,ES,Sudeste,5,87.55,1
3200359,ES,Sudeste,5,83.48,1
3200409,ES,Sudeste,5,88.41,1
3200508,ES,Sudeste,5,62.88,1
3200607,ES,Sudeste,5,74.36,1
3200706,ES,Sudeste,5,77.52,1
3200805,ES,Sudeste,5,74.59,1
3200904,ES,Sudeste,5,87.39,1
3201001,ES,Sudeste,5,84.92,1
3201100,ES,Sudeste,5,67.33,0
3201159,ES,Sudeste,5,87.96,1
3201209,ES,Sudeste,5,71.69,1
3201308,ES,Sudeste,5,64.57,1
3201407,ES,Sudeste,5,82.7,1
3201506,ES,Sudeste,5,77.5,1
3201605,ES,Sudeste,5,68.12,0
3201704,ES,Sudeste,5,84.19,1
3201803,ES,Sudeste,5,82.15,1
3201902,ES,Sudeste,5,81.13,1
3202009,ES,Sudeste,5,81.34,1
3202108,ES,Sudeste,5,94.7,1
3202207,ES,Sudeste,5,62.28,0
3202256,ES,Sudeste,5,77.12,1
3202306,ES,Sudeste,5,76.71,1
3202405,ES,Sudeste,5,75.99,1
3202454,ES,Sudeste,5,82.36,1
3202504,ES,Sudeste,5,81.16,1
3202553,ES,Sudeste,5,79.56,1
3202603,ES,Sudeste,5,75.87,0
3202652,ES,Sudeste,5,81.49,1
3202702,ES,Sudeste,5,87.99,1
3202801,ES,Sudeste,5,75.42,1
3202900,ES,Sudeste,5,82.15,1
3203007,ES,Sudeste,5,67.97,0
3203056,ES,Sudeste,5,80.31,1
3203106,ES,Sudeste,5,77.2,1
3203130,ES,Sudeste,5,77.28,1
3203163,ES,Sudeste,5,87.5,1
3203205,ES,Sudeste,5,67.59,1
3203304,ES,Sudeste,5,95.06,1
3203320,ES,Sudeste,5,69.4,0
3203346,ES,Sudeste,5,86.57,1
3203353,ES,Sudeste,5,78.31,0
3203403,ES,Sudeste,5,65.32,0
3203502,ES,Sudeste,5,80.21,1
3203601,ES,Sudeste,5,84.09,1
3203700,ES,Sudeste,5,82.24,1
3203809,ES,Sudeste,5,75.56,1
3203908,ES,Sudeste,5,83.24,1
3204005,ES,Sudeste,5,85.86,1
3204054,ES,Sudeste,5,80.91,1
3204104,ES,Sudeste,5,82.38,1
3204203,ES,Sudeste,5,70.65,1
3204252,ES,Sudeste,5,80.01,1
3204302,ES,Sudeste,5,69.85,0
3204351,ES,Sudeste,5,83.06,1
3204401,ES,Sudeste,5,77.38,0
3204500,ES,Sudeste,5,74.54,0
3204559,ES,Sudeste,5,79.8,0
3204609,ES,Sudeste,5,82.16,1
3204658,ES,Sudeste,5,84.74,1
3204708,ES,Sudeste,5,80.69,1
3204807,ES,Sudeste,5,62.35,0
3204906,ES,Sudeste,5,69.53,1
3204955,ES,Sudeste,5,89.65,1
3205002,ES,Sudeste,5,57.12,0
3205010,ES,Sudeste,5,70.81,1
3205036,ES,Sudeste,5,72.05,0
3205069,ES,Sudeste,5,82.2,1
3205101,ES,Sudeste,5,68.8,0
3205150,ES,Sudeste,5,61.4,0
3205176,ES,Sudeste,5,76.41,0
3205200,ES,Sudeste,5,67.75,0
3205309,ES,Sudeste,5,73.2,1
3300100,RJ,Sudeste,5,60.8,0
3300159,RJ,Sudeste,5,68.41,1
3300209,RJ,Sudeste,5,55.89,1
3300225,RJ,Sudeste,5,63.64,0
3300233,RJ,Sudeste,5,68.56,0
3300258,RJ,Sudeste,5,58.05,1
3300308,RJ,Sudeste,5,48.01,0
3300407,RJ,Sudeste,5,63.88,1
3300456,RJ,Sudeste,5,38.9,0
3300506,RJ,Sudeste,5,66.67,1
3300605,RJ,Sudeste,5,70.64,1
3300704,RJ,Sudeste,5,55.08,0
3300803,RJ,Sudeste,5,49.28,0
3300902,RJ,Sudeste,5,64.38,0
3300936,RJ,Sudeste,5,59.54,1
3300951,RJ,Sudeste,5,66.11,1
3301009,RJ,Sudeste,5,38.33,0
3301108,RJ,Sudeste,5,52.0,0
3301157,RJ,Sudeste,5,34.97,0
3301207,RJ,Sudeste,5,67.98,1
3301306,RJ,Sudeste,5,58.33,0
3301405,RJ,Sudeste,5,56.17,1
3301504,RJ,Sudeste,5,64.16,1
3301603,RJ,Sudeste,5,65.4,1
3301702,RJ,Sudeste,5,45.37,0
3301801,RJ,Sudeste,5,55.56,0
3301850,RJ,Sudeste,5,47.75,0
3301876,RJ,Sudeste,5,70.32,1
3301900,RJ,Sudeste,5,50.45,0
3302007,RJ,Sudeste,5,41.61,0
3302056,RJ,Sudeste,5,61.79,1
3302106,RJ,Sudeste,5,70.09,1
3302205,RJ,Sudeste,5,65.26,0
3302254,RJ,Sudeste,5,67.6,1
3302270,RJ,Sudeste,5,36.88,0
3302304,RJ,Sudeste,5,48.41,0
3302403,RJ,Sudeste,5,59.46,0
3302452,RJ,Sudeste,5,77.99,1
3302502,RJ,Sudeste,5,46.66,0
3302601,RJ,Sudeste,5,40.95,0
3302700,RJ,Sudeste,5,59.97,0
3302809,RJ,Sudeste,5,56.89,0
3302858,RJ,Sudeste,5,35.09,0
3302908,RJ,Sudeste,5,70.49,1
3303005,RJ,Sudeste,5,69.51,0
3303104,RJ,Sudeste,5,56.91,0
3303203,RJ,Sudeste,5,47.32,0
3303302,RJ,Sudeste,5,51.2,0
3303401,RJ,Sudeste,5,68.84,1
3303500,RJ,Sudeste,5,33.42,0
3303609,RJ,Sudeste,5,69.98,1
3303708,RJ,Sudeste,5,51.96,0
3303807,RJ,Sudeste,5,48.89,0
3303856,RJ,Sudeste,5,75.96,1
3303906,RJ,Sudeste,5,64.81,0
3303955,RJ,Sudeste,5,63.28,1
3304003,RJ,Sudeste,5,60.43,0
3304102,RJ,Sudeste,5,52.38,1
3304110,RJ,Sudeste,5,63.3,0
3304128,RJ,Sudeste,5,60.05,1
3304144,RJ,Sudeste,5,37.63,0
3304151,RJ,Sudeste,5,70.11,1
3304201,RJ,Sudeste,5,72.48,1
3304300,RJ,Sudeste,5,57.46,0
3304409,RJ,Sudeste,5,65.54,0
3304508,RJ,Sudeste,5,67.73,1
3304524,RJ,Sudeste,5,68.67,1
3304557,RJ,Sudeste,5,63.75,1
3304607,RJ,Sudeste,5,65.02,0
3304706,RJ,Sudeste,5,73.82,1
3304755,RJ,Sudeste,5,47.47,0
3304805,RJ,Sudeste,5,48.7,1
3304904,RJ,Sudeste,5,43.71,0
3305000,RJ,Sudeste,5,58.22,1
3305109,RJ,Sudeste,5,35.97,0
3305133,RJ,Sudeste,5,80.39,1
3305158,RJ,Sudeste,5,76.78,1
3305208,RJ,Sudeste,5,55.74,0
3305307,RJ,Sudeste,5,49.68,0
3305406,RJ,Sudeste,5,65.37,0
3305505,RJ,Sudeste,5,62.51,0
3305554,RJ,Sudeste,5,50.53,0
3305604,RJ,Sudeste,5,57.35,0
3305752,RJ,Sudeste,5,54.46,0
3305802,RJ,Sudeste,5,64.17,1
3305901,RJ,Sudeste,5,79.23,1
3306008,RJ,Sudeste,5,51.43,0
3306107,RJ,Sudeste,5,55.84,0
3306206,RJ,Sudeste,5,60.33,0
3306305,RJ,Sudeste,5,63.25,0
3500105,SP,Sudeste,5,66.06,0
3500204,SP,Sudeste,5,85.8,1
3500303,SP,Sudeste,5,58.41,1
3500402,SP,Sudeste,5,61.82,0
3500501,SP,Sudeste,5,43.65,0
3500550,SP,Sudeste,5,48.99,0
3500600,SP,Sudeste,5,80.89,1
3500709,SP,Sudeste,5,64.6,1
3500758,SP,Sudeste,5,61.45,0
3500907,SP,Sudeste,5,62.85,1
3501004,SP,Sudeste,5,67.78,0
3501103,SP,Sudeste,5,71.82,1
3501152,SP,Sudeste,5,53.68,0
3501202,SP,Sudeste,5,72.05,0
3501301,SP,Sudeste,5,72.19,1
3501400,SP,Sudeste,5,58.33,0
3501509,SP,Sudeste,5,91.84,1
3501608,SP,Sudeste,5,64.36,1
3501707,SP,Sudeste,5,71.18,1
3501806,SP,Sudeste,5,78.38,1
3501905,SP,Sudeste,5,59.94,1
3502002,SP,Sudeste,5,68.65,1
3502101,SP,Sudeste,5,65.48,1
3502200,SP,Sudeste,5,59.71,1
3502309,SP,Sudeste,5,45.69,1
3502408,SP,Sudeste,5,57.39,0
3502507,SP,Sudeste,5,53.75,1
3502606,SP,Sudeste,5,86.16,1
3502705,SP,Sudeste,5,88.38,1
3502754,SP,Sudeste,5,54.04,0
3502804,SP,Sudeste,5,74.22,1
3502903,SP,Sudeste,5,56.16,1
3503000,SP,Sudeste,5,72.03,1
3503109,SP,Sudeste,5,56.61,0
3503158,SP,Sudeste,5,37.41,0
3503208,SP,Sudeste,5,62.01,1
3503307,SP,Sudeste,5,59.68,0
3503356,SP,Sudeste,5,77.27,1
3503406,SP,Sudeste,5,79.38,1
3503505,SP,Sudeste,5,56.95,0
3503604,SP,Sudeste,5,75.02,1
3503703,SP,Sudeste,5,87.22,1
3503802,SP,Sudeste,5,54.41,0
3503901,SP,Sudeste,5,60.67,1
3504008,SP,Sudeste,5,54.85,1
3504107,SP,Sudeste,5,65.46,0
3504206,SP,Sudeste,5,77.87,1
3504305,SP,Sudeste,5,65.24,1
3504404,SP,Sudeste,5,77.37,1
3504503,SP,Sudeste,5,52.47,0
3504602,SP,Sudeste,5,61.39,1
3504701,SP,Sudeste,5,100.0,1
3504800,SP,Sudeste,5,83.51,1
3504909,SP,Sudeste,5,58.62,1
3505005,SP,Sudeste,5,64.23,0
3505104,SP,Sudeste,5,65.05,0
3505203,SP,Sudeste,5,72.3,1
3505302,SP,Sudeste,5,80.01,1
3505351,SP,Sudeste,5,65.29,0
3505401,SP,Sudeste,5,34.89,0
3505500,SP,Sudeste,5,58.42,0
3505609,SP,Sudeste,5,51.43,0
3505708,SP,Sudeste,5,68.13,1
3505807,SP,Sudeste,5,46.89,0
3505906,SP,Sudeste,5,55.68,0
3506003,SP,Sudeste,5,50.56,1
3506102,SP,Sudeste,5,55.75,1
3506201,SP,Sudeste,5,84.11,1
3506300,SP,Sudeste,5,47.5,0
3506359,SP,Sudeste,5,69.58,1
3506409,SP,Sudeste,5,74.74,1
3506508,SP,Sudeste,5,78.13,1
3506607,SP,Sudeste,5,52.19,1
3506706,SP,Sudeste,5,55.34,1
3506805,SP,Sudeste,5,49.59,1
3506904,SP,Sudeste,5,69.75,1
3507001,SP,Sudeste,5,69.83,1
3507100,SP,Sudeste,5,53.92,0
3507159,SP,Sudeste,5,55.46,0
3507308,SP,Sudeste,5,66.62,0
3507407,SP,Sudeste,5,70.83,0
3507456,SP,Sudeste,5,53.42,0
3507506,SP,Sudeste,5,57.09,0
3507605,SP,Sudeste,5,53.36,0
3507704,SP,Sudeste,5,73.18,0
3507753,SP,Sudeste,5,100.0,1
3507803,SP,Sudeste,5,54.27,0
3507902,SP,Sudeste,5,56.01,0
3508009,SP,Sudeste,5,63.24,1
3508108,SP,Sudeste,5,67.83,1
3508207,SP,Sudeste,5,56.29,0
3508306,SP,Sudeste,5,78.11,0
3508405,SP,Sudeste,5,64.6,1
3508504,SP,Sudeste,5,44.26,0
3508603,SP,Sudeste,5,41.8,0
3508702,SP,Sudeste,5,75.94,1
3508801,SP,Sudeste,5,61.51,0
3508900,SP,Sudeste,5,65.71,1
3509007,SP,Sudeste,5,52.21,1
3509106,SP,Sudeste,5,81.48,1
3509205,SP,Sudeste,5,53.17,0
3509254,SP,Sudeste,5,57.52,0
3509304,SP,Sudeste,5,60.42,0
3509403,SP,Sudeste,5,54.99,0
3509452,SP,Sudeste,5,43.46,0
3509502,SP,Sudeste,5,41.49,0
3509601,SP,Sudeste,5,48.77,0
3509700,SP,Sudeste,5,57.12,1
3509809,SP,Sudeste,5,86.59,1
3509908,SP,Sudeste,5,59.72,0
3509957,SP,Sudeste,5,48.15,0
3510005,SP,Sudeste,5,65.51,0
3510104,SP,Sudeste,5,92.31,1
3510203,SP,Sudeste,5,74.63,1
3510302,SP,Sudeste,5,47.64,0
3510401,SP,Sudeste,5,66.48,0
3510500,SP,Sudeste,5,58.19,0
3510609,SP,Sudeste,5,44.8,0
3510708,SP,Sudeste,5,59.86,0
3510807,SP,Sudeste,5,61.98,1
3510906,SP,Sudeste,5,75.0,1
3511003,SP,Sudeste,5,45.42,0
3511102,SP,Sudeste,5,70.27,1
3511201,SP,Sudeste,5,84.7,1
3511300,SP,Sudeste,5,55.73,0
3511409,SP,Sudeste,5,39.99,0
3511508,SP,Sudeste,5,69.15,1
3511607,SP,Sudeste,5,51.32,0
3511706,SP,Sudeste,5,62.5,1
3511904,SP,Sudeste,5,54.12,0
3512001,SP,Sudeste,5,57.89,1
3512100,SP,Sudeste,5,72.63,0
3512209,SP,Sudeste,5,55.54,0
3512308,SP,Sudeste,5,69.48,1
3512407,SP,Sudeste,5,69.6,0
3512506,SP,Sudeste,5,72.95,1
3512605,SP,Sudeste,5,38.69,0
3512704,SP,Sudeste,5,84.16,1
3512803,SP,Sudeste,5,59.61,1
3512902,SP,Sudeste,5,56.46,0
3513009,SP,Sudeste,5,49.49,0
3513108,SP,Sudeste,5,59.0,1
3513207,SP,Sudeste,5,49.46,0
3513306,SP,Sudeste,5,47.06,0
3513405,SP,Sudeste,5,55.99,1
3513504,SP,Sudeste,5,45.43,0
3513603,SP,Sudeste,5,58.09,1
3513702,SP,Sudeste,5,80.62,1
3513801,SP,Sudeste,5,48.02,1
3513850,SP,Sudeste,5,84.62,1
3513900,SP,Sudeste,5,61.36,1
3514106,SP,Sudeste,5,57.41,0
3514205,SP,Sudeste,5,65.38,0
3514304,SP,Sudeste,5,71.85,0
3514403,SP,Sudeste,5,62.74,0
3514502,SP,Sudeste,5,77.0,0
3514601,SP,Sudeste,5,64.5,0
3514700,SP,Sudeste,5,95.07,1
3514809,SP,Sudeste,5,75.19,1
3514908,SP,Sudeste,5,56.28,0
3514924,SP,Sudeste,5,85.34,1
3514957,SP,Sudeste,5,73.08,0
3515004,SP,Sudeste,5,40.5,1
3515103,SP,Sudeste,5,45.34,0
3515129,SP,Sudeste,5,88.58,1
3515152,SP,Sudeste,5,47.86,0
3515186,SP,Sudeste,5,61.16,0
3515194,SP,Sudeste,5,56.14,0
3515202,SP,Sudeste,5,58.91,1
3515301,SP,Sudeste,5,89.26,1
3515350,SP,Sudeste,5,69.86,0
3515400,SP,Sudeste,5,82.78,1
3515509,SP,Sudeste,5,61.01,0
3515608,SP,Sudeste,5,85.99,1
3515657,SP,Sudeste,5,44.0,0
3515707,SP,Sudeste,5,65.07,1
3515806,SP,Sudeste,2,27.27,0
3515905,SP,Sudeste,5,96.19,1
3516002,SP,Sudeste,5,54.56,0
3516200,SP,Sudeste,5,64.54,1
3516309,SP,Sudeste,5,50.49,0
3516408,SP,Sudeste,5,46.57,0
3516507,SP,Sudeste,5,85.45,1
3516606,SP,Sudeste,5,66.68,0
3516705,SP,Sudeste,5,57.27,1
3516804,SP,Sudeste,5,54.3,0
3516853,SP,Sudeste,5,73.65,1
3516903,SP,Sudeste,5,67.35,1
3517000,SP,Sudeste,5,68.1,1
3517109,SP,Sudeste,5,86.84,1
3517208,SP,Sudeste,5,60.0,1
3517307,SP,Sudeste,5,83.39,1
3517406,SP,Sudeste,5,53.49,0
3517505,SP,Sudeste,5,70.54,1
3517604,SP,Sudeste,5,60.31,0
3517703,SP,Sudeste,5,76.27,1
3517802,SP,Sudeste,5,60.72,1
3517901,SP,Sudeste,5,73.02,0
3518008,SP,Sudeste,5,57.14,0
3518107,SP,Sudeste,5,47.49,0
3518206,SP,Sudeste,5,71.91,1
3518305,SP,Sudeste,5,76.97,1
3518404,SP,Sudeste,5,55.83,0
3518503,SP,Sudeste,5,68.52,1
3518602,SP,Sudeste,5,78.67,1
3518701,SP,Sudeste,5,44.13,0
3518800,SP,Sudeste,5,44.19,0
3518859,SP,Sudeste,5,33.82,0
3518909,SP,Sudeste,5,79.92,0
3519006,SP,Sudeste,5,81.08,1
3519055,SP,Sudeste,5,62.59,1
3519071,SP,Sudeste,5,55.05,0
3519105,SP,Sudeste,5,97.67,1
3519253,SP,Sudeste,5,42.77,0
3519303,SP,Sudeste,5,68.78,1
3519402,SP,Sudeste,5,61.64,0
3519501,SP,Sudeste,5,71.85,0
3519600,SP,Sudeste,5,49.2,0
3519709,SP,Sudeste,5,53.06,1
3519808,SP,Sudeste,5,81.32,1
3519907,SP,Sudeste,5,53.84,0
3520004,SP,Sudeste,5,77.29,1
3520103,SP,Sudeste,5,55.6,1
3520202,SP,Sudeste,5,50.61,0
3520301,SP,Sudeste,5,61.67,1
3520400,SP,Sudeste,5,43.27,0
3520426,SP,Sudeste,5,67.6,1
3520442,SP,Sudeste,5,80.76,1
3520509,SP,Sudeste,5,62.82,1
3520608,SP,Sudeste,5,70.59,0
3520707,SP,Sudeste,5,78.96,1
3520806,SP,Sudeste,5,94.72,1
3520905,SP,Sudeste,5,54.96,0
3521002,SP,Sudeste,5,44.75,0
3521101,SP,Sudeste,5,62.62,1
3521150,SP,Sudeste,5,43.3,0
3521200,SP,Sudeste,5,65.63,1
3521309,SP,Sudeste,5,63.8,0
3521408,SP,Sudeste,5,62.26,0
3521507,SP,Sudeste,5,76.62,1
3521606,SP,Sudeste,5,96.0,1
3521804,SP,Sudeste,5,46.71,0
3521903,SP,Sudeste,5,82.74,1
3522000,SP,Sudeste,5,44.34,0
3522109,SP,Sudeste,5,48.05,0
3522158,SP,Sudeste,5,51.85,0
3522208,SP,Sudeste,5,54.9,0
3522307,SP,Sudeste,5,50.81,1
3522406,SP,Sudeste,5,56.2,0
3522505,SP,Sudeste,5,55.46,1
3522604,SP,Sudeste,5,62.18,0
3522653,SP,Sudeste,5,29.85,0
3522703,SP,Sudeste,5,77.38,1
3522802,SP,Sudeste,5,70.1,1
3522901,SP,Sudeste,5,53.04,1
3523008,SP,Sudeste,5,79.05,1
3523107,SP,Sudeste,5,57.19,1
3523206,SP,Sudeste,5,53.17,0
3523305,SP,Sudeste,5,70.98,1
3523404,SP,Sudeste,5,73.47,1
3523503,SP,Sudeste,5,54.18,0
3523602,SP,Sudeste,5,69.9,1
3523701,SP,Sudeste,5,82.38,1
3523909,SP,Sudeste,5,61.67,0
3524006,SP,Sudeste,5,48.94,0
3524105,SP,Sudeste,5,49.94,0
3524204,SP,Sudeste,5,67.19,0
3524303,SP,Sudeste,5,57.94,1
3524402,SP,Sudeste,5,51.48,1
3524501,SP,Sudeste,5,68.06,1
3524600,SP,Sudeste,5,54.8,0
3524709,SP,Sudeste,5,70.22,1
3524808,SP,Sudeste,5,70.53,1
3524907,SP,Sudeste,5,56.89,0
3525003,SP,Sudeste,5,51.39,1
3525102,SP,Sudeste,5,45.42,0
3525201,SP,Sudeste,5,44.07,0
3525300,SP,Sudeste,5,54.89,0
3525409,SP,Sudeste,5,49.55,0
3525508,SP,Sudeste,5,57.3,0
3525607,SP,Sudeste,5,65.42,0
3525706,SP,Sudeste,5,54.93,0
3525805,SP,Sudeste,5,55.26,0
3525854,SP,Sudeste,5,50.81,0
3525904,SP,Sudeste,5,70.49,0
3526001,SP,Sudeste,5,80.44,1
3526100,SP,Sudeste,5,55.18,0
3526209,SP,Sudeste,5,55.99,0
3526308,SP,Sudeste,5,65.02,1
3526407,SP,Sudeste,5,59.37,1
3526506,SP,Sudeste,5,59.08,0
3526605,SP,Sudeste,5,46.14,0
3526704,SP,Sudeste,5,61.7,1
3526803,SP,Sudeste,5,63.65,0
3526902,SP,Sudeste,5,62.75,0
3527009,SP,Sudeste,5,61.13,0
3527108,SP,Sudeste,5,92.23,1
3527207,SP,Sudeste,5,47.82,0
3527256,SP,Sudeste,5,72.22,0
3527306,SP,Sudeste,5,58.25,0
3527405,SP,Sudeste,5,68.26,1
3527504,SP,Sudeste,5,75.0,0
3527603,SP,Sudeste,5,43.03,0
3527702,SP,Sudeste,5,54.95,0
3527801,SP,Sudeste,5,60.96,1
3527900,SP,Sudeste,5,78.67,1
3528007,SP,Sudeste,5,62.4,0
3528106,SP,Sudeste,5,96.3,1
3528205,SP,Sudeste,5,72.5,0
3528304,SP,Sudeste,5,93.95,1
3528502,SP,Sudeste,5,63.31,1
3528601,SP,Sudeste,5,65.64,1
3528700,SP,Sudeste,5,48.33,0
3528809,SP,Sudeste,5,91.17,1
3528858,SP,Sudeste,5,100.0,1
3528908,SP,Sudeste,5,48.4,0
3529005,SP,Sudeste,5,64.28,1
3529104,SP,Sudeste,5,100.0,1
3529203,SP,Sudeste,5,63.56,1
3529302,SP,Sudeste,5,62.33,0
3529401,SP,Sudeste,5,46.04,0
3529500,SP,Sudeste,5,77.56,1
3529609,SP,Sudeste,5,67.31,0
3529658,SP,Sudeste,5,56.25,1
3529708,SP,Sudeste,5,29.09,0
3529807,SP,Sudeste,5,68.18,1
3529906,SP,Sudeste,5,65.52,1
3530003,SP,Sudeste,5,93.03,1
3530102,SP,Sudeste,5,54.13,0
3530201,SP,Sudeste,5,87.52,1
3530300,SP,Sudeste,5,61.57,0
3530409,SP,Sudeste,5,55.96,0
3530508,SP,Sudeste,5,61.52,1
3530607,SP,Sudeste,5,47.88,0
3530706,SP,Sudeste,5,63.47,1
3530805,SP,Sudeste,5,57.7,0
3530904,SP,Sudeste,5,74.25,1
3531001,SP,Sudeste,5,80.77,1
3531100,SP,Sudeste,5,41.39,0
3531209,SP,Sudeste,5,56.59,0
3531308,SP,Sudeste,5,59.0,0
3531407,SP,Sudeste,5,65.44,0
3531506,SP,Sudeste,5,55.38,0
3531605,SP,Sudeste,5,94.29,1
3531704,SP,Sudeste,5,50.9,0
3531803,SP,Sudeste,5,46.98,0
3531902,SP,Sudeste,5,45.3,0
3532009,SP,Sudeste,5,47.32,0
3532058,SP,Sudeste,5,78.09,0
3532108,SP,Sudeste,5,100.0,1
3532157,SP,Sudeste,5,36.18,0
3532207,SP,Sudeste,5,60.6,1
3532306,SP,Sudeste,5,57.89,1
3532405,SP,Sudeste,5,62.5,1
3532504,SP,Sudeste,5,74.47,0
3532603,SP,Sudeste,5,67.47,0
3532702,SP,Sudeste,5,80.24,1
3532801,SP,Sudeste,5,73.75,1
3532827,SP,Sudeste,5,61.55,1
3532843,SP,Sudeste,5,72.22,0
3532868,SP,Sudeste,5,25.0,0
3532900,SP,Sudeste,5,68.76,1
3533007,SP,Sudeste,5,59.94,0
3533106,SP,Sudeste,5,83.33,1
3533205,SP,Sudeste,5,88.79,1
3533254,SP,Sudeste,5,63.99,0
3533304,SP,Sudeste,5,73.33,0
3533403,SP,Sudeste,5,57.96,0
3533502,SP,Sudeste,5,75.66,1
3533601,SP,Sudeste,5,64.88,0
3533700,SP,Sudeste,5,90.38,1
3533809,SP,Sudeste,5,70.0,1
3533908,SP,Sudeste,5,74.72,1
3534005,SP,Sudeste,5,74.45,1
3534104,SP,Sudeste,5,39.53,0
3534203,SP,Sudeste,5,48.15,0
3534302,SP,Sudeste,5,57.15,1
3534401,SP,Sudeste,5,49.13,0
3534500,SP,Sudeste,5,88.17,1
3534609,SP,Sudeste,5,59.23,0
3534708,SP,Sudeste,5,53.67,0
3534757,SP,Sudeste,5,89.21,1
3534807,SP,Sudeste,5,76.07,0
3534906,SP,Sudeste,5,53.27,0
3535002,SP,Sudeste,5,72.03,1
3535101,SP,Sudeste,5,77.46,0
3535200,SP,Sudeste,5,83.91,1
3535309,SP,Sudeste,5,60.32,1
3535408,SP,Sudeste,5,92.54,1
3535507,SP,Sudeste,5,56.93,1
3535606,SP,Sudeste,5,58.56,0
3535705,SP,Sudeste,5,87.14,1
3535804,SP,Sudeste,5,42.59,0
3535903,SP,Sudeste,5,82.89,1
3536000,SP,Sudeste,5,73.38,0
3536109,SP,Sudeste,5,56.51,0
3536208,SP,Sudeste,5,61.36,0
3536257,SP,Sudeste,5,90.72,1
3536307,SP,Sudeste,5,67.0,1
3536406,SP,Sudeste,5,75.86,1
3536505,SP,Sudeste,5,61.39,1
3536570,SP,Sudeste,5,73.68,1
3536604,SP,Sudeste,5,80.89,1
3536703,SP,Sudeste,5,46.77,1
3536901,SP,Sudeste,5,72.73,1
3537008,SP,Sudeste,5,51.67,0
3537107,SP,Sudeste,5,94.25,1
3537156,SP,Sudeste,5,67.92,0
3537206,SP,Sudeste,5,45.97,1
3537305,SP,Sudeste,5,61.01,0
3537404,SP,Sudeste,5,83.47,1
3537503,SP,Sudeste,5,66.7,1
3537602,SP,Sudeste,5,46.81,1
3537701,SP,Sudeste,5,76.68,0
3537800,SP,Sudeste,5,63.25,1
3537909,SP,Sudeste,5,63.33,1
3538006,SP,Sudeste,5,63.8,1
3538105,SP,Sudeste,5,63.37,1
3538204,SP,Sudeste,5,78.79,1
3538303,SP,Sudeste,5,45.2,0
3538501,SP,Sudeste,5,69.56,1
3538600,SP,Sudeste,5,57.46,0
3538709,SP,Sudeste,5,55.08,0
3538808,SP,Sudeste,5,71.36,1
3538907,SP,Sudeste,5,46.03,0
3539004,SP,Sudeste,5,75.61,0
3539103,SP,Sudeste,5,40.79,0
3539202,SP,Sudeste,5,69.44,0
3539301,SP,Sudeste,5,56.4,1
3539400,SP,Sudeste,5,44.37,0
3539509,SP,Sudeste,5,67.24,1
3539608,SP,Sudeste,5,83.68,1
3539707,SP,Sudeste,5,84.61,1
3539806,SP,Sudeste,5,51.72,0
3540002,SP,Sudeste,5,60.32,0
3540101,SP,Sudeste,5,91.45,1
3540200,SP,Sudeste,5,64.47,1
3540259,SP,Sudeste,5,51.66,1
3540309,SP,Sudeste,5,74.25,1
3540408,SP,Sudeste,5,79.69,1
3540507,SP,Sudeste,5,60.38,0
3540606,SP,Sudeste,5,70.08,0
3540705,SP,Sudeste,5,50.08,0
3540754,SP,Sudeste,5,46.58,0
3540804,SP,Sudeste,5,62.55,0
3540853,SP,Sudeste,5,80.0,1
3540903,SP,Sudeste,5,62.53,0
3541000,SP,Sudeste,5,51.25,0
3541059,SP,Sudeste,5,56.48,0
3541208,SP,Sudeste,5,79.72,1
3541307,SP,Sudeste,5,69.12,1
3541406,SP,Sudeste,5,61.12,1
3541505,SP,Sudeste,5,76.57,1
3541604,SP,Sudeste,5,79.12,1
3541653,SP,Sudeste,5,65.39,1
3541703,SP,Sudeste,5,68.43,0
3541901,SP,Sudeste,5,68.79,1
3542008,SP,Sudeste,5,64.71,1
3542107,SP,Sudeste,5,70.8,0
3542206,SP,Sudeste,5,60.02,0
3542305,SP,Sudeste,5,84.33,1
3542404,SP,Sudeste,5,61.09,0
3542503,SP,Sudeste,5,84.53,1
3542602,SP,Sudeste,5,63.81,1
3542701,SP,Sudeste,5,55.18,0
3542800,SP,Sudeste,5,53.85,0
3542909,SP,Sudeste,5,53.4,0
3543006,SP,Sudeste,5,64.79,1
3543105,SP,Sudeste,5,74.51,1
3543204,SP,Sudeste,5,58.93,0
3543238,SP,Sudeste,5,91.67,1
3543253,SP,Sudeste,5,60.84,0
3543303,SP,Sudeste,5,66.4,0
3543402,SP,Sudeste,5,45.01,0
3543501,SP,Sudeste,5,64.17,0
3543709,SP,Sudeste,5,74.83,1
3543907,SP,Sudeste,5,54.52,0
3544004,SP,Sudeste,5,58.5,0
3544103,SP,Sudeste,5,57.14,1
3544202,SP,Sudeste,5,84.72,1
3544251,SP,Sudeste,5,78.64,1
3544301,SP,Sudeste,5,67.2,1
3544400,SP,Sudeste,5,82.14,1
3544509,SP,Sudeste,5,75.0,1
3544608,SP,Sudeste,5,46.98,0
3544707,SP,Sudeste,5,91.33,1
3544806,SP,Sudeste,5,68.37,0
3544905,SP,Sudeste,5,50.04,0
3545001,SP,Sudeste,5,65.52,0
3545100,SP,Sudeste,5,61.69,1
3545159,SP,Sudeste,5,64.45,0
3545209,SP,Sudeste,5,60.52,1
3545308,SP,Sudeste,5,45.12,0
3545407,SP,Sudeste,5,44.94,0
3545506,SP,Sudeste,5,89.83,1
3545605,SP,Sudeste,5,64.33,1
3545704,SP,Sudeste,5,58.21,0
3545803,SP,Sudeste,5,64.2,1
3546009,SP,Sudeste,5,49.71,1
3546108,SP,Sudeste,5,100.0,1
3546207,SP,Sudeste,5,73.36,1
3546256,SP,Sudeste,5,42.56,0
3546306,SP,Sudeste,5,59.69,1
3546405,SP,Sudeste,5,72.25,1
3546504,SP,Sudeste,5,92.26,1
3546603,SP,Sudeste,5,54.03,0
3546702,SP,Sudeste,5,64.05,1
3546801,SP,Sudeste,5,67.17,0
3546900,SP,Sudeste,5,70.68,1
3547007,SP,Sudeste,5,86.98,1
3547106,SP,Sudeste,5,81.08,1
3547403,SP,Sudeste,5,52.94,0
3547502,SP,Sudeste,5,67.97,1
3547601,SP,Sudeste,5,75.32,1
3547700,SP,Sudeste,5,79.01,0
3547809,SP,Sudeste,5,56.5,0
3547908,SP,Sudeste,5,67.18,1
3548005,SP,Sudeste,5,62.07,1
3548054,SP,Sudeste,5,62.22,1
3548104,SP,Sudeste,5,72.45,0
3548203,SP,Sudeste,5,73.68,1
3548302,SP,Sudeste,5,100.0,1
3548401,SP,Sudeste,5,77.36,1
3548500,SP,Sudeste,5,52.77,0
3548609,SP,Sudeste,5,57.89,0
3548708,SP,Sudeste,5,54.16,0
3548807,SP,Sudeste,5,66.12,1
3548906,SP,Sudeste,5,50.27,0
3549102,SP,Sudeste,5,61.6,1
3549201,SP,Sudeste,5,80.0,1
3549250,SP,Sudeste,5,44.44,0
3549300,SP,Sudeste,5,100.0,1
3549409,SP,Sudeste,5,50.24,0
3549508,SP,Sudeste,5,50.38,0
3549607,SP,Sudeste,5,52.78,1
3549706,SP,Sudeste,5,63.96,1
3549805,SP,Sudeste,5,56.85,1
3549904,SP,Sudeste,5,64.75,1
3549953,SP,Sudeste,5,58.4,0
3550001,SP,Sudeste,5,59.66,0
3550100,SP,Sudeste,5,60.53,0
3550209,SP,Sudeste,5,73.78,1
3550308,SP,Sudeste,5,48.25,1
3550407,SP,Sudeste,5,58.16,1
3550506,SP,Sudeste,5,71.42,1
3550605,SP,Sudeste,5,51.51,0
3550704,SP,Sudeste,5,44.38,0
3550803,SP,Sudeste,5,68.66,1
3550902,SP,Sudeste,5,65.55,0
3551009,SP,Sudeste,5,47.93,0
3551108,SP,Sudeste,5,53.32,1
3551207,SP,Sudeste,5,79.97,1
3551306,SP,Sudeste,5,75.86,0
3551405,SP,Sudeste,5,44.65,1
3551504,SP,Sudeste,5,43.97,0
3551702,SP,Sudeste,5,54.16,0
3551801,SP,Sudeste,5,52.1,0
3551900,SP,Sudeste,5,61.65,1
3552007,SP,Sudeste,5,47.27,0
3552106,SP,Sudeste,5,59.71,1
3552205,SP,Sudeste,5,52.43,0
3552304,SP,Sudeste,5,57.15,1
3552403,SP,Sudeste,5,50.61,0
3552502,SP,Sudeste,5,46.82,0
3552551,SP,Sudeste,5,90.85,1
3552601,SP,Sudeste,5,98.83,1
3552700,SP,Sudeste,5,62.83,0
3552809,SP,Sudeste,5,49.01,0
3552908,SP,Sudeste,5,67.0,0
3553005,SP,Sudeste,5,71.38,1
3553104,SP,Sudeste,5,38.71,0
3553203,SP,Sudeste,5,57.37,0
3553302,SP,Sudeste,5,59.74,1
3553401,SP,Sudeste,5,74.07,1
3553500,SP,Sudeste,5,57.45,0
3553609,SP,Sudeste,5,79.51,1
3553658,SP,Sudeste,5,27.27,0
3553708,SP,Sudeste,5,72.83,1
3553807,SP,Sudeste,5,56.67,0
3553856,SP,Sudeste,5,47.19,0
3553906,SP,Sudeste,5,67.98,0
3553955,SP,Sudeste,5,91.72,1
3554003,SP,Sudeste,5,53.92,0
3554102,SP,Sudeste,5,53.88,1
3554201,SP,Sudeste,5,59.38,0
3554300,SP,Sudeste,5,70.49,1
3554409,SP,Sudeste,5,74.29,1
3554508,SP,Sudeste,5,62.5,1
3554607,SP,Sudeste,5,58.99,1
3554656,SP,Sudeste,5,30.77,0
3554755,SP,Sudeste,5,47.37,0
3554805,SP,Sudeste,5,54.73,1
3554904,SP,Sudeste,5,69.58,0
3554953,SP,Sudeste,5,55.64,0
3555000,SP,Sudeste,5,51.23,0
3555109,SP,Sudeste,5,93.46,1
3555208,SP,Sudeste,5,93.33,1
3555307,SP,Sudeste,5,70.59,1
3555356,SP,Sudeste,5,74.44,1
3555406,SP,Sudeste,5,36.64,0
3555505,SP,Sudeste,5,56.25,1
3555604,SP,Sudeste,5,87.56,1
3555901,SP,Sudeste,5,100.0,1
3556008,SP,Sudeste,5,65.68,0
3556107,SP,Sudeste,5,85.95,1
3556206,SP,Sudeste,5,48.21,0
3556305,SP,Sudeste,5,70.44,1
3556354,SP,Sudeste,5,65.34,0
3556404,SP,Sudeste,5,61.51,0
3556453,SP,Sudeste,5,64.59,1
3556503,SP,Sudeste,5,53.24,0
3556602,SP,Sudeste,5,50.96,0
3556701,SP,Sudeste,5,56.12,1
3556800,SP,Sudeste,5,60.23,0
3556909,SP,Sudeste,5,52.86,0
3556958,SP,Sudeste,5,100.0,1
3557006,SP,Sudeste,5,54.69,1
3557105,SP,Sudeste,5,61.66,1
3557154,SP,Sudeste,5,80.0,1
3557204,SP,Sudeste,5,51.58,1
3557303,SP,Sudeste,5,51.48,1
4100103,PR,Sul,1,57.74,0
4100202,PR,Sul,1,60.95,0
4100301,PR,Sul,1,87.51,1
4100400,PR,Sul,1,45.12,0
4100459,PR,Sul,1,74.47,0
4100509,PR,Sul,1,78.17,1
4100608,PR,Sul,1,70.12,1
4100707,PR,Sul,1,64.66,0
4100806,PR,Sul,1,72.48,1
4100905,PR,Sul,1,76.71,1
4101002,PR,Sul,1,70.06,1
4101051,PR,Sul,1,69.97,1
4101101,PR,Sul,1,64.82,0
4101150,PR,Sul,1,86.15,1
4101200,PR,Sul,1,63.75,0
4101309,PR,Sul,1,88.26,1
4101408,PR,Sul,1,78.78,0
4101507,PR,Sul,1,70.97,0
4101606,PR,Sul,1,67.63,0
4101655,PR,Sul,1,76.31,1
4101705,PR,Sul,1,77.54,1
4101804,PR,Sul,1,69.02,0
4101853,PR,Sul,1,69.82,0
4101903,PR,Sul,1,80.24,1
4102000,PR,Sul,1,80.31,1
4102109,PR,Sul,1,75.21,0
4102208,PR,Sul,1,88.32,1
4102307,PR,Sul,1,75.18,0
4102406,PR,Sul,1,72.78,0
4102505,PR,Sul,1,77.65,0
4102604,PR,Sul,1,73.99,1
4102703,PR,Sul,1,72.41,1
4102752,PR,Sul,1,88.13,1
4102802,PR,Sul,1,54.88,0
4102901,PR,Sul,1,70.06,0
4103008,PR,Sul,1,92.95,1
4103024,PR,Sul,1,93.1,1
4103040,PR,Sul,1,60.49,0
4103057,PR,Sul,1,53.35,0
4103107,PR,Sul,1,57.37,1
4103156,PR,Sul,1,93.48,1
4103206,PR,Sul,1,72.9,1
4103222,PR,Sul,1,71.33,0
4103305,PR,Sul,1,75.03,0
4103354,PR,Sul,1,85.11,1
4103370,PR,Sul,1,77.7,1
4103404,PR,Sul,1,63.42,0
4103453,PR,Sul,1,78.14,0
4103479,PR,Sul,1,64.76,1
4103503,PR,Sul,1,69.28,0
4103602,PR,Sul,1,58.04,0
4103701,PR,Sul,1,76.35,0
4103800,PR,Sul,1,83.63,1
4103909,PR,Sul,1,77.67,0
4103958,PR,Sul,1,84.25,1
4104006,PR,Sul,1,66.84,0
4104055,PR,Sul,1,78.31,1
4104105,PR,Sul,1,80.98,1
4104204,PR,Sul,1,69.19,0
4104253,PR,Sul,1,57.97,0
4104303,PR,Sul,1,76.77,0
4104402,PR,Sul,1,85.54,1
4104428,PR,Sul,1,64.69,0
4104451,PR,Sul,1,71.81,1
4104501,PR,Sul,1,79.5,1
4104600,PR,Sul,1,78.04,1
4104659,PR,Sul,1,69.2,0
4104709,PR,Sul,1,66.18,0
4104808,PR,Sul,1,74.34,0
4104907,PR,Sul,1,74.56,0
4105003,PR,Sul,1,56.16,0
4105102,PR,Sul,1,74.15,1
4105201,PR,Sul,1,49.89,0
4105300,PR,Sul,1,84.56,1
4105409,PR,Sul,1,70.85,0
4105508,PR,Sul,1,74.95,0
4105607,PR,Sul,1,63.42,0
4105706,PR,Sul,1,74.84,1
4105805,PR,Sul,1,60.67,0
4105904,PR,Sul,1,78.22,0
4106001,PR,Sul,1,41.19,0
4106100,PR,Sul,1,69.16,1
4106209,PR,Sul,1,77.37,0
4106308,PR,Sul,1,85.26,1
4106407,PR,Sul,1,73.21,0
4106456,PR,Sul,1,62.47,0
4106506,PR,Sul,1,74.6,0
4106555,PR,Sul,1,87.98,1
4106571,PR,Sul,1,86.52,1
4106605,PR,Sul,1,73.47,0
4106704,PR,Sul,1,71.42,0
4106803,PR,Sul,1,84.49,1
4106852,PR,Sul,1,94.52,1
4106902,PR,Sul,1,65.96,0
4107009,PR,Sul,1,68.88,0
4107108,PR,Sul,1,78.26,1
4107124,PR,Sul,1,83.28,1
4107157,PR,Sul,1,74.32,1
4107207,PR,Sul,1,82.56,1
4107256,PR,Sul,1,68.96,1
4107306,PR,Sul,1,60.84,0
4107405,PR,Sul,1,85.24,1
4107504,PR,Sul,1,82.06,1
4107520,PR,Sul,1,71.04,1
4107538,PR,Sul,1,96.25,1
4107546,PR,Sul,1,81.78,1
4107553,PR,Sul,1,96.3,1
4107603,PR,Sul,1,71.76,0
4107652,PR,Sul,1,64.69,0
4107702,PR,Sul,1,61.86,0
4107736,PR,Sul,1,79.81,0
4107751,PR,Sul,1,77.82,0
4107801,PR,Sul,1,85.2,1
4107850,PR,Sul,1,85.55,1
4107900,PR,Sul,1,74.01,0
4108007,PR,Sul,1,63.48,0
4108106,PR,Sul,1,78.57,1
4108205,PR,Sul,1,85.18,1
4108304,PR,Sul,1,72.01,0
4108320,PR,Sul,1,80.22,1
4108403,PR,Sul,1,76.41,0
4108452,PR,Sul,1,78.1,0
4108502,PR,Sul,1,55.52,0
4108551,PR,Sul,1,74.07,0
4108601,PR,Sul,1,63.77,0
4108650,PR,Sul,1,90.42,1
4108700,PR,Sul,1,61.6,0
4108809,PR,Sul,1,69.53,1
4108908,PR,Sul,1,80.71,1
4108957,PR,Sul,1,71.55,0
4109005,PR,Sul,1,75.09,0
4109104,PR,Sul,1,66.67,0
4109203,PR,Sul,1,72.67,0
4109302,PR,Sul,1,71.17,0
4109401,PR,Sul,1,67.0,0
4109500,PR,Sul,1,57.18,0
4109609,PR,Sul,1,66.9,0
4109658,PR,Sul,1,73.2,1
4109708,PR,Sul,1,71.64,0
4109757,PR,Sul,1,70.35,0
4109807,PR,Sul,1,64.9,0
4109906,PR,Sul,1,51.76,0
4110003,PR,Sul,1,58.96,1
4110078,PR,Sul,1,70.26,0
4110102,PR,Sul,1,78.04,0
4110201,PR,Sul,1,70.03,0
4110300,PR,Sul,1,69.71,0
4110409,PR,Sul,1,69.81,0
4110508,PR,Sul,1,82.28,1
4110607,PR,Sul,1,68.95,1
4110656,PR,Sul,1,85.71,1
4110706,PR,Sul,1,88.31,1
4110805,PR,Sul,1,80.07,1
4110904,PR,Sul,1,76.11,1
4110953,PR,Sul,1,84.64,1
4111001,PR,Sul,1,80.58,1
4111100,PR,Sul,1,86.9,1
4111209,PR,Sul,1,75.37,0
4111258,PR,Sul,1,52.37,0
4111308,PR,Sul,1,40.32,0
4111407,PR,Sul,1,82.65,1
4111506,PR,Sul,1,72.39,1
4111555,PR,Sul,1,77.24,0
4111605,PR,Sul,1,86.72,1
4111704,PR,Sul,1,73.86,0
4111803,PR,Sul,1,47.68,0
4111902,PR,Sul,1,62.26,0
4112009,PR,Sul,1,79.14,0
4112108,PR,Sul,1,68.64,0
4112207,PR,Sul,1,77.3,0
4112306,PR,Sul,1,64.46,0
4112405,PR,Sul,1,80.87,1
4112504,PR,Sul,1,77.74,1
4112603,PR,Sul,1,92.31,1
4112702,PR,Sul,1,60.93,0
4112751,PR,Sul,1,89.98,1
4112801,PR,Sul,1,85.12,1
4112900,PR,Sul,1,55.42,0
4112959,PR,Sul,1,63.48,1
4113007,PR,Sul,1,66.03,0
4113106,PR,Sul,1,77.98,0
4113205,PR,Sul,1,74.83,0
4113304,PR,Sul,1,68.0,0
4113403,PR,Sul,1,89.7,1
4113429,PR,Sul,1,83.47,1
4113452,PR,Sul,1,72.9,0
4113502,PR,Sul,1,73.8,1
4113601,PR,Sul,1,54.92,0
4113700,PR,Sul,1,72.99,0
4113734,PR,Sul,1,86.61,1
4113759,PR,Sul,1,70.4,1
4113809,PR,Sul,1,77.71,0
4113908,PR,Sul,1,87.79,1
4114005,PR,Sul,1,74.68,0
4114104,PR,Sul,1,62.29,0
4114203,PR,Sul,1,81.53,1
4114302,PR,Sul,1,64.48,0
4114351,PR,Sul,1,70.91,0
4114401,PR,Sul,1,66.1,0
4114500,PR,Sul,1,71.98,1
4114609,PR,Sul,1,76.44,1
4114708,PR,Sul,1,49.96,0
4114807,PR,Sul,1,73.09,0
4114906,PR,Sul,1,84.99,1
4115002,PR,Sul,1,75.36,0
4115101,PR,Sul,1,52.21,0
4115200,PR,Sul,1,78.37,0
4115309,PR,Sul,1,66.98,0
4115358,PR,Sul,1,76.69,0
4115408,PR,Sul,1,85.08,1
4115457,PR,Sul,1,82.18,1
4115507,PR,Sul,1,75.85,1
4115606,PR,Sul,1,71.4,0
4115705,PR,Sul,1,63.15,0
4115754,PR,Sul,1,80.48,1
4115804,PR,Sul,1,79.1,0
4115853,PR,Sul,1,93.06,1
4115903,PR,Sul,1,56.0,0
4116000,PR,Sul,1,51.38,0
4116059,PR,Sul,1,83.28,1
4116109,PR,Sul,1,78.01,0
4116208,PR,Sul,1,59.7,0
4116307,PR,Sul,1,80.0,1
4116406,PR,Sul,1,94.81,1
4116505,PR,Sul,1,43.75,0
4116604,PR,Sul,1,78.8,1
4116703,PR,Sul,1,74.99,0
4116802,PR,Sul,1,88.03,1
4116901,PR,Sul,1,74.65,0
4116950,PR,Sul,1,88.59,1
4117008,PR,Sul,1,79.65,0
4117057,PR,Sul,1,68.33,0
4117107,PR,Sul,1,74.05,0
4117206,PR,Sul,1,91.63,1
4117214,PR,Sul,1,79.18,0
4117222,PR,Sul,1,72.16,0
4117255,PR,Sul,1,72.83,0
4117271,PR,Sul,1,84.88,1
4117297,PR,Sul,1,97.3,1
4117305,PR,Sul,1,58.43,0
4117404,PR,Sul,1,57.5,0
4117453,PR,Sul,1,90.05,1
4117503,PR,Sul,1,62.96,0
4117602,PR,Sul,1,54.27,0
4117701,PR,Sul,1,65.93,0
4117800,PR,Sul,1,69.5,0
4117909,PR,Sul,1,74.33,1
4118006,PR,Sul,1,67.76,0
4118105,PR,Sul,1,80.03,1
4118204,PR,Sul,1,61.71,0
4118303,PR,Sul,1,61.71,0
4118402,PR,Sul,1,74.3,0
4118451,PR,Sul,1,90.41,1
4118501,PR,Sul,1,71.14,0
4118600,PR,Sul,1,74.56,0
4118709,PR,Sul,1,84.51,1
4118808,PR,Sul,1,74.24,1
4118857,PR,Sul,1,70.19,1
4118907,PR,Sul,1,62.28,0
4119004,PR,Sul,1,88.78,1
4119103,PR,Sul,1,83.34,1
4119152,PR,Sul,1,57.37,0
4119202,PR,Sul,1,76.88,1
4119251,PR,Sul,1,97.14,1
4119301,PR,Sul,1,61.33,0
4119400,PR,Sul,1,74.06,0
4119509,PR,Sul,1,50.54,0
4119608,PR,Sul,1,73.42,0
4119657,PR,Sul,1,83.19,1
4119707,PR,Sul,1,80.42,1
4119806,PR,Sul,1,78.93,0
4119905,PR,Sul,1,75.9,0
4119954,PR,Sul,1,61.28,0
4120002,PR,Sul,1,87.25,1
4120101,PR,Sul,1,76.84,1
4120150,PR,Sul,1,86.29,1
4120200,PR,Sul,1,71.94,1
4120309,PR,Sul,1,75.0,0
4120333,PR,Sul,1,73.85,0
4120358,PR,Sul,1,79.55,0
4120408,PR,Sul,1,62.98,0
4120507,PR,Sul,1,62.66,1
4120606,PR,Sul,1,82.91,1
4120655,PR,Sul,1,61.75,0
4120705,PR,Sul,1,90.26,1
4120804,PR,Sul,1,67.24,0
4120853,PR,Sul,1,89.52,1
4120903,PR,Sul,1,62.11,0
4121000,PR,Sul,1,50.32,0
4121109,PR,Sul,1,74.15,0
4121208,PR,Sul,1,75.8,1
4121257,PR,Sul,1,77.23,0
4121307,PR,Sul,1,86.02,1
4121356,PR,Sul,1,56.92,0
4121406,PR,Sul,1,79.84,0
4121505,PR,Sul,1,77.0,0
4121604,PR,Sul,1,82.55,1
4121703,PR,Sul,1,81.08,1
4121752,PR,Sul,1,83.13,1
4121802,PR,Sul,1,85.68,1
4121901,PR,Sul,1,84.51,1
4122008,PR,Sul,1,89.22,1
4122107,PR,Sul,1,69.55,0
4122156,PR,Sul,1,80.25,1
4122172,PR,Sul,1,73.84,1
4122206,PR,Sul,1,61.35,0
4122305,PR,Sul,1,88.56,1
4122404,PR,Sul,1,71.84,0
4122503,PR,Sul,1,76.32,0
4122602,PR,Sul,1,41.63,0
4122651,PR,Sul,1,77.0,1
4122701,PR,Sul,1,78.98,0
4122800,PR,Sul,1,93.11,1
4122909,PR,Sul,1,73.64,1
4123006,PR,Sul,1,76.46,0
4123105,PR,Sul,1,91.5,1
4123204,PR,Sul,1,80.09,1
4123303,PR,Sul,1,59.1,0
4123402,PR,Sul,1,64.71,1
4123501,PR,Sul,1,79.37,1
4123600,PR,Sul,1,100.0,1
4123709,PR,Sul,1,75.13,0
4123808,PR,Sul,1,82.63,1
4123824,PR,Sul,1,85.71,1
4123857,PR,Sul,1,70.26,0
4123907,PR,Sul,1,83.73,1
4123956,PR,Sul,1,80.22,1
4124004,PR,Sul,1,54.43,0
4124020,PR,Sul,1,77.75,1
4124053,PR,Sul,1,79.46,0
4124103,PR,Sul,1,55.04,0
4124202,PR,Sul,1,88.04,1
4124301,PR,Sul,1,81.17,1
4124400,PR,Sul,1,81.43,1
4124509,PR,Sul,1,80.07,1
4124608,PR,Sul,1,73.36,0
4124707,PR,Sul,1,71.33,0
4124806,PR,Sul,1,87.16,1
4124905,PR,Sul,1,93.06,1
4125001,PR,Sul,1,73.17,1
4125100,PR,Sul,1,79.45,1
4125209,PR,Sul,1,84.59,1
4125308,PR,Sul,1,70.73,0
4125357,PR,Sul,1,90.23,1
4125407,PR,Sul,1,76.15,0
4125456,PR,Sul,1,74.36,0
4125506,PR,Sul,1,64.3,0
4125555,PR,Sul,1,73.08,0
4125605,PR,Sul,1,70.57,0
4125704,PR,Sul,1,77.84,1
4125753,PR,Sul,1,80.66,1
4125803,PR,Sul,1,85.66,1
4125902,PR,Sul,1,75.0,1
4126009,PR,Sul,1,87.77,1
4126108,PR,Sul,1,69.88,0
4126207,PR,Sul,1,83.01,1
4126256,PR,Sul,1,56.55,0
4126272,PR,Sul,1,85.49,1
4126306,PR,Sul,1,81.96,1
4126355,PR,Sul,1,82.66,1
4126405,PR,Sul,1,90.98,1
4126504,PR,Sul,1,61.98,0
4126603,PR,Sul,1,82.88,1
4126652,PR,Sul,1,74.93,1
4126678,PR,Sul,1,65.46,0
4126702,PR,Sul,1,46.83,0
4126801,PR,Sul,1,61.07,0
4126900,PR,Sul,1,77.42,0
4127007,PR,Sul,1,88.2,1
4127106,PR,Sul,1,61.71,0
4127205,PR,Sul,1,89.1,1
4127304,PR,Sul,1,81.46,1
4127403,PR,Sul,1,76.19,1
4127502,PR,Sul,1,77.79,0
4127601,PR,Sul,1,68.4,0
4127700,PR,Sul,1,81.69,1
4127809,PR,Sul,1,83.7,1
4127858,PR,Sul,1,75.42,0
4127882,PR,Sul,1,75.01,1
4127908,PR,Sul,1,68.12,0
4127957,PR,Sul,1,79.06,1
4127965,PR,Sul,1,84.81,1
4128005,PR,Sul,1,77.6,0
4128104,PR,Sul,1,63.1,0
4128203,PR,Sul,1,73.17,0
4128302,PR,Sul,1,73.33,1
4128401,PR,Sul,1,66.07,0
4128500,PR,Sul,1,74.37,0
4128534,PR,Sul,1,77.17,1
4128559,PR,Sul,1,76.11,1
4128609,PR,Sul,1,67.29,0
4128633,PR,Sul,1,69.45,0
4128658,PR,Sul,1,81.54,1
4128708,PR,Sul,1,70.19,0
4128807,PR,Sul,1,55.19,0
4200051,SC,Sul,1,77.08,1
4200101,SC,Sul,1,59.88,0
4200200,SC,Sul,1,76.03,0
4200408,SC,Sul,1,72.41,1
4200507,SC,Sul,1,75.76,1
4200556,SC,Sul,1,88.24,1
4200606,SC,Sul,1,79.3,0
4200754,SC,Sul,1,85.18,1
4200804,SC,Sul,1,91.81,1
4201000,SC,Sul,1,77.33,1
4201208,SC,Sul,1,74.89,0
4201257,SC,Sul,1,70.88,1
4201273,SC,Sul,1,96.31,1
4201505,SC,Sul,1,79.08,1
4201604,SC,Sul,1,76.24,0
4201653,SC,Sul,1,77.94,1
4201703,SC,Sul,1,94.83,1
4201802,SC,Sul,1,64.79,0
4201901,SC,Sul,1,77.09,1
4202057,SC,Sul,1,51.19,0
4202081,SC,Sul,1,56.89,0
4202099,SC,Sul,1,66.67,1
4202131,SC,Sul,1,81.95,1
4202156,SC,Sul,1,80.41,1
4202206,SC,Sul,1,71.71,1
4202404,SC,Sul,1,64.77,0
4202438,SC,Sul,1,28.06,0
4202503,SC,Sul,1,28.72,0
4202537,SC,Sul,1,55.49,0
4202578,SC,Sul,1,95.99,1
4202602,SC,Sul,1,47.34,1
4202701,SC,Sul,1,65.2,0
4202800,SC,Sul,1,59.36,0
4202859,SC,Sul,1,64.21,0
4202875,SC,Sul,1,68.75,0
4202909,SC,Sul,1,67.18,0
4203006,SC,Sul,1,65.51,0
4203105,SC,Sul,1,27.3,0
4203154,SC,Sul,1,57.9,0
4203303,SC,Sul,1,59.82,0
4203402,SC,Sul,1,53.29,1
4203501,SC,Sul,1,48.28,0
4203600,SC,Sul,1,64.77,0
4203709,SC,Sul,1,41.37,0
4203808,SC,Sul,1,71.93,0
4203907,SC,Sul,1,69.54,0
4204004,SC,Sul,1,72.43,1
4204103,SC,Sul,1,60.13,0
4204152,SC,Sul,1,75.67,0
4204178,SC,Sul,2,49.84,1
4204194,SC,Sul,1,65.91,1
4204202,SC,Sul,1,56.25,0
4204301,SC,Sul,1,75.26,0
4204400,SC,Sul,1,86.74,1
4204459,SC,Sul,1,90.43,1
4204509,SC,Sul,1,79.7,1
4204558,SC,Sul,1,56.53,0
4204608,SC,Sul,1,59.75,0
4204707,SC,Sul,1,77.07,0
4204806,SC,Sul,1,53.48,0
4204905,SC,Sul,1,70.31,0
4205001,SC,Sul,1,66.23,1
4205100,SC,Sul,1,88.51,1
4205209,SC,Sul,1,58.15,0
4205308,SC,Sul,1,66.52,1
4205357,SC,Sul,1,58.33,0
4205431,SC,Sul,1,76.76,1
4205456,SC,Sul,1,63.94,1
4205506,SC,Sul,1,77.72,1
4205605,SC,Sul,1,70.47,0
4205704,SC,Sul,1,75.75,1
4205803,SC,Sul,1,66.73,1
4206108,SC,Sul,1,70.23,1
4206207,SC,Sul,1,76.93,1
4206306,SC,Sul,1,73.93,1
4206405,SC,Sul,1,83.69,1
4206504,SC,Sul,1,64.09,0
4206603,SC,Sul,1,59.9,0
4206652,SC,Sul,1,38.7,0
4206702,SC,Sul,1,59.83,1
4206751,SC,Sul,1,96.17,1
4206801,SC,Sul,1,54.41,0
4206900,SC,Sul,1,71.81,1
4207007,SC,Sul,1,69.72,0
4207403,SC,Sul,1,79.52,1
4207502,SC,Sul,1,67.83,1
4207577,SC,Sul,1,97.09,1
4207601,SC,Sul,1,84.43,1
4207650,SC,Sul,1,92.28,1
4207684,SC,Sul,1,77.74,1
4207700,SC,Sul,1,62.84,1
4207759,SC,Sul,1,70.07,1
4207809,SC,Sul,1,71.4,0
4207858,SC,Sul,1,87.82,1
4207908,SC,Sul,1,79.25,1
4208005,SC,Sul,1,77.62,1
4208104,SC,Sul,1,57.23,0
4208401,SC,Sul,1,78.16,1
4208500,SC,Sul,1,77.25,1
4208609,SC,Sul,1,77.67,1
4208708,SC,Sul,1,70.16,1
4208807,SC,Sul,1,56.28,1
4208906,SC,Sul,1,75.11,1
4208955,SC,Sul,1,77.08,0
4209003,SC,Sul,1,70.42,1
4209102,SC,Sul,1,68.79,1
4209151,SC,Sul,1,52.77,1
4209201,SC,Sul,1,75.0,1
4209300,SC,Sul,1,55.85,1
4209409,SC,Sul,2,34.29,0
4209458,SC,Sul,1,66.07,0
4209508,SC,Sul,1,60.32,0
4209607,SC,Sul,1,72.59,1
4209706,SC,Sul,1,56.41,1
4209805,SC,Sul,1,62.5,0
4209854,SC,Sul,1,84.61,1
4209904,SC,Sul,1,58.41,0
4210001,SC,Sul,1,76.19,0
4210035,SC,Sul,1,79.74,1
4210050,SC,Sul,1,56.25,0
4210100,SC,Sul,1,77.41,1
4210209,SC,Sul,1,76.42,1
4210308,SC,Sul,1,74.01,1
4210407,SC,Sul,1,61.81,0
4210506,SC,Sul,1,76.03,0
4210605,SC,Sul,1,77.07,1
4210803,SC,Sul,1,48.04,0
4210852,SC,Sul,1,74.06,1
4210902,SC,Sul,1,94.86,1
4211009,SC,Sul,1,56.85,0
4211058,SC,Sul,1,52.67,0
4211207,SC,Sul,1,68.09,0
4211256,SC,Sul,1,81.82,1
4211405,SC,Sul,1,72.86,1
4211454,SC,Sul,1,71.17,1
4211603,SC,Sul,1,79.48,1
4211652,SC,Sul,1,86.57,1
4211702,SC,Sul,1,68.14,1
4211751,SC,Sul,1,70.95,1
4211801,SC,Sul,1,82.18,1
4211850,SC,Sul,1,66.67,1
4211876,SC,Sul,1,54.55,0
4212007,SC,Sul,1,79.92,0
4212056,SC,Sul,1,57.22,0
4212106,SC,Sul,1,64.41,1
4212205,SC,Sul,1,64.15,0
4212239,SC,Sul,1,83.86,1
4212270,SC,Sul,1,60.0,1
4212304,SC,Sul,1,40.02,0
4212403,SC,Sul,1,69.2,0
4212601,SC,Sul,1,87.5,1
4212650,SC,Sul,1,45.95,0
4212809,SC,Sul,1,53.84,0
4212908,SC,Sul,1,78.35,0
4213005,SC,Sul,1,79.31,1
4213104,SC,Sul,1,83.99,1
4213153,SC,Sul,1,90.38,1
4213203,SC,Sul,1,70.85,1
4213302,SC,Sul,1,60.53,1
4213351,SC,Sul,1,70.19,1
4213401,SC,Sul,1,66.76,1
4213609,SC,Sul,1,59.53,0
4213708,SC,Sul,1,60.13,0
4213807,SC,Sul,1,69.36,1
4213906,SC,Sul,1,61.9,1
4214003,SC,Sul,1,55.72,0
4214102,SC,Sul,1,58.33,1
4214151,SC,Sul,1,64.05,0
4214201,SC,Sul,1,70.08,1
4214300,SC,Sul,1,80.38,1
4214508,SC,Sul,1,74.29,1
4214607,SC,Sul,1,70.6,0
4214706,SC,Sul,1,68.59,1
4214904,SC,Sul,1,68.78,0
4215000,SC,Sul,1,66.96,1
4215059,SC,Sul,1,76.32,1
4215075,SC,Sul,1,72.07,0
4215109,SC,Sul,1,68.35,1
4215208,SC,Sul,1,78.04,1
4215307,SC,Sul,1,68.23,0
4215356,SC,Sul,1,75.29,0
4215406,SC,Sul,1,72.08,0
4215455,SC,Sul,1,68.6,0
4215505,SC,Sul,1,57.41,0
4215554,SC,Sul,1,66.67,0
4215604,SC,Sul,1,86.49,1
4215653,SC,Sul,1,74.56,1
4215679,SC,Sul,1,69.26,0
4215687,SC,Sul,1,95.83,1
4215695,SC,Sul,1,81.82,1
4215703,SC,Sul,1,60.42,0
4215752,SC,Sul,1,69.54,0
4215802,SC,Sul,1,76.73,1
4216107,SC,Sul,1,76.94,0
4216255,SC,Sul,1,92.42,1
4216354,SC,Sul,1,64.01,1
4216503,SC,Sul,1,43.26,1
4216701,SC,Sul,1,82.26,1
4216800,SC,Sul,1,65.03,0
4216909,SC,Sul,1,71.25,0
4217006,SC,Sul,1,68.64,1
4217105,SC,Sul,1,70.0,1
4217154,SC,Sul,1,84.21,1
4217204,SC,Sul,1,75.64,1
4217253,SC,Sul,1,59.93,0
4217303,SC,Sul,1,80.9,1
4217402,SC,Sul,1,75.91,1
4217501,SC,Sul,1,70.92,0
4217550,SC,Sul,1,97.43,1
4217600,SC,Sul,1,53.57,0
4217709,SC,Sul,1,49.72,0
4217758,SC,Sul,1,73.21,0
4217956,SC,Sul,1,91.64,1
4218103,SC,Sul,1,80.2,1
4218202,SC,Sul,1,77.99,1
4218301,SC,Sul,1,47.98,0
4218350,SC,Sul,1,56.3,0
4218400,SC,Sul,1,62.38,0
4218509,SC,Sul,1,71.92,0
4218608,SC,Sul,1,63.31,0
4218707,SC,Sul,1,68.26,0
4218806,SC,Sul,1,69.98,1
4218855,SC,Sul,1,65.0,0
4218905,SC,Sul,1,76.9,1
4218954,SC,Sul,1,36.34,0
4219002,SC,Sul,1,71.86,1
4219101,SC,Sul,1,52.72,0
4219150,SC,Sul,1,69.58,0
4219176,SC,Sul,1,67.69,1
4219200,SC,Sul,1,83.76,1
4219309,SC,Sul,1,64.11,1
4219358,SC,Sul,1,76.12,1
4219408,SC,Sul,1,77.27,0
4219507,SC,Sul,1,72.14,1
4219606,SC,Sul,1,80.95,1
4219705,SC,Sul,1,59.5,0
4219853,SC,Sul,1,57.58,0
4220000,SC,Sul,1,54.65,0
4300034,RS,Sul,1,52.5,0
4300059,RS,Sul,1,55.1,0
4300109,RS,Sul,1,56.9,0
4300208,RS,Sul,1,81.9,1
4300455,RS,Sul,1,55.6,0
4300505,RS,Sul,1,66.5,0
4300570,RS,Sul,1,58.3,0
4300604,RS,Sul,1,37.0,0
4300638,RS,Sul,1,57.2,0
4300646,RS,Sul,1,70.8,1
4300661,RS,Sul,1,33.3,0
4300802,RS,Sul,1,46.6,0
4300851,RS,Sul,1,55.0,0
4300877,RS,Sul,1,43.5,0
4300901,RS,Sul,1,39.2,0
4301008,RS,Sul,1,63.6,0
4301057,RS,Sul,1,46.5,0
4301073,RS,Sul,1,18.2,0
4301107,RS,Sul,1,43.2,0
4301206,RS,Sul,1,64.7,0
4301503,RS,Sul,1,63.2,0
4301552,RS,Sul,1,37.5,0
4301602,RS,Sul,1,46.6,0
4301636,RS,Sul,1,43.6,0
4301651,RS,Sul,1,53.5,0
4301701,RS,Sul,1,76.6,0
4301800,RS,Sul,1,56.4,0
4301875,RS,Sul,1,25.5,0
4301909,RS,Sul,1,43.6,0
4301958,RS,Sul,1,53.9,0
4302006,RS,Sul,1,46.9,0
4302105,RS,Sul,1,50.8,0
4302204,RS,Sul,1,74.0,0
4302220,RS,Sul,1,66.7,0
4302238,RS,Sul,1,26.6,0
4302253,RS,Sul,1,75.0,1
4302303,RS,Sul,1,40.2,0
4302352,RS,Sul,1,55.3,0
4302378,RS,Sul,1,71.4,1
4302402,RS,Sul,1,64.6,0
4302501,RS,Sul,1,38.4,0
4302584,RS,Sul,1,27.3,0
4302600,RS,Sul,1,20.0,0
4302659,RS,Sul,1,57.5,0
4302709,RS,Sul,1,44.8,0
4302808,RS,Sul,1,43.8,0
4302907,RS,Sul,1,49.0,0
4303004,RS,Sul,1,40.2,0
4303103,RS,Sul,1,40.6,0
4303202,RS,Sul,1,58.2,0
4303301,RS,Sul,1,63.1,0
4303509,RS,Sul,1,56.4,0
4303558,RS,Sul,1,55.6,0
4303608,RS,Sul,1,63.6,1
4303673,RS,Sul,1,80.8,1
4303707,RS,Sul,1,50.3,0
4303806,RS,Sul,1,68.0,0
4303905,RS,Sul,1,45.4,0
4304002,RS,Sul,1,46.8,0
4304101,RS,Sul,2,33.9,1
4304200,RS,Sul,1,53.2,0
4304309,RS,Sul,1,48.4,0
4304408,RS,Sul,1,42.2,0
4304507,RS,Sul,1,51.7,0
4304606,RS,Sul,1,41.4,0
4304622,RS,Sul,1,60.0,1
4304655,RS,Sul,1,71.8,0
4304663,RS,Sul,1,28.2,0
4304671,RS,Sul,1,43.9,0
4304689,RS,Sul,1,54.3,0
4304697,RS,Sul,1,58.6,0
4304705,RS,Sul,1,42.0,0
4304713,RS,Sul,1,62.4,0
4304804,RS,Sul,1,64.9,0
4304853,RS,Sul,1,50.0,0
4304903,RS,Sul,1,76.0,0
4304952,RS,Sul,1,40.0,0
4305009,RS,Sul,1,77.1,0
4305108,RS,Sul,1,43.2,0
4305124,RS,Sul,1,39.8,0
4305132,RS,Sul,1,66.7,0
4305173,RS,Sul,1,41.7,0
4305207,RS,Sul,1,54.0,0
4305306,RS,Sul,1,47.5,0
4305355,RS,Sul,1,51.3,0
4305405,RS,Sul,1,84.6,1
4305439,RS,Sul,1,21.1,0
4305447,RS,Sul,1,69.0,0
4305504,RS,Sul,1,85.7,1
4305587,RS,Sul,1,39.9,0
4305603,RS,Sul,1,90.0,1
4305702,RS,Sul,1,58.0,0
4305801,RS,Sul,1,45.7,0
4305850,RS,Sul,1,41.7,0
4305871,RS,Sul,1,67.8,0
4305900,RS,Sul,1,36.0,0
4305959,RS,Sul,1,44.2,0
4305975,RS,Sul,1,52.3,0
4306007,RS,Sul,1,57.4,0
4306056,RS,Sul,1,78.4,1
4306106,RS,Sul,1,50.9,0
4306130,RS,Sul,1,64.3,0
4306205,RS,Sul,1,35.2,0
4306320,RS,Sul,1,80.0,1
4306379,RS,Sul,1,53.6,0
4306403,RS,Sul,1,56.9,0
4306452,RS,Sul,1,53.0,0
4306502,RS,Sul,1,35.0,0
4306551,RS,Sul,1,57.1,0
4306601,RS,Sul,1,43.7,0
4306700,RS,Sul,1,26.7,0
4306734,RS,Sul,1,63.3,0
4306809,RS,Sul,1,53.2,0
4306908,RS,Sul,1,39.4,0
4306924,RS,Sul,1,41.2,0
4306957,RS,Sul,1,60.0,0
4306973,RS,Sul,1,38.5,0
4307005,RS,Sul,1,45.9,0
4307054,RS,Sul,1,64.7,0
4307104,RS,Sul,1,64.4,1
4307203,RS,Sul,1,38.8,0
4307302,RS,Sul,1,50.4,0
4307401,RS,Sul,1,48.4,0
4307450,RS,Sul,1,80.1,1
4307500,RS,Sul,1,39.1,0
4307559,RS,Sul,1,45.4,0
4307609,RS,Sul,1,44.4,0
4307708,RS,Sul,1,47.0,0
4307807,RS,Sul,1,49.4,0
4307815,RS,Sul,1,60.0,0
4307864,RS,Sul,1,69.2,0
4307906,RS,Sul,1,56.7,0
4308003,RS,Sul,1,66.7,0
4308052,RS,Sul,1,51.9,0
4308078,RS,Sul,1,65.0,0
4308102,RS,Sul,1,51.1,0
4308201,RS,Sul,1,59.6,0
4308250,RS,Sul,1,71.4,0
4308300,RS,Sul,1,60.0,0
4308409,RS,Sul,1,40.0,0
4308433,RS,Sul,1,55.2,0
4308458,RS,Sul,1,72.7,0
4308508,RS,Sul,1,53.8,0
4308607,RS,Sul,1,54.4,0
4308706,RS,Sul,1,74.7,0
4308854,RS,Sul,1,85.7,1
4308904,RS,Sul,1,52.3,0
4309001,RS,Sul,1,46.3,0
4309050,RS,Sul,1,34.3,0
4309100,RS,Sul,1,55.3,0
4309209,RS,Sul,1,41.0,0
4309308,RS,Sul,1,31.5,0
4309506,RS,Sul,1,67.5,0
4309555,RS,Sul,1,71.4,0
4309605,RS,Sul,1,57.2,0
4309654,RS,Sul,1,42.8,0
4309704,RS,Sul,1,60.8,0
4309753,RS,Sul,1,41.4,0
4309803,RS,Sul,1,61.8,0
4309902,RS,Sul,1,49.1,0
4310009,RS,Sul,1,55.7,0
4310108,RS,Sul,1,49.6,0
4310207,RS,Sul,1,61.9,0
4310306,RS,Sul,1,48.3,0
4310363,RS,Sul,1,50.0,0
4310405,RS,Sul,1,57.7,0
4310413,RS,Sul,1,35.3,0
4310439,RS,Sul,1,60.7,0
4310462,RS,Sul,1,44.4,0
4310504,RS,Sul,1,59.4,0
4310538,RS,Sul,1,38.5,0
4310579,RS,Sul,1,76.5,0
4310652,RS,Sul,1,71.4,1
4310702,RS,Sul,1,36.8,0
4310801,RS,Sul,1,56.9,0
4310850,RS,Sul,1,25.0,0
4310900,RS,Sul,1,61.9,0
4311007,RS,Sul,1,33.6,0
4311106,RS,Sul,1,53.4,0
4311122,RS,Sul,1,25.6,0
4311239,RS,Sul,1,54.2,0
4311254,RS,Sul,1,42.9,0
4311270,RS,Sul,1,36.0,0
4311304,RS,Sul,1,54.6,0
4311403,RS,Sul,1,47.5,0
4311502,RS,Sul,1,45.7,0
4311601,RS,Sul,1,73.9,0
4311627,RS,Sul,1,36.1,0
4311643,RS,Sul,1,41.2,0
4311700,RS,Sul,1,64.3,0
4311718,RS,Sul,1,42.4,0
4311734,RS,Sul,1,55.2,0
4311759,RS,Sul,2,50.0,1
4311791,RS,Sul,1,59.8,0
4311809,RS,Sul,1,43.6,0
4311908,RS,Sul,1,77.7,1
4312005,RS,Sul,1,58.3,0
4312054,RS,Sul,1,47.8,0
4312104,RS,Sul,1,45.5,0
4312138,RS,Sul,1,38.7,0
4312153,RS,Sul,1,58.4,0
4312179,RS,Sul,1,58.3,0
4312203,RS,Sul,1,33.3,0
4312252,RS,Sul,1,69.6,0
4312302,RS,Sul,1,51.7,0
4312351,RS,Sul,1,75.0,0
4312377,RS,Sul,1,36.2,0
4312385,RS,Sul,1,76.9,0
4312401,RS,Sul,1,39.8,0
4312443,RS,Sul,1,75.0,0
4312450,RS,Sul,1,47.4,0
4312476,RS,Sul,1,76.9,1
4312500,RS,Sul,1,40.8,0
4312609,RS,Sul,1,53.6,0
4312617,RS,Sul,1,29.4,0
4312658,RS,Sul,1,58.2,0
4312708,RS,Sul,1,52.4,1
4312757,RS,Sul,1,71.4,0
4312807,RS,Sul,1,60.6,0
4312906,RS,Sul,1,51.8,0
4312955,RS,Sul,1,66.7,0
4313003,RS,Sul,1,94.4,1
4313011,RS,Sul,1,60.0,0
4313037,RS,Sul,1,80.7,1
4313060,RS,Sul,1,45.3,0
4313086,RS,Sul,1,57.9,0
4313102,RS,Sul,1,35.9,0
4313201,RS,Sul,1,52.3,0
4313300,RS,Sul,1,61.1,0
4313334,RS,Sul,1,28.0,0
4313359,RS,Sul,1,83.3,1
4313375,RS,Sul,1,64.9,1
4313391,RS,Sul,1,77.0,0
4313409,RS,Sul,1,36.0,0
4313441,RS,Sul,1,47.4,0
4313490,RS,Sul,1,37.0,0
4313508,RS,Sul,1,44.5,0
4313607,RS,Sul,1,53.1,0
4313656,RS,Sul,1,45.2,0
4313706,RS,Sul,1,49.5,0
4313805,RS,Sul,1,68.4,0
4313904,RS,Sul,1,51.2,0
4313953,RS,Sul,1,25.7,0
4314001,RS,Sul,1,60.0,0
4314027,RS,Sul,1,52.6,0
4314035,RS,Sul,1,54.0,0
4314050,RS,Sul,1,37.8,0
4314068,RS,Sul,1,75.0,0
4314076,RS,Sul,1,50.2,0
4314100,RS,Sul,1,38.5,0
4314134,RS,Sul,1,50.0,0
4314159,RS,Sul,1,40.7,0
4314175,RS,Sul,1,55.9,0
4314209,RS,Sul,1,22.3,0
4314308,RS,Sul,1,62.5,0
4314423,RS,Sul,1,57.1,0
4314456,RS,Sul,1,33.2,0
4314464,RS,Sul,1,35.3,0
4314472,RS,Sul,1,47.5,0
4314498,RS,Sul,1,76.9,0
4314506,RS,Sul,1,50.2,0
4314605,RS,Sul,1,42.8,0
4314704,RS,Sul,1,54.1,0
4314753,RS,Sul,1,66.3,0
4314787,RS,Sul,1,57.9,0
4314803,RS,Sul,1,39.7,0
4315008,RS,Sul,1,100.0,1
4315057,RS,Sul,1,95.2,1
4315073,RS,Sul,1,88.2,1
4315107,RS,Sul,1,52.9,0
4315131,RS,Sul,1,94.1,1
4315149,RS,Sul,1,56.3,0
4315156,RS,Sul,1,64.8,0
4315172,RS,Sul,1,75.0,0
4315206,RS,Sul,1,82.8,1
4315305,RS,Sul,1,36.3,0
4315313,RS,Sul,1,40.0,0
4315354,RS,Sul,1,85.1,1
4315404,RS,Sul,1,60.0,0
4315503,RS,Sul,1,33.0,0
4315552,RS,Sul,1,85.7,1
4315602,RS,Sul,1,43.2,0
4315701,RS,Sul,1,63.4,0
4315750,RS,Sul,1,42.1,0
4315800,RS,Sul,1,45.0,0
4315909,RS,Sul,1,48.8,0
4316006,RS,Sul,1,66.6,0
4316105,RS,Sul,1,53.7,0
4316204,RS,Sul,1,75.3,0
4316303,RS,Sul,1,76.0,0
4316402,RS,Sul,1,34.1,0
4316428,RS,Sul,1,43.8,0
4316436,RS,Sul,1,69.6,1
4316451,RS,Sul,1,50.9,0
4316477,RS,Sul,1,44.4,0
4316501,RS,Sul,1,70.4,0
4316600,RS,Sul,1,43.2,0
4316709,RS,Sul,1,37.9,0
4316733,RS,Sul,1,40.9,0
4316758,RS,Sul,1,54.2,0
4316808,RS,Sul,1,43.8,0
4316907,RS,Sul,1,39.7,0
4316956,RS,Sul,1,59.3,0
4316972,RS,Sul,1,25.7,0
4317004,RS,Sul,1,13.1,0
4317103,RS,Sul,1,44.5,0
4317202,RS,Sul,1,58.8,0
4317301,RS,Sul,1,45.4,0
4317400,RS,Sul,1,61.2,0
4317509,RS,Sul,1,41.5,0
4317558,RS,Sul,1,34.6,0
4317608,RS,Sul,1,61.7,0
4317707,RS,Sul,1,53.0,0
4317756,RS,Sul,1,77.2,0
4317806,RS,Sul,1,69.9,0
4317905,RS,Sul,1,60.5,0
4317954,RS,Sul,1,66.7,0
4318002,RS,Sul,1,46.4,0
4318101,RS,Sul,1,45.6,0
4318200,RS,Sul,1,37.7,0
4318309,RS,Sul,1,35.6,0
4318408,RS,Sul,1,71.9,0
4318424,RS,Sul,1,70.3,0
4318440,RS,Sul,1,66.7,0
4318457,RS,Sul,1,60.4,0
4318481,RS,Sul,1,43.8,0
4318499,RS,Sul,1,49.7,0
4318507,RS,Sul,1,38.2,0
4318606,RS,Sul,1,37.2,0
4318614,RS,Sul,1,37.5,0
4318705,RS,Sul,1,37.2,0
4318804,RS,Sul,1,58.7,0
4318903,RS,Sul,1,42.3,0
4319000,RS,Sul,1,38.3,0
4319109,RS,Sul,1,64.5,0
4319125,RS,Sul,1,46.2,0
4319158,RS,Sul,1,47.5,0
4319208,RS,Sul,1,7.1,0
4319307,RS,Sul,1,61.1,0
4319356,RS,Sul,1,58.8,0
4319364,RS,Sul,1,90.0,1
4319372,RS,Sul,1,64.3,0
4319406,RS,Sul,1,61.6,0
4319505,RS,Sul,1,37.1,0
4319604,RS,Sul,1,49.7,0
4319703,RS,Sul,1,48.5,0
4319711,RS,Sul,1,73.3,0
4319737,RS,Sul,1,46.2,0
4319752,RS,Sul,1,25.0,0
4319802,RS,Sul,1,45.7,0
4319901,RS,Sul,1,41.1,0
4320008,RS,Sul,1,48.0,0
4320107,RS,Sul,1,47.7,0
4320206,RS,Sul,1,68.0,0
4320230,RS,Sul,1,36.1,0
4320263,RS,Sul,1,84.9,1
4320321,RS,Sul,1,50.0,0
4320354,RS,Sul,1,23.5,0
4320404,RS,Sul,1,50.7,0
4320453,RS,Sul,1,11.1,0
4320503,RS,Sul,1,47.2,0
4320552,RS,Sul,1,46.2,0
4320578,RS,Sul,1,66.7,0
4320651,RS,Sul,1,35.7,0
4320677,RS,Sul,1,36.3,0
4320701,RS,Sul,1,70.8,0
4320800,RS,Sul,1,61.9,0
4320859,RS,Sul,1,24.7,0
4320909,RS,Sul,1,46.2,0
4321006,RS,Sul,1,68.4,1
4321105,RS,Sul,1,59.3,0
4321204,RS,Sul,1,44.6,0
4321303,RS,Sul,1,13.2,0
4321329,RS,Sul,1,81.5,1
4321352,RS,Sul,1,37.0,0
4321402,RS,Sul,1,65.0,0
4321436,RS,Sul,1,60.3,0
4321451,RS,Sul,1,62.9,0
4321469,RS,Sul,1,69.1,0
4321493,RS,Sul,1,38.7,0
4321501,RS,Sul,1,44.0,0
4321600,RS,Sul,1,36.7,0
4321626,RS,Sul,1,67.8,0
4321634,RS,Sul,1,40.0,0
4321667,RS,Sul,1,53.5,0
4321709,RS,Sul,1,42.2,0
4321808,RS,Sul,1,51.2,0
4321857,RS,Sul,1,62.5,0
4321907,RS,Sul,1,57.0,0
4321956,RS,Sul,1,62.9,0
4322004,RS,Sul,1,68.5,0
4322152,RS,Sul,1,41.1,0
4322202,RS,Sul,1,44.4,0
4322251,RS,Sul,1,55.1,0
4322301,RS,Sul,1,52.7,0
4322327,RS,Sul,1,61.7,0
4322343,RS,Sul,1,55.6,0
4322376,RS,Sul,1,38.1,0
4322400,RS,Sul,1,47.3,0
4322509,RS,Sul,1,38.1,0
4322525,RS,Sul,1,47.1,0
4322533,RS,Sul,1,51.6,0
4322541,RS,Sul,1,35.0,0
4322558,RS,Sul,1,69.2,0
4322608,RS,Sul,1,59.2,0
4322707,RS,Sul,1,41.9,0
4322806,RS,Sul,1,57.0,0
4322855,RS,Sul,1,46.7,0
4322905,RS,Sul,1,86.9,1
4323002,RS,Sul,1,38.9,0
4323101,RS,Sul,1,70.1,0
4323200,RS,Sul,1,56.3,0
4323309,RS,Sul,1,68.8,0
4323358,RS,Sul,1,52.9,0
4323408,RS,Sul,1,66.7,0
4323457,RS,Sul,1,44.0,0
4323507,RS,Sul,1,33.3,0
4323606,RS,Sul,1,85.7,1
4323705,RS,Sul,1,100.0,1
4323770,RS,Sul,1,61.5,0
4323804,RS,Sul,1,37.9,0
5000203,MS,Centro-Oeste,4,77.03,1
5000252,MS,Centro-Oeste,4,63.77,0
5000609,MS,Centro-Oeste,4,69.72,1
5000708,MS,Centro-Oeste,4,40.97,1
5000807,MS,Centro-Oeste,4,80.11,1
5000856,MS,Centro-Oeste,4,86.52,1
5000906,MS,Centro-Oeste,4,56.2,0
5001003,MS,Centro-Oeste,4,57.5,1
5001102,MS,Centro-Oeste,4,58.42,0
5001243,MS,Centro-Oeste,4,73.43,0
5001508,MS,Centro-Oeste,4,52.42,1
5001904,MS,Centro-Oeste,4,52.31,1
5002001,MS,Centro-Oeste,4,67.77,1
5002100,MS,Centro-Oeste,4,48.18,0
5002159,MS,Centro-Oeste,4,46.43,0
5002209,MS,Centro-Oeste,4,58.78,1
5002308,MS,Centro-Oeste,4,60.76,1
5002407,MS,Centro-Oeste,4,66.23,1
5002605,MS,Centro-Oeste,4,60.41,1
5002704,MS,Centro-Oeste,4,51.76,1
5002803,MS,Centro-Oeste,4,55.67,1
5002902,MS,Centro-Oeste,4,54.38,1
5002951,MS,Centro-Oeste,4,63.42,1
5003108,MS,Centro-Oeste,4,58.66,1
5003157,MS,Centro-Oeste,4,60.75,0
5003207,MS,Centro-Oeste,4,38.3,0
5003256,MS,Centro-Oeste,4,54.88,1
5003306,MS,Centro-Oeste,4,39.19,0
5003454,MS,Centro-Oeste,4,65.69,0
5003488,MS,Centro-Oeste,4,39.87,0
5003504,MS,Centro-Oeste,4,68.7,1
5003702,MS,Centro-Oeste,4,53.43,1
5003751,MS,Centro-Oeste,4,56.45,0
5003801,MS,Centro-Oeste,4,59.59,0
5003900,MS,Centro-Oeste,4,86.46,1
5004007,MS,Centro-Oeste,4,73.2,0
5004106,MS,Centro-Oeste,4,64.58,1
5004304,MS,Centro-Oeste,4,60.02,1
5004403,MS,Centro-Oeste,4,51.7,1
5004502,MS,Centro-Oeste,4,57.29,0
5004601,MS,Centro-Oeste,4,79.41,1
5004700,MS,Centro-Oeste,4,68.78,1
5004809,MS,Centro-Oeste,4,41.76,1
5004908,MS,Centro-Oeste,4,45.19,1
5005004,MS,Centro-Oeste,4,53.84,1
5005103,MS,Centro-Oeste,4,56.25,0
5005152,MS,Centro-Oeste,4,47.67,1
5005202,MS,Centro-Oeste,4,33.36,1
5005251,MS,Centro-Oeste,4,77.47,0
5005400,MS,Centro-Oeste,4,46.55,0
5005608,MS,Centro-Oeste,4,38.78,1
5005681,MS,Centro-Oeste,4,46.46,0
5005707,MS,Centro-Oeste,4,59.87,0
5005806,MS,Centro-Oeste,4,60.98,1
5006002,MS,Centro-Oeste,4,56.52,1
5006200,MS,Centro-Oeste,4,69.44,1
5006259,MS,Centro-Oeste,4,78.44,1
5006275,MS,Centro-Oeste,4,78.5,1
5006309,MS,Centro-Oeste,4,55.2,1
5006358,MS,Centro-Oeste,4,66.43,1
5006408,MS,Centro-Oeste,4,55.86,1
5006606,MS,Centro-Oeste,4,71.07,1
5006903,MS,Centro-Oeste,4,67.46,1
5007109,MS,Centro-Oeste,4,42.87,1
5007208,MS,Centro-Oeste,4,52.67,1
5007307,MS,Centro-Oeste,4,53.05,0
5007406,MS,Centro-Oeste,4,49.11,0
5007505,MS,Centro-Oeste,4,48.97,1
5007554,MS,Centro-Oeste,4,51.3,0
5007695,MS,Centro-Oeste,4,62.1,1
5007703,MS,Centro-Oeste,4,53.09,0
5007802,MS,Centro-Oeste,4,59.83,1
5007901,MS,Centro-Oeste,4,39.84,0
5007935,MS,Centro-Oeste,4,78.58,1
5007950,MS,Centro-Oeste,4,56.62,1
5007976,MS,Centro-Oeste,4,85.45,1
5008008,MS,Centro-Oeste,4,47.09,0
5008305,MS,Centro-Oeste,4,82.99,1
5008404,MS,Centro-Oeste,4,53.73,0
5100102,MT,Centro-Oeste,4,40.41,0
5100201,MT,Centro-Oeste,4,79.49,1
5100250,MT,Centro-Oeste,4,71.46,1
5100300,MT,Centro-Oeste,4,75.59,1
5100359,MT,Centro-Oeste,4,48.84,0
5100409,MT,Centro-Oeste,4,52.91,1
5100508,MT,Centro-Oeste,4,52.43,0
5100607,MT,Centro-Oeste,4,70.01,0
5100805,MT,Centro-Oeste,4,74.17,1
5101001,MT,Centro-Oeste,4,91.53,1
5101209,MT,Centro-Oeste,4,100.0,1
5101258,MT,Centro-Oeste,4,60.47,1
5101308,MT,Centro-Oeste,4,58.62,0
5101407,MT,Centro-Oeste,4,61.83,0
5101605,MT,Centro-Oeste,4,41.67,0
5101704,MT,Centro-Oeste,4,72.78,1
5101803,MT,Centro-Oeste,4,68.34,1
5101852,MT,Centro-Oeste,4,82.63,1
5101902,MT,Centro-Oeste,4,69.06,1
5102504,MT,Centro-Oeste,4,51.27,0
5102603,MT,Centro-Oeste,4,44.13,0
5102637,MT,Centro-Oeste,4,69.9,1
5102678,MT,Centro-Oeste,4,65.32,1
5102686,MT,Centro-Oeste,4,65.76,1
5102694,MT,Centro-Oeste,4,78.89,1
5102702,MT,Centro-Oeste,4,42.06,1
5102793,MT,Centro-Oeste,4,98.95,1
5102850,MT,Centro-Oeste,4,64.87,0
5103007,MT,Centro-Oeste,4,69.0,1
5103056,MT,Centro-Oeste,4,66.28,1
5103106,MT,Centro-Oeste,4,52.39,0
5103205,MT,Centro-Oeste,4,64.22,1
5103254,MT,Centro-Oeste,4,69.19,1
5103304,MT,Centro-Oeste,4,47.59,0
5103353,MT,Centro-Oeste,4,54.24,1
5103361,MT,Centro-Oeste,4,69.46,1
5103379,MT,Centro-Oeste,4,62.71,1
5103403,MT,Centro-Oeste,4,46.56,0
5103437,MT,Centro-Oeste,4,92.97,1
5103452,MT,Centro-Oeste,4,83.58,1
5103502,MT,Centro-Oeste,4,65.08,1
5103601,MT,Centro-Oeste,4,71.45,0
5103700,MT,Centro-Oeste,4,51.15,0
5103809,MT,Centro-Oeste,4,58.78,0
5103858,MT,Centro-Oeste,4,59.6,1
5103908,MT,Centro-Oeste,4,71.41,0
5103957,MT,Centro-Oeste,4,83.78,1
5104104,MT,Centro-Oeste,4,54.22,0
5104203,MT,Centro-Oeste,4,84.49,1
5104500,MT,Centro-Oeste,4,67.61,1
5104526,MT,Centro-Oeste,4,59.46,0
5104542,MT,Centro-Oeste,4,77.99,0
5104559,MT,Centro-Oeste,4,67.42,1
5104609,MT,Centro-Oeste,4,58.16,1
5104807,MT,Centro-Oeste,4,55.26,0
5104906,MT,Centro-Oeste,4,54.87,0
5105002,MT,Centro-Oeste,4,74.68,1
5105101,MT,Centro-Oeste,4,64.06,1
5105150,MT,Centro-Oeste,4,56.58,1
5105176,MT,Centro-Oeste,4,73.66,1
5105200,MT,Centro-Oeste,4,67.06,1
5105234,MT,Centro-Oeste,4,51.5,0
5105259,MT,Centro-Oeste,4,73.53,1
5105309,MT,Centro-Oeste,4,46.43,1
5105507,MT,Centro-Oeste,4,52.38,1
5105580,MT,Centro-Oeste,4,65.36,1
5105606,MT,Centro-Oeste,4,52.57,0
5105622,MT,Centro-Oeste,4,60.12,1
5105903,MT,Centro-Oeste,4,60.61,0
5106000,MT,Centro-Oeste,4,65.5,1
5106109,MT,Centro-Oeste,4,82.05,1
5106158,MT,Centro-Oeste,4,76.59,1
5106174,MT,Centro-Oeste,4,85.25,1
5106182,MT,Centro-Oeste,4,67.64,1
5106190,MT,Centro-Oeste,4,75.07,0
5106208,MT,Centro-Oeste,4,81.37,1
5106216,MT,Centro-Oeste,4,68.51,1
5106224,MT,Centro-Oeste,4,74.86,1
5106232,MT,Centro-Oeste,4,57.29,1
5106240,MT,Centro-Oeste,4,58.41,0
5106257,MT,Centro-Oeste,4,45.12,0
5106265,MT,Centro-Oeste,4,67.67,1
5106273,MT,Centro-Oeste,4,69.12,1
5106281,MT,Centro-Oeste,4,94.16,1
5106299,MT,Centro-Oeste,4,79.7,1
5106307,MT,Centro-Oeste,4,60.98,1
5106315,MT,Centro-Oeste,4,58.27,0
5106372,MT,Centro-Oeste,4,65.1,1
5106422,MT,Centro-Oeste,4,41.77,0
5106455,MT,Centro-Oeste,4,90.32,1
5106505,MT,Centro-Oeste,4,38.36,0
5106653,MT,Centro-Oeste,4,51.2,0
5106703,MT,Centro-Oeste,4,96.88,1
5106752,MT,Centro-Oeste,4,66.49,0
5106778,MT,Centro-Oeste,4,53.25,1
5106802,MT,Centro-Oeste,4,74.29,0
5106828,MT,Centro-Oeste,4,49.8,1
5106851,MT,Centro-Oeste,4,77.75,0
5107008,MT,Centro-Oeste,4,46.03,0
5107040,MT,Centro-Oeste,4,58.79,1
5107065,MT,Centro-Oeste,4,74.18,1
5107107,MT,Centro-Oeste,4,68.7,0
5107156,MT,Centro-Oeste,4,83.86,1
5107180,MT,Centro-Oeste,4,70.87,1
5107198,MT,Centro-Oeste,4,52.72,0
5107206,MT,Centro-Oeste,4,81.6,1
5107248,MT,Centro-Oeste,4,93.91,1
5107263,MT,Centro-Oeste,4,76.83,1
5107297,MT,Centro-Oeste,4,74.75,0
5107305,MT,Centro-Oeste,4,60.28,0
5107354,MT,Centro-Oeste,4,35.26,0
5107404,MT,Centro-Oeste,4,76.26,1
5107578,MT,Centro-Oeste,4,71.43,1
5107602,MT,Centro-Oeste,4,60.49,1
5107701,MT,Centro-Oeste,4,56.37,0
5107743,MT,Centro-Oeste,4,73.81,1
5107750,MT,Centro-Oeste,4,97.49,1
5107768,MT,Centro-Oeste,4,62.63,0
5107776,MT,Centro-Oeste,4,40.74,0
5107792,MT,Centro-Oeste,4,75.82,1
5107859,MT,Centro-Oeste,4,33.38,0
5107875,MT,Centro-Oeste,4,84.38,1
5107883,MT,Centro-Oeste,4,94.74,1
5107909,MT,Centro-Oeste,4,54.33,0
5107925,MT,Centro-Oeste,4,81.05,1
5107941,MT,Centro-Oeste,4,62.36,1
5107958,MT,Centro-Oeste,4,58.95,1
5108006,MT,Centro-Oeste,4,68.81,1
5108055,MT,Centro-Oeste,4,61.14,0
5108204,MT,Centro-Oeste,4,88.61,1
5108303,MT,Centro-Oeste,4,68.93,1
5108352,MT,Centro-Oeste,4,23.86,0
5108402,MT,Centro-Oeste,4,61.76,1
5108501,MT,Centro-Oeste,4,52.77,1
5108600,MT,Centro-Oeste,4,55.24,1
5108808,MT,Centro-Oeste,4,67.3,0
5108857,MT,Centro-Oeste,4,80.62,1
5108907,MT,Centro-Oeste,4,62.38,0
5108956,MT,Centro-Oeste,4,92.37,1
5200050,GO,Centro-Oeste,4,64.46,1
5200100,GO,Centro-Oeste,4,79.39,1
5200134,GO,Centro-Oeste,4,81.48,1
5200159,GO,Centro-Oeste,4,81.99,1
5200175,GO,Centro-Oeste,4,87.44,1
5200209,GO,Centro-Oeste,4,78.26,1
5200258,GO,Centro-Oeste,4,53.9,0
5200308,GO,Centro-Oeste,4,75.79,0
5200555,GO,Centro-Oeste,4,72.47,1
5200605,GO,Centro-Oeste,4,60.2,0
5200803,GO,Centro-Oeste,4,64.99,0
5200829,GO,Centro-Oeste,4,89.83,1
5200852,GO,Centro-Oeste,4,78.87,1
5200902,GO,Centro-Oeste,4,80.65,1
5201108,GO,Centro-Oeste,4,73.22,0
5201207,GO,Centro-Oeste,4,81.25,1
5201306,GO,Centro-Oeste,4,98.09,1
5201405,GO,Centro-Oeste,4,69.22,1
5201454,GO,Centro-Oeste,4,87.09,1
5201504,GO,Centro-Oeste,4,65.8,1
5201603,GO,Centro-Oeste,4,93.21,1
5201702,GO,Centro-Oeste,4,72.16,1
5201801,GO,Centro-Oeste,4,62.84,1
5202155,GO,Centro-Oeste,4,68.98,1
5202353,GO,Centro-Oeste,4,83.64,1
5202502,GO,Centro-Oeste,4,90.33,1
5202601,GO,Centro-Oeste,4,93.75,1
5202809,GO,Centro-Oeste,4,100.0,1
5203104,GO,Centro-Oeste,4,89.49,1
5203203,GO,Centro-Oeste,4,77.88,0
5203302,GO,Centro-Oeste,4,62.27,0
5203401,GO,Centro-Oeste,4,73.26,0
5203500,GO,Centro-Oeste,4,81.51,1
5203559,GO,Centro-Oeste,4,86.32,1
5203575,GO,Centro-Oeste,4,61.76,1
5203609,GO,Centro-Oeste,4,90.96,1
5203807,GO,Centro-Oeste,4,92.82,1
5203906,GO,Centro-Oeste,4,64.95,0
5203939,GO,Centro-Oeste,4,96.46,1
5203962,GO,Centro-Oeste,4,85.08,1
5204003,GO,Centro-Oeste,4,93.81,1
5204102,GO,Centro-Oeste,4,78.35,1
5204201,GO,Centro-Oeste,4,64.29,0
5204250,GO,Centro-Oeste,4,79.19,1
5204300,GO,Centro-Oeste,4,91.38,1
5204409,GO,Centro-Oeste,4,84.82,1
5204508,GO,Centro-Oeste,4,62.94,1
5204557,GO,Centro-Oeste,4,60.87,0
5204607,GO,Centro-Oeste,4,93.62,1
5204656,GO,Centro-Oeste,4,81.73,1
5204706,GO,Centro-Oeste,4,81.71,1
5204805,GO,Centro-Oeste,4,77.6,0
5204854,GO,Centro-Oeste,4,84.62,1
5204904,GO,Centro-Oeste,4,75.75,1
5204953,GO,Centro-Oeste,4,82.8,1
5205000,GO,Centro-Oeste,4,85.78,1
5205059,GO,Centro-Oeste,4,91.3,1
5205109,GO,Centro-Oeste,4,76.88,1
5205208,GO,Centro-Oeste,4,87.17,1
5205307,GO,Centro-Oeste,4,84.5,1
5205406,GO,Centro-Oeste,4,94.51,1
5205455,GO,Centro-Oeste,4,69.63,1
5205471,GO,Centro-Oeste,4,87.51,1
5205497,GO,Centro-Oeste,4,61.82,1
5205513,GO,Centro-Oeste,4,88.6,1
5205521,GO,Centro-Oeste,4,58.9,0
5205703,GO,Centro-Oeste,4,100.0,1
5205802,GO,Centro-Oeste,4,80.7,1
5205901,GO,Centro-Oeste,4,82.63,1
5206206,GO,Centro-Oeste,4,69.1,0
5206305,GO,Centro-Oeste,4,82.2,1
5206404,GO,Centro-Oeste,4,78.62,1
5206503,GO,Centro-Oeste,4,72.38,1
5206602,GO,Centro-Oeste,4,72.73,0
5206701,GO,Centro-Oeste,4,83.93,1
5206800,GO,Centro-Oeste,4,97.08,1
5206909,GO,Centro-Oeste,4,83.12,1
5207105,GO,Centro-Oeste,4,77.27,0
5207253,GO,Centro-Oeste,4,83.34,1
5207352,GO,Centro-Oeste,4,90.91,1
5207402,GO,Centro-Oeste,4,72.29,0
5207501,GO,Centro-Oeste,4,98.0,1
5207535,GO,Centro-Oeste,4,70.81,0
5207600,GO,Centro-Oeste,4,100.0,1
5207808,GO,Centro-Oeste,4,70.8,0
5207907,GO,Centro-Oeste,4,65.41,0
5208004,GO,Centro-Oeste,4,64.02,0
5208103,GO,Centro-Oeste,4,86.67,1
5208152,GO,Centro-Oeste,4,79.76,0
5208301,GO,Centro-Oeste,4,80.42,1
5208400,GO,Centro-Oeste,4,68.02,0
5208509,GO,Centro-Oeste,4,72.17,1
5208608,GO,Centro-Oeste,4,82.28,1
5208707,GO,Centro-Oeste,4,69.49,1
5208806,GO,Centro-Oeste,4,81.01,1
5208905,GO,Centro-Oeste,4,87.52,1
5209101,GO,Centro-Oeste,4,77.63,1
5209150,GO,Centro-Oeste,4,81.36,1
5209200,GO,Centro-Oeste,4,70.28,1
5209291,GO,Centro-Oeste,4,95.32,1
5209408,GO,Centro-Oeste,4,64.58,1
5209457,GO,Centro-Oeste,4,95.65,1
5209606,GO,Centro-Oeste,4,83.54,1
5209705,GO,Centro-Oeste,4,65.56,0
5209804,GO,Centro-Oeste,4,72.5,1
5209903,GO,Centro-Oeste,4,65.45,0
5209937,GO,Centro-Oeste,4,87.01,1
5209952,GO,Centro-Oeste,4,82.75,1
5210000,GO,Centro-Oeste,4,87.57,1
5210109,GO,Centro-Oeste,4,74.13,1
5210158,GO,Centro-Oeste,4,96.55,1
5210208,GO,Centro-Oeste,4,83.04,1
5210307,GO,Centro-Oeste,4,92.59,1
5210406,GO,Centro-Oeste,4,81.22,1
5210562,GO,Centro-Oeste,4,77.71,0
5210604,GO,Centro-Oeste,4,89.89,1
5210802,GO,Centro-Oeste,4,82.86,1
5210901,GO,Centro-Oeste,4,85.28,1
5211008,GO,Centro-Oeste,4,73.21,1
5211206,GO,Centro-Oeste,4,85.1,1
5211305,GO,Centro-Oeste,4,83.26,1
5211404,GO,Centro-Oeste,4,94.51,1
5211503,GO,Centro-Oeste,4,74.44,1
5211602,GO,Centro-Oeste,4,73.91,0
5211701,GO,Centro-Oeste,4,80.25,1
5211800,GO,Centro-Oeste,4,83.96,1
5211909,GO,Centro-Oeste,4,69.92,1
5212006,GO,Centro-Oeste,4,100.0,1
5212055,GO,Centro-Oeste,4,100.0,1
5212105,GO,Centro-Oeste,4,67.17,1
5212204,GO,Centro-Oeste,4,79.77,1
5212253,GO,Centro-Oeste,4,76.19,0
5212303,GO,Centro-Oeste,4,75.41,0
5212501,GO,Centro-Oeste,4,66.27,0
5212600,GO,Centro-Oeste,4,71.43,0
5212709,GO,Centro-Oeste,4,68.27,1
5212808,GO,Centro-Oeste,4,87.78,1
5212907,GO,Centro-Oeste,4,83.33,1
5212956,GO,Centro-Oeste,4,52.82,0
5213004,GO,Centro-Oeste,4,83.79,1
5213053,GO,Centro-Oeste,4,80.0,1
5213087,GO,Centro-Oeste,4,81.44,1
5213103,GO,Centro-Oeste,4,84.01,1
5213509,GO,Centro-Oeste,4,81.87,1
5213707,GO,Centro-Oeste,4,75.02,1
5213756,GO,Centro-Oeste,4,78.69,1
5213772,GO,Centro-Oeste,4,65.74,1
5213806,GO,Centro-Oeste,4,65.87,1
5213855,GO,Centro-Oeste,4,96.88,1
5213905,GO,Centro-Oeste,4,100.0,1
5214002,GO,Centro-Oeste,4,66.57,1
5214051,GO,Centro-Oeste,4,94.04,1
5214101,GO,Centro-Oeste,4,100.0,1
5214408,GO,Centro-Oeste,4,83.94,1
5214507,GO,Centro-Oeste,4,71.18,1
5214606,GO,Centro-Oeste,4,80.22,1
5214705,GO,Centro-Oeste,4,95.24,1
5214804,GO,Centro-Oeste,4,84.21,1
5214838,GO,Centro-Oeste,4,71.87,1
5214861,GO,Centro-Oeste,4,87.68,1
5214879,GO,Centro-Oeste,4,95.12,1
5214903,GO,Centro-Oeste,4,71.43,1
5215009,GO,Centro-Oeste,4,76.22,0
5215207,GO,Centro-Oeste,4,54.84,0
5215231,GO,Centro-Oeste,4,57.35,1
5215256,GO,Centro-Oeste,4,94.54,1
5215306,GO,Centro-Oeste,4,77.75,0
5215405,GO,Centro-Oeste,4,96.61,1
5215504,GO,Centro-Oeste,4,90.09,1
5215603,GO,Centro-Oeste,4,69.56,1
5215652,GO,Centro-Oeste,4,74.42,0
5215702,GO,Centro-Oeste,4,81.01,1
5215801,GO,Centro-Oeste,4,64.71,1
5215900,GO,Centro-Oeste,4,82.81,1
5216007,GO,Centro-Oeste,4,84.18,1
5216304,GO,Centro-Oeste,4,97.01,1
5216403,GO,Centro-Oeste,4,67.88,1
5216452,GO,Centro-Oeste,4,77.78,0
5216809,GO,Centro-Oeste,4,85.41,1
5216908,GO,Centro-Oeste,4,80.87,1
5217104,GO,Centro-Oeste,4,71.69,1
5217203,GO,Centro-Oeste,4,68.65,0
5217302,GO,Centro-Oeste,4,64.06,0
5217401,GO,Centro-Oeste,4,80.88,1
5217609,GO,Centro-Oeste,4,75.11,1
5217708,GO,Centro-Oeste,4,86.03,1
5218003,GO,Centro-Oeste,4,49.92,0
5218052,GO,Centro-Oeste,4,75.38,0
5218102,GO,Centro-Oeste,4,76.08,1
5218300,GO,Centro-Oeste,4,80.95,1
5218391,GO,Centro-Oeste,4,77.25,0
5218508,GO,Centro-Oeste,4,80.29,1
5218607,GO,Centro-Oeste,4,97.03,1
5218706,GO,Centro-Oeste,4,100.0,1
5218789,GO,Centro-Oeste,4,96.08,1
5218805,GO,Centro-Oeste,4,89.88,1
5218904,GO,Centro-Oeste,4,87.69,1
5219001,GO,Centro-Oeste,4,91.82,1
5219100,GO,Centro-Oeste,4,100.0,1
5219209,GO,Centro-Oeste,4,85.78,1
5219258,GO,Centro-Oeste,4,92.78,1
5219357,GO,Centro-Oeste,4,77.97,0
5219407,GO,Centro-Oeste,4,83.33,1
5219456,GO,Centro-Oeste,4,95.83,1
5219506,GO,Centro-Oeste,4,100.0,1
5219605,GO,Centro-Oeste,4,91.67,1
5219704,GO,Centro-Oeste,4,96.08,1
5219712,GO,Centro-Oeste,4,91.64,1
5219738,GO,Centro-Oeste,4,82.91,1
5219753,GO,Centro-Oeste,4,53.64,1
5219803,GO,Centro-Oeste,4,65.94,1
5219902,GO,Centro-Oeste,4,75.57,1
5220009,GO,Centro-Oeste,4,89.53,1
5220058,GO,Centro-Oeste,4,87.5,1
5220108,GO,Centro-Oeste,4,76.27,1
5220157,GO,Centro-Oeste,4,85.76,1
5220207,GO,Centro-Oeste,4,91.4,1
5220264,GO,Centro-Oeste,4,67.1,0
5220280,GO,Centro-Oeste,4,86.36,1
5220405,GO,Centro-Oeste,4,82.29,1
5220454,GO,Centro-Oeste,4,60.34,1
5220504,GO,Centro-Oeste,4,66.65,1
5220603,GO,Centro-Oeste,4,91.2,1
5220686,GO,Centro-Oeste,4,77.79,0
5220702,GO,Centro-Oeste,4,79.41,1
5221007,GO,Centro-Oeste,4,75.0,1
5221080,GO,Centro-Oeste,4,62.3,1
5221197,GO,Centro-Oeste,4,71.39,1
5221304,GO,Centro-Oeste,4,84.05,1
5221403,GO,Centro-Oeste,4,77.21,1
5221452,GO,Centro-Oeste,4,94.47,1
5221502,GO,Centro-Oeste,4,80.7,1
5221551,GO,Centro-Oeste,4,86.88,1
5221577,GO,Centro-Oeste,4,66.67,1
5221601,GO,Centro-Oeste,4,76.87,1
5221700,GO,Centro-Oeste,4,97.73,1
5221809,GO,Centro-Oeste,4,66.86,0
5221858,GO,Centro-Oeste,4,64.23,1
5221908,GO,Centro-Oeste,4,84.78,1
5222005,GO,Centro-Oeste,4,89.5,1
5222054,GO,Centro-Oeste,4,84.21,1
5222203,GO,Centro-Oeste,4,78.69,0
5222302,GO,Centro-Oeste,4,79.46,1
