id_municipio,sigla_uf,regiao,taxa_alfabetizacao,taxa_ano_anterior,meta_ano_corrente,atingiu_meta,risco_persistencia_2025,risco_tendencia_2025,risco_persistencia_2030,risco_tendencia_2030,nao_atingiu_2024
1704600,TO,Norte,6.25,50.0,54.93,0,1.0,1.0,1.0,1.0,1
4319208,RS,Sul,7.1,57.89,61.56,0,1.0,1.0,1.0,1.0,1
1712702,TO,Norte,9.09,27.59,34.77,0,1.0,1.0,1.0,1.0,1
4320453,RS,Sul,11.1,85.41,80.0,0,1.0,1.0,1.0,1.0,1
1304260,AM,Norte,11.25,13.39,19.75,0,1.0,1.0,1.0,1.0,1
2805109,SE,Nordeste,11.52,14.81,21.39,0,1.0,1.0,1.0,1.0,1
2203354,PI,Nordeste,11.96,33.24,40.14,0,1.0,1.0,1.0,1.0,1
1707702,TO,Norte,12.63,11.95,18.04,0,1.0,1.0,1.0,1.0,1
4317004,RS,Sul,13.1,48.82,53.93,0,1.0,1.0,1.0,1.0,1
2902252,BA,Nordeste,13.11,16.86,23.69,0,1.0,1.0,1.0,1.0,1
4321303,RS,Sul,13.2,49.6,54.6,0,1.0,1.0,1.0,1.0,1
2924108,BA,Nordeste,13.33,20.72,27.85,0,1.0,1.0,1.0,1.0,1
1711951,TO,Norte,15.09,20.75,27.88,0,1.0,1.0,1.0,1.0,1
2915403,BA,Nordeste,15.25,20.17,27.27,0,1.0,1.0,1.0,1.0,1
2912608,BA,Nordeste,15.62,20.08,27.17,0,1.0,1.0,1.0,1.0,1
2926905,BA,Nordeste,15.62,36.5,43.13,0,1.0,1.0,1.0,1.0,1
2801504,SE,Nordeste,16.16,24.85,32.07,0,1.0,1.0,1.0,1.0,1
2802700,SE,Nordeste,16.26,26.97,34.17,0,1.0,1.0,1.0,1.0,1
2901908,BA,Nordeste,16.52,17.78,24.7,0,1.0,1.0,1.0,1.0,1
2802601,SE,Nordeste,16.67,20.0,27.09,0,1.0,1.0,1.0,1.0,1
2805604,SE,Nordeste,16.87,23.53,30.74,0,1.0,1.0,1.0,1.0,1
2413904,RN,Nordeste,17.68,36.54,43.17,0,1.0,1.0,1.0,1.0,1
2902203,BA,Nordeste,17.95,21.73,28.9,0,1.0,1.0,1.0,1.0,1
2933158,BA,Nordeste,17.95,32.8,39.73,0,1.0,1.0,1.0,1.0,1
1710706,TO,Norte,18.09,32.53,39.48,0,1.0,1.0,1.0,1.0,1
2509370,PB,Nordeste,18.18,40.0,46.27,0,1.0,1.0,1.0,1.0,1
4301073,RS,Sul,18.2,94.58,80.0,0,1.0,1.0,1.0,1.0,1
2900207,BA,Nordeste,18.24,28.28,35.44,0,1.0,1.0,1.0,1.0,1
2920809,BA,Nordeste,18.57,21.15,28.29,0,1.0,1.0,1.0,1.0,1
1600105,AP,Norte,19.03,31.2,38.23,0,1.0,1.0,1.0,1.0,1
1703008,TO,Norte,19.17,20.49,27.6,0,1.0,1.0,1.0,1.0,1
2206654,PI,Nordeste,19.39,23.7,30.91,0,1.0,1.0,1.0,1.0,1
1712405,TO,Norte,19.44,42.61,48.57,0,1.0,1.0,1.0,1.0,1
2802007,SE,Nordeste,19.53,39.34,45.68,0,1.0,1.0,1.0,1.0,1
2919108,BA,Nordeste,19.57,22.24,29.42,0,1.0,1.0,1.0,1.0,1
1718659,TO,Norte,19.61,17.56,24.46,0,1.0,1.0,1.0,1.0,1
1713601,TO,Norte,19.71,69.96,71.56,0,1.0,1.0,1.0,1.0,1
2930501,BA,Nordeste,19.92,25.2,32.42,0,1.0,1.0,1.0,1.0,1
2925600,BA,Nordeste,20.0,21.28,28.43,0,1.0,1.0,1.0,1.0,1
4302600,RS,Sul,20.0,40.0,46.27,0,1.0,1.0,1.0,1.0,1
2924207,BA,Nordeste,20.45,29.14,36.27,0,1.0,1.0,1.0,1.0,1
2800209,SE,Nordeste,20.53,21.43,28.59,0,1.0,1.0,1.0,1.0,1
1302553,AM,Norte,20.56,47.0,52.37,0,1.0,1.0,1.0,1.0,1
1712801,TO,Norte,20.67,19.32,26.36,0,1.0,1.0,1.0,1.0,1
2929800,BA,Nordeste,20.73,15.02,21.63,0,1.0,1.0,1.0,1.0,1
2933059,BA,Nordeste,20.73,32.58,39.52,0,1.0,1.0,1.0,1.0,1
1600501,AP,Norte,21.03,26.09,33.3,0,1.0,1.0,1.0,1.0,1
2917003,BA,Nordeste,21.05,27.79,34.97,0,1.0,1.0,1.0,1.0,1
4305439,RS,Sul,21.1,50.0,54.93,0,1.0,1.0,1.0,1.0,1
2919009,BA,Nordeste,21.21,50.0,54.93,0,1.0,1.0,1.0,1.0,1
2923100,BA,Nordeste,21.29,34.5,41.3,0,1.0,1.0,1.0,1.0,1
2908903,BA,Nordeste,21.3,30.95,37.99,0,1.0,1.0,1.0,1.0,1
1709807,TO,Norte,21.43,27.27,34.46,0,1.0,1.0,1.0,1.0,1
2604205,PE,Nordeste,21.83,44.6,50.3,0,1.0,1.0,1.0,1.0,1
2409704,RN,Nordeste,21.89,19.48,26.54,0,1.0,1.0,1.0,1.0,1
2802502,SE,Nordeste,21.91,20.0,27.09,0,1.0,1.0,1.0,1.0,1
2922250,BA,Nordeste,22.03,30.98,38.02,0,1.0,1.0,1.0,1.0,1
2912707,BA,Nordeste,22.06,31.23,38.26,0,1.0,1.0,1.0,1.0,1
2806305,SE,Nordeste,22.15,25.9,33.12,0,1.0,1.0,1.0,1.0,1
2806404,SE,Nordeste,22.21,28.89,36.03,0,1.0,1.0,1.0,1.0,1
4314209,RS,Sul,22.3,67.71,69.69,0,1.0,1.0,1.0,1.0,1
2924405,BA,Nordeste,22.51,23.9,31.12,0,1.0,1.0,1.0,1.0,1
2911808,BA,Nordeste,22.64,22.69,29.89,0,1.0,1.0,1.0,1.0,1
2407302,RN,Nordeste,22.73,26.9,34.1,0,1.0,1.0,1.0,1.0,1
1300805,AM,Norte,22.82,28.35,35.51,0,1.0,1.0,1.0,1.0,1
2909901,BA,Nordeste,22.94,29.66,36.77,0,1.0,1.0,1.0,1.0,1
2932457,BA,Nordeste,22.95,21.31,28.46,0,1.0,1.0,1.0,1.0,1
2901601,BA,Nordeste,23.17,44.12,49.89,0,1.0,1.0,1.0,1.0,1
2906808,BA,Nordeste,23.19,29.69,36.8,0,1.0,1.0,1.0,1.0,1
2920106,BA,Nordeste,23.42,40.81,46.99,0,1.0,1.0,1.0,1.0,1
4320354,RS,Sul,23.5,73.81,74.77,0,1.0,1.0,1.0,1.0,1
2915106,BA,Nordeste,23.53,37.75,44.26,0,1.0,1.0,1.0,1.0,1
2409803,RN,Nordeste,23.56,16.96,23.8,0,1.0,1.0,1.0,1.0,1
2411502,RN,Nordeste,23.56,66.5,68.69,0,1.0,1.0,1.0,1.0,1
2926103,BA,Nordeste,23.58,18.48,25.46,0,1.0,1.0,1.0,1.0,1
2507408,PB,Nordeste,23.83,53.45,57.85,0,1.0,1.0,1.0,1.0,1
1703891,TO,Norte,23.86,34.09,40.93,0,1.0,1.0,1.0,1.0,1
5108352,MT,Centro-Oeste,23.86,48.81,53.92,0,1.0,1.0,1.0,1.0,1
2900900,BA,Nordeste,23.91,31.19,38.22,0,1.0,1.0,1.0,1.0,1
2910602,BA,Nordeste,23.96,19.87,26.95,0,1.0,1.0,1.0,1.0,1
2512721,PB,Nordeste,23.99,47.41,52.73,0,1.0,1.0,1.0,1.0,1
1711100,TO,Norte,24.0,64.16,66.76,0,1.0,1.0,1.0,1.0,1
2930105,BA,Nordeste,24.02,19.93,27.01,0,1.0,1.0,1.0,1.0,1
1502806,PA,Norte,24.03,25.06,32.28,0,1.0,1.0,1.0,1.0,1
2509057,PB,Nordeste,24.23,68.93,70.7,0,1.0,1.0,1.0,1.0,1
2930204,BA,Nordeste,24.24,26.41,33.62,0,1.0,1.0,1.0,1.0,1
2925006,BA,Nordeste,24.31,40.09,46.35,0,1.0,1.0,1.0,1.0,1
2703106,AL,Nordeste,24.34,29.74,36.85,0,1.0,1.0,1.0,1.0,1
1300508,AM,Norte,24.4,29.7,36.81,0,1.0,1.0,1.0,1.0,1
2903953,BA,Nordeste,24.44,41.85,47.9,0,1.0,1.0,1.0,1.0,1
2923704,BA,Nordeste,24.46,21.13,28.27,0,1.0,1.0,1.0,1.0,1
2902104,BA,Nordeste,24.47,20.27,27.37,0,1.0,1.0,1.0,1.0,1
2905602,BA,Nordeste,24.61,34.0,40.84,0,1.0,1.0,1.0,1.0,1
2929305,BA,Nordeste,24.63,36.4,43.04,0,1.0,1.0,1.0,1.0,1
1719004,TO,Norte,24.65,48.09,53.31,0,1.0,1.0,1.0,1.0,1
4320859,RS,Sul,24.7,59.69,63.05,0,1.0,1.0,1.0,1.0,1
2903300,BA,Nordeste,24.72,39.29,45.64,0,1.0,1.0,1.0,1.0,1
2505204,PB,Nordeste,24.78,29.25,36.38,0,1.0,1.0,1.0,1.0,1
2914653,BA,Nordeste,24.92,31.1,38.14,0,1.0,1.0,1.0,1.0,1
2915304,BA,Nordeste,25.0,32.81,39.74,0,1.0,1.0,1.0,1.0,1
3532868,SP,Sudeste,25.0,40.0,46.27,0,1.0,1.0,1.0,1.0,1
4310850,RS,Sul,25.0,85.54,80.0,0,1.0,1.0,1.0,1.0,1
4319752,RS,Sul,25.0,100.0,80.0,0,1.0,1.0,1.0,1.0,1
2707107,AL,Nordeste,25.08,24.74,31.96,0,1.0,1.0,1.0,1.0,1
2913903,BA,Nordeste,25.15,33.64,40.51,0,1.0,1.0,1.0,1.0,1
2919157,BA,Nordeste,25.25,25.08,32.3,0,1.0,1.0,1.0,1.0,1
2901809,BA,Nordeste,25.32,32.58,39.52,0,1.0,1.0,1.0,1.0,1
2412807,RN,Nordeste,25.47,19.8,26.88,0,1.0,1.0,1.0,1.0,1
2804409,SE,Nordeste,25.49,21.18,28.33,0,1.0,1.0,1.0,1.0,1
4301875,RS,Sul,25.5,61.01,64.15,0,1.0,1.0,1.0,1.0,1
2917334,BA,Nordeste,25.53,49.03,54.11,0,1.0,1.0,1.0,1.0,1
4311122,RS,Sul,25.6,68.5,70.35,0,1.0,1.0,1.0,1.0,1
2907608,BA,Nordeste,25.64,30.85,37.9,0,1.0,1.0,1.0,1.0,1
2929206,BA,Nordeste,25.66,30.02,37.11,0,1.0,1.0,1.0,1.0,1
2930600,BA,Nordeste,25.69,32.84,39.77,0,1.0,1.0,1.0,1.0,1
4313953,RS,Sul,25.7,72.52,73.69,0,1.0,1.0,1.0,1.0,1
4316972,RS,Sul,25.7,42.41,48.4,0,1.0,1.0,1.0,1.0,1
2901700,BA,Nordeste,25.76,33.89,40.74,0,1.0,1.0,1.0,1.0,1
2919926,BA,Nordeste,25.81,40.71,46.9,0,1.0,1.0,1.0,1.0,1
2802205,SE,Nordeste,26.0,29.58,36.69,0,1.0,1.0,1.0,1.0,1
2922656,BA,Nordeste,26.14,31.25,38.28,0,1.0,1.0,1.0,1.0,1
2928109,BA,Nordeste,26.29,32.33,39.29,0,1.0,1.0,1.0,1.0,1
2900603,BA,Nordeste,26.32,29.26,36.39,0,1.0,1.0,1.0,1.0,1
2913606,BA,Nordeste,26.35,32.25,39.22,0,1.0,1.0,1.0,1.0,1
2927101,BA,Nordeste,26.35,23.27,30.48,0,1.0,1.0,1.0,1.0,1
2932705,BA,Nordeste,26.42,30.01,37.1,0,1.0,1.0,1.0,1.0,1
2401859,RN,Nordeste,26.47,31.2,38.23,0,1.0,1.0,1.0,1.0,1
2407005,RN,Nordeste,26.6,26.23,33.44,0,1.0,1.0,1.0,1.0,1
4302238,RS,Sul,26.6,71.3,72.67,0,1.0,1.0,1.0,1.0,1
2909307,BA,Nordeste,26.64,36.71,43.32,0,1.0,1.0,1.0,1.0,1
2930154,BA,Nordeste,26.65,36.17,42.83,0,1.0,1.0,1.0,1.0,1
2801207,SE,Nordeste,26.66,22.69,29.89,0,1.0,1.0,1.0,1.0,1
4306700,RS,Sul,26.7,81.25,80.0,0,1.0,1.0,1.0,1.0,1
2920908,BA,Nordeste,26.73,22.32,29.51,0,1.0,1.0,1.0,1.0,1
2806503,SE,Nordeste,26.74,25.0,32.22,0,1.0,1.0,1.0,1.0,1
2806602,SE,Nordeste,26.79,34.57,41.37,0,1.0,1.0,1.0,1.0,1
1718758,TO,Norte,26.8,27.83,35.01,0,1.0,1.0,1.0,1.0,1
2915809,BA,Nordeste,26.98,22.21,29.39,0,1.0,1.0,1.0,1.0,1
2506400,PB,Nordeste,27.02,35.1,41.85,0,1.0,1.0,1.0,1.0,1
2922854,BA,Nordeste,27.03,31.91,38.9,0,1.0,1.0,1.0,1.0,1
2929354,BA,Nordeste,27.27,31.3,38.32,0,1.0,1.0,1.0,1.0,1
3515806,SP,Sudeste,27.27,30.0,37.09,0,1.0,1.0,1.0,1.0,1
3553658,SP,Sudeste,27.27,75.0,75.76,0,1.0,1.0,1.0,1.0,1
4203105,SC,Sul,27.3,75.47,76.16,0,1.0,1.0,1.0,1.0,1
4302584,RS,Sul,27.3,100.0,80.0,0,1.0,1.0,1.0,1.0,1
1301159,AM,Norte,27.35,38.04,44.52,0,1.0,1.0,1.0,1.0,1
2514453,PB,Nordeste,27.36,58.86,62.36,0,1.0,1.0,1.0,1.0,1
2413201,RN,Nordeste,27.46,23.89,31.11,0,1.0,1.0,1.0,1.0,1
2908200,BA,Nordeste,27.46,31.68,38.68,0,1.0,1.0,1.0,1.0,1
1703883,TO,Norte,27.47,25.12,32.34,0,1.0,1.0,1.0,1.0,1
2707404,AL,Nordeste,27.47,30.12,37.21,0,1.0,1.0,1.0,1.0,1
2921500,BA,Nordeste,27.49,30.9,37.95,0,1.0,1.0,1.0,1.0,1
2925402,BA,Nordeste,27.54,27.88,35.06,0,1.0,1.0,1.0,1.0,1
2203255,PI,Nordeste,27.56,32.63,39.57,0,1.0,1.0,1.0,1.0,1
2928505,BA,Nordeste,27.63,26.63,33.84,0,1.0,1.0,1.0,1.0,1
2413359,RN,Nordeste,27.68,32.67,39.61,0,1.0,1.0,1.0,1.0,1
2703601,AL,Nordeste,27.69,23.07,30.27,0,1.0,1.0,1.0,1.0,1
2932408,BA,Nordeste,27.71,33.09,40.0,0,1.0,1.0,1.0,1.0,1
2410900,RN,Nordeste,27.78,41.04,47.19,0,1.0,1.0,1.0,1.0,1
2703809,AL,Nordeste,27.93,33.47,40.35,0,1.0,1.0,1.0,1.0,1
2927200,BA,Nordeste,27.94,38.25,44.71,0,1.0,1.0,1.0,1.0,1
2705309,AL,Nordeste,27.99,30.02,37.11,0,1.0,1.0,1.0,1.0,1
2913101,BA,Nordeste,28.0,26.1,33.31,0,1.0,1.0,1.0,1.0,1
4313334,RS,Sul,28.0,86.97,80.0,0,1.0,1.0,1.0,1.0,1
2800605,SE,Nordeste,28.04,22.14,29.32,0,1.0,1.0,1.0,1.0,1
2905909,BA,Nordeste,28.04,36.68,43.29,0,1.0,1.0,1.0,1.0,1
4202438,SC,Sul,28.06,39.12,45.49,0,1.0,1.0,1.0,1.0,1
2702405,AL,Nordeste,28.13,31.11,38.15,0,1.0,1.0,1.0,1.0,1
2908606,BA,Nordeste,28.14,40.59,46.79,0,1.0,1.0,1.0,1.0,1
2905503,BA,Nordeste,28.19,21.3,28.45,0,1.0,1.0,1.0,1.0,1
4304663,RS,Sul,28.2,48.68,53.81,0,1.0,1.0,1.0,1.0,1
2408805,RN,Nordeste,28.27,47.0,52.37,0,1.0,1.0,1.0,1.0,1
2921708,BA,Nordeste,28.31,36.21,42.87,0,1.0,1.0,1.0,1.0,1
2804607,SE,Nordeste,28.39,32.7,39.64,0,1.0,1.0,1.0,1.0,1
2905800,BA,Nordeste,28.39,25.96,33.17,0,1.0,1.0,1.0,1.0,1
2927606,BA,Nordeste,28.39,25.65,32.87,0,1.0,1.0,1.0,1.0,1
2929370,BA,Nordeste,28.41,23.18,30.39,0,1.0,1.0,1.0,1.0,1
2408300,RN,Nordeste,28.42,30.54,37.61,0,1.0,1.0,1.0,1.0,1
2928059,BA,Nordeste,28.42,33.46,40.34,0,1.0,1.0,1.0,1.0,1
2931707,BA,Nordeste,28.42,23.25,30.46,0,1.0,1.0,1.0,1.0,1
2901353,BA,Nordeste,28.44,32.96,39.88,0,1.0,1.0,1.0,1.0,1
2901403,BA,Nordeste,28.44,38.05,44.53,0,1.0,1.0,1.0,1.0,1
2500304,PB,Nordeste,28.48,31.28,38.31,0,1.0,1.0,1.0,1.0,1
2902708,BA,Nordeste,28.48,26.84,34.04,0,1.0,1.0,1.0,1.0,1
2917508,BA,Nordeste,28.49,30.73,37.79,0,1.0,1.0,1.0,1.0,1
2911907,BA,Nordeste,28.52,22.93,30.13,0,1.0,1.0,1.0,1.0,1
1703305,TO,Norte,28.56,26.13,33.34,0,1.0,1.0,1.0,1.0,1
2916104,BA,Nordeste,28.57,38.25,44.71,0,1.0,1.0,1.0,1.0,1
3140605,MG,Sudeste,28.57,37.11,43.68,0,1.0,1.0,1.0,1.0,1
2800407,SE,Nordeste,28.6,31.03,38.07,0,1.0,1.0,1.0,1.0,1
1504505,PA,Norte,28.64,38.0,44.48,0,1.0,1.0,1.0,1.0,1
2906303,BA,Nordeste,28.68,28.98,36.12,0,1.0,1.0,1.0,1.0,1
4202503,SC,Sul,28.72,40.62,46.82,0,1.0,1.0,1.0,1.0,1
2919207,BA,Nordeste,28.75,29.63,36.74,0,1.0,1.0,1.0,1.0,1
2922052,BA,Nordeste,28.83,22.47,29.66,0,1.0,1.0,1.0,1.0,1
2917102,BA,Nordeste,28.85,47.4,52.72,0,1.0,1.0,1.0,1.0,1
2406304,RN,Nordeste,28.89,47.72,52.99,0,1.0,1.0,1.0,1.0,1
2921609,BA,Nordeste,28.89,31.78,38.78,0,1.0,1.0,1.0,1.0,1
2902005,BA,Nordeste,28.92,41.95,47.99,0,1.0,1.0,1.0,1.0,1
2102200,MA,Nordeste,28.95,44.96,50.62,0,1.0,1.0,1.0,1.0,1
2925501,BA,Nordeste,28.97,34.88,41.65,0,1.0,1.0,1.0,1.0,1
2911600,BA,Nordeste,29.08,36.92,43.51,0,1.0,1.0,1.0,1.0,1
3529708,SP,Sudeste,29.09,64.31,66.88,0,1.0,1.0,1.0,1.0,1
2928000,BA,Nordeste,29.15,25.08,32.3,0,1.0,1.0,1.0,1.0,1
2803708,SE,Nordeste,29.17,38.3,44.75,0,1.0,1.0,1.0,1.0,1
2917300,BA,Nordeste,29.17,44.09,49.86,0,1.0,1.0,1.0,1.0,1
2918407,BA,Nordeste,29.31,31.18,38.21,0,1.0,1.0,1.0,1.0,1
2906873,BA,Nordeste,29.34,26.2,33.41,0,1.0,1.0,1.0,1.0,1
2904704,BA,Nordeste,29.37,24.27,31.49,0,1.0,1.0,1.0,1.0,1
4312617,RS,Sul,29.4,68.75,70.55,0,1.0,1.0,1.0,1.0,1
2921401,BA,Nordeste,29.41,33.73,40.59,0,1.0,1.0,1.0,1.0,1
1303957,AM,Norte,29.46,51.77,56.43,0,1.0,1.0,1.0,1.0,1
2918100,BA,Nordeste,29.53,27.04,34.24,0,1.0,1.0,1.0,1.0,1
2906105,BA,Nordeste,29.55,37.3,43.85,0,1.0,1.0,1.0,1.0,1
2931509,BA,Nordeste,29.57,28.06,35.23,0,1.0,1.0,1.0,1.0,1
2900801,BA,Nordeste,29.6,45.33,50.94,0,1.0,1.0,1.0,1.0,1
2406403,RN,Nordeste,29.67,41.67,47.75,0,1.0,1.0,1.0,1.0,1
2911402,BA,Nordeste,29.69,35.91,42.59,0,1.0,1.0,1.0,1.0,1
2903235,BA,Nordeste,29.75,24.29,31.51,0,1.0,1.0,1.0,1.0,1
2914802,BA,Nordeste,29.75,31.6,38.61,0,1.0,1.0,1.0,1.0,1
2802106,SE,Nordeste,29.77,33.96,40.81,0,1.0,1.0,1.0,1.0,1
2806800,SE,Nordeste,29.79,29.59,36.7,0,1.0,1.0,1.0,1.0,1
2503001,PB,Nordeste,29.81,37.78,44.29,0,1.0,1.0,1.0,1.0,1
3522653,SP,Sudeste,29.85,45.73,51.28,0,1.0,1.0,1.0,1.0,1
2402402,RN,Nordeste,29.88,65.52,67.88,0,1.0,1.0,1.0,1.0,1
2405108,RN,Nordeste,29.91,30.43,37.5,0,1.0,1.0,1.0,1.0,1
2200905,PI,Nordeste,30.0,57.69,61.39,0,1.0,1.0,1.0,1.0,1
2514651,PB,Nordeste,30.0,40.0,46.27,0,1.0,1.0,1.0,1.0,1
2916906,BA,Nordeste,30.0,32.86,39.79,0,1.0,1.0,1.0,1.0,1
1304237,AM,Norte,30.02,45.93,51.45,0,1.0,1.0,1.0,1.0,1
2404606,RN,Nordeste,30.13,41.28,47.4,0,1.0,1.0,1.0,1.0,1
2407104,RN,Nordeste,30.13,29.15,36.28,0,1.0,1.0,1.0,1.0,1
2913705,BA,Nordeste,30.13,29.49,36.61,0,1.0,1.0,1.0,1.0,1
2925808,BA,Nordeste,30.32,27.35,34.54,0,1.0,1.0,1.0,1.0,1
2807105,SE,Nordeste,30.35,33.19,40.09,0,1.0,1.0,1.0,1.0,1
2605202,PE,Nordeste,30.48,54.51,58.74,0,1.0,1.0,1.0,1.0,1
2924009,BA,Nordeste,30.51,24.79,32.01,0,1.0,1.0,1.0,1.0,1
2907301,BA,Nordeste,30.54,44.01,49.79,0,1.0,1.0,1.0,1.0,1
2931400,BA,Nordeste,30.56,41.03,47.18,0,1.0,1.0,1.0,1.0,1
2902906,BA,Nordeste,30.6,36.09,42.76,0,1.0,1.0,1.0,1.0,1
1505304,PA,Norte,30.61,34.52,41.32,0,1.0,1.0,1.0,1.0,1
1600550,AP,Norte,30.66,36.41,43.05,0,1.0,1.0,1.0,1.0,1
2909109,BA,Nordeste,30.71,47.33,52.66,0,1.0,1.0,1.0,1.0,1
2500601,PB,Nordeste,30.75,57.33,61.09,0,1.0,1.0,1.0,1.0,1
2408409,RN,Nordeste,30.77,24.17,31.39,0,1.0,1.0,1.0,1.0,1
2906402,BA,Nordeste,30.77,30.92,37.97,0,1.0,1.0,1.0,1.0,1
3554656,SP,Sudeste,30.77,33.33,40.22,0,1.0,1.0,1.0,1.0,1
2609907,PE,Nordeste,30.78,36.16,42.82,0,1.0,1.0,1.0,1.0,1
2210904,PI,Nordeste,30.86,68.44,70.3,0,1.0,1.0,1.0,1.0,1
2906709,BA,Nordeste,30.86,38.1,44.57,0,1.0,1.0,1.0,1.0,1
1302306,AM,Norte,30.91,36.64,43.26,0,1.0,1.0,1.0,1.0,1
2908408,BA,Nordeste,30.94,28.58,35.73,0,1.0,1.0,1.0,1.0,1
1717909,TO,Norte,30.99,47.6,52.89,0,1.0,1.0,1.0,1.0,1
3140852,MG,Sudeste,31.08,37.68,44.2,0,1.0,1.0,1.0,1.0,1
2907905,BA,Nordeste,31.09,27.9,35.07,0,1.0,1.0,1.0,1.0,1
2705408,AL,Nordeste,31.11,35.28,42.02,0,1.0,1.0,1.0,1.0,1
2932200,BA,Nordeste,31.13,29.79,36.89,0,1.0,1.0,1.0,1.0,1
2933505,BA,Nordeste,31.17,38.38,44.82,0,1.0,1.0,1.0,1.0,1
2914901,BA,Nordeste,31.19,32.32,39.28,0,1.0,1.0,1.0,1.0,1
2401206,RN,Nordeste,31.22,24.75,31.97,0,1.0,1.0,1.0,1.0,1
2804508,SE,Nordeste,31.24,29.55,36.66,0,1.0,1.0,1.0,1.0,1
2211357,PI,Nordeste,31.25,25.97,33.18,0,1.0,1.0,1.0,1.0,1
2803500,SE,Nordeste,31.27,35.6,42.31,0,1.0,1.0,1.0,1.0,1
2208809,PI,Nordeste,31.32,40.89,47.06,0,1.0,1.0,1.0,1.0,1
2929008,BA,Nordeste,31.33,32.07,39.05,0,1.0,1.0,1.0,1.0,1
1300680,AM,Norte,31.41,26.16,33.37,0,1.0,1.0,1.0,1.0,1
2913507,BA,Nordeste,31.48,49.55,54.55,0,1.0,1.0,1.0,1.0,1
2919801,BA,Nordeste,31.5,43.5,49.35,0,1.0,1.0,1.0,1.0,1
4309308,RS,Sul,31.5,49.72,54.7,0,1.0,1.0,1.0,1.0,1
2211209,PI,Nordeste,31.55,27.78,34.96,0,1.0,1.0,1.0,1.0,1
1715507,TO,Norte,31.58,50.0,54.93,0,1.0,1.0,1.0,1.0,1
2918555,BA,Nordeste,31.58,35.85,42.54,0,1.0,1.0,1.0,1.0,1
1303809,AM,Norte,31.59,36.49,43.12,0,1.0,1.0,1.0,1.0,1
2413409,RN,Nordeste,31.59,25.83,33.05,0,1.0,1.0,1.0,1.0,1
1507003,PA,Norte,31.66,25.72,32.94,0,1.0,1.0,1.0,1.0,1
2925709,BA,Nordeste,31.78,30.41,37.48,0,1.0,1.0,1.0,1.0,1
2930808,BA,Nordeste,31.82,25.49,32.71,0,1.0,1.0,1.0,1.0,1
2928802,BA,Nordeste,31.86,32.65,39.59,0,1.0,1.0,1.0,1.0,1
2932903,BA,Nordeste,31.89,31.04,38.08,0,1.0,1.0,1.0,1.0,1
2922730,BA,Nordeste,31.91,46.81,52.21,0,1.0,1.0,1.0,1.0,1
2907103,BA,Nordeste,31.96,28.55,35.7,0,1.0,1.0,1.0,1.0,1
2904100,BA,Nordeste,32.0,39.47,45.8,0,1.0,1.0,1.0,1.0,1
2928406,BA,Nordeste,32.05,46.95,52.33,0,1.0,1.0,1.0,1.0,1
1303908,AM,Norte,32.06,33.12,40.03,0,1.0,1.0,1.0,1.0,1
2903805,BA,Nordeste,32.14,33.4,40.29,0,1.0,1.0,1.0,1.0,1
2411601,RN,Nordeste,32.17,57.76,61.45,0,1.0,1.0,1.0,1.0,1
2901205,BA,Nordeste,32.17,36.54,43.17,0,1.0,1.0,1.0,1.0,1
1501600,PA,Norte,32.2,37.01,43.59,0,1.0,1.0,1.0,1.0,1
2916401,BA,Nordeste,32.22,39.63,45.94,0,1.0,1.0,1.0,1.0,1
2910057,BA,Nordeste,32.25,35.5,42.22,0,1.0,1.0,1.0,1.0,1
2933604,BA,Nordeste,32.25,31.02,38.06,0,1.0,1.0,1.0,1.0,1
2402204,RN,Nordeste,32.26,37.7,44.21,0,1.0,1.0,1.0,1.0,1
2407203,RN,Nordeste,32.32,27.27,34.46,0,1.0,1.0,1.0,1.0,1
2910701,BA,Nordeste,32.37,33.07,39.98,0,1.0,1.0,1.0,1.0,1
2204105,PI,Nordeste,32.38,47.28,52.61,0,1.0,1.0,1.0,1.0,1
2503803,PB,Nordeste,32.4,54.92,59.08,0,1.0,1.0,1.0,1.0,1
2903003,BA,Nordeste,32.43,39.25,45.6,0,1.0,1.0,1.0,1.0,1
2412005,RN,Nordeste,32.48,52.34,56.91,0,1.0,1.0,1.0,1.0,1
2912202,BA,Nordeste,32.53,27.86,35.04,0,1.0,1.0,1.0,1.0,1
2401909,RN,Nordeste,32.54,38.04,44.52,0,1.0,1.0,1.0,1.0,1
2920007,BA,Nordeste,32.56,29.83,36.93,0,1.0,1.0,1.0,1.0,1
2706505,AL,Nordeste,32.59,42.03,48.06,0,1.0,1.0,1.0,1.0,1
2402808,RN,Nordeste,32.68,40.66,46.85,0,1.0,1.0,1.0,1.0,1
1301209,AM,Norte,32.72,38.77,45.17,0,1.0,1.0,1.0,1.0,1
2409308,RN,Nordeste,32.76,32.16,39.13,0,1.0,1.0,1.0,1.0,1
1303106,AM,Norte,32.8,51.39,56.11,0,1.0,1.0,1.0,1.0,1
2905404,BA,Nordeste,32.87,36.91,43.5,0,1.0,1.0,1.0,1.0,1
2913200,BA,Nordeste,32.87,42.38,48.37,0,1.0,1.0,1.0,1.0,1
1503077,PA,Norte,32.89,37.96,44.45,0,1.0,1.0,1.0,1.0,1
2407906,RN,Nordeste,32.92,33.36,40.25,0,1.0,1.0,1.0,1.0,1
1507201,PA,Norte,32.97,30.82,37.87,0,1.0,1.0,1.0,1.0,1
2700508,AL,Nordeste,32.98,30.57,37.63,0,1.0,1.0,1.0,1.0,1
4315503,RS,Sul,33.0,45.49,51.07,0,1.0,1.0,1.0,1.0,1
2907004,BA,Nordeste,33.04,26.67,33.87,0,1.0,1.0,1.0,1.0,1
2932804,BA,Nordeste,33.04,33.84,40.69,0,1.0,1.0,1.0,1.0,1
2903508,BA,Nordeste,33.06,47.6,52.89,0,1.0,1.0,1.0,1.0,1
2930303,BA,Nordeste,33.09,28.99,36.13,0,1.0,1.0,1.0,1.0,1
1502004,PA,Norte,33.12,52.11,56.72,0,1.0,1.0,1.0,1.0,1
2910800,BA,Nordeste,33.19,31.96,38.95,0,1.0,1.0,1.0,1.0,1
4314456,RS,Sul,33.2,56.45,60.36,0,1.0,1.0,1.0,1.0,1
2927002,BA,Nordeste,33.21,40.97,47.13,0,1.0,1.0,1.0,1.0,1
2409902,RN,Nordeste,33.3,40.87,47.04,0,1.0,1.0,1.0,1.0,1
4300661,RS,Sul,33.3,68.75,70.55,0,1.0,1.0,1.0,1.0,1
4312203,RS,Sul,33.3,93.75,80.0,0,1.0,1.0,1.0,1.0,1
4323507,RS,Sul,33.3,90.0,80.0,0,1.0,1.0,1.0,1.0,1
2206357,PI,Nordeste,33.33,37.5,44.03,0,1.0,1.0,1.0,1.0,1
2918605,BA,Nordeste,33.33,32.1,39.08,0,1.0,1.0,1.0,1.0,1
2922102,BA,Nordeste,33.33,26.61,33.82,0,1.0,1.0,1.0,1.0,1
5107859,MT,Centro-Oeste,33.38,34.84,41.62,0,1.0,1.0,1.0,1.0,1
2701308,AL,Nordeste,33.4,26.75,33.95,0,1.0,1.0,1.0,1.0,1
3162450,MG,Sudeste,33.42,40.91,47.08,0,1.0,1.0,1.0,1.0,1
3303500,RJ,Sudeste,33.42,33.23,40.13,0,1.0,1.0,1.0,1.0,1
1502905,PA,Norte,33.48,30.81,37.86,0,1.0,1.0,1.0,1.0,1
2925956,BA,Nordeste,33.53,48.41,53.58,0,1.0,1.0,1.0,1.0,1
2929255,BA,Nordeste,33.54,33.19,40.09,0,1.0,1.0,1.0,1.0,1
2909802,BA,Nordeste,33.56,34.64,41.43,0,1.0,1.0,1.0,1.0,1
4311007,RS,Sul,33.6,48.21,53.41,0,1.0,1.0,1.0,1.0,1
2902401,BA,Nordeste,33.61,42.65,48.61,0,1.0,1.0,1.0,1.0,1
2411700,RN,Nordeste,33.62,33.35,40.24,0,1.0,1.0,1.0,1.0,1
1504901,PA,Norte,33.63,36.17,42.83,0,1.0,1.0,1.0,1.0,1
2906204,BA,Nordeste,33.73,29.21,36.34,0,1.0,1.0,1.0,1.0,1
3518859,SP,Sudeste,33.82,64.55,67.08,0,1.0,1.0,1.0,1.0,1
1500701,PA,Norte,33.83,26.81,34.01,0,1.0,1.0,1.0,1.0,1
1717008,TO,Norte,33.88,47.41,52.73,0,1.0,1.0,1.0,1.0,1
2903409,BA,Nordeste,33.93,35.8,42.49,0,1.0,1.0,1.0,1.0,1
2926509,BA,Nordeste,33.95,28.72,35.87,0,1.0,1.0,1.0,1.0,1
2904050,BA,Nordeste,34.0,40.18,46.43,0,1.0,1.0,1.0,1.0,1
2915502,BA,Nordeste,34.09,34.37,41.18,0,1.0,1.0,1.0,1.0,1
2102507,MA,Nordeste,34.1,53.27,57.7,0,1.0,1.0,1.0,1.0,1
4316402,RS,Sul,34.1,35.19,41.94,0,1.0,1.0,1.0,1.0,1
1506500,PA,Norte,34.18,40.8,46.98,0,1.0,1.0,1.0,1.0,1
1714302,TO,Norte,34.23,45.94,51.46,0,1.0,1.0,1.0,1.0,1
2801405,SE,Nordeste,34.24,33.52,40.4,0,1.0,1.0,1.0,1.0,1
2916708,BA,Nordeste,34.25,34.36,41.17,0,1.0,1.0,1.0,1.0,1
1504703,PA,Norte,34.29,32.11,39.09,0,1.0,1.0,1.0,1.0,1
4209409,SC,Sul,34.29,33.26,40.16,0,1.0,1.0,1.0,1.0,1
4309050,RS,Sul,34.3,65.09,67.53,0,1.0,1.0,1.0,1.0,1
2802809,SE,Nordeste,34.31,38.33,44.78,0,1.0,1.0,1.0,1.0,1
1301852,AM,Norte,34.35,45.23,50.85,0,1.0,1.0,1.0,1.0,1
2109056,MA,Nordeste,34.42,73.83,74.78,0,1.0,1.0,1.0,1.0,1
2204907,PI,Nordeste,34.44,27.85,35.03,0,1.0,1.0,1.0,1.0,1
2914000,BA,Nordeste,34.46,29.98,37.07,0,1.0,1.0,1.0,1.0,1
2106607,MA,Nordeste,34.52,72.34,73.54,0,1.0,1.0,1.0,1.0,1
2403608,RN,Nordeste,34.55,48.0,53.23,0,1.0,1.0,1.0,1.0,1
2903904,BA,Nordeste,34.55,33.88,40.73,0,1.0,1.0,1.0,1.0,1
2909505,BA,Nordeste,34.55,57.33,61.09,0,1.0,1.0,1.0,1.0,1
4317558,RS,Sul,34.6,72.22,73.44,0,1.0,1.0,1.0,1.0,1
2100808,MA,Nordeste,34.63,91.05,80.0,0,1.0,1.0,1.0,1.0,1
2805802,SE,Nordeste,34.65,37.96,44.45,0,1.0,1.0,1.0,1.0,1
2922805,BA,Nordeste,34.65,32.97,39.89,0,1.0,1.0,1.0,1.0,1
2923902,BA,Nordeste,34.68,44.65,50.35,0,1.0,1.0,1.0,1.0,1
2501906,PB,Nordeste,34.72,56.8,60.65,0,1.0,1.0,1.0,1.0,1
1500404,PA,Norte,34.75,36.41,43.05,0,1.0,1.0,1.0,1.0,1
2412203,RN,Nordeste,34.77,34.64,41.43,0,1.0,1.0,1.0,1.0,1
2204659,PI,Nordeste,34.84,39.89,46.17,0,1.0,1.0,1.0,1.0,1
2925907,BA,Nordeste,34.85,38.46,44.9,0,1.0,1.0,1.0,1.0,1
3505401,SP,Sudeste,34.89,87.5,80.0,0,1.0,1.0,1.0,1.0,1
3301157,RJ,Sudeste,34.97,31.94,38.93,0,1.0,1.0,1.0,1.0,1
2929909,BA,Nordeste,34.98,48.67,53.8,0,1.0,1.0,1.0,1.0,1
2411106,RN,Nordeste,35.0,58.23,61.84,0,1.0,1.0,1.0,1.0,1
4306502,RS,Sul,35.0,59.64,63.01,0,1.0,1.0,1.0,1.0,1
4322541,RS,Sul,35.0,76.3,76.86,0,1.0,1.0,1.0,1.0,1
2931350,BA,Nordeste,35.04,51.85,56.5,0,1.0,1.0,1.0,1.0,1
3126703,MG,Sudeste,35.05,41.63,47.71,0,1.0,1.0,1.0,1.0,1
3302858,RJ,Sudeste,35.09,37.82,44.32,0,1.0,1.0,1.0,1.0,1
4306205,RS,Sul,35.2,68.21,70.11,0,1.0,1.0,1.0,1.0,1
5107354,MT,Centro-Oeste,35.26,51.3,56.04,0,1.0,1.0,1.0,1.0,1
2403251,RN,Nordeste,35.27,44.3,50.04,0,1.0,1.0,1.0,1.0,1
2910305,BA,Nordeste,35.29,29.96,37.06,0,1.0,1.0,1.0,1.0,1
4310413,RS,Sul,35.3,62.65,65.51,0,1.0,1.0,1.0,1.0,1
4314464,RS,Sul,35.3,74.14,75.04,0,1.0,1.0,1.0,1.0,1
1303536,AM,Norte,35.31,34.17,41.0,0,1.0,1.0,1.0,1.0,1
2916203,BA,Nordeste,35.38,30.59,37.65,0,1.0,1.0,1.0,1.0,1
1600808,AP,Norte,35.39,28.7,35.85,0,1.0,1.0,1.0,1.0,1
1507508,PA,Norte,35.42,33.62,40.49,0,1.0,1.0,1.0,1.0,1
1721208,TO,Norte,35.44,34.41,41.22,0,1.0,1.0,1.0,1.0,1
2931905,BA,Nordeste,35.55,28.98,36.12,0,1.0,1.0,1.0,1.0,1
2906899,BA,Nordeste,35.56,46.59,52.02,0,1.0,1.0,1.0,1.0,1
4318309,RS,Sul,35.6,61.13,64.25,0,1.0,1.0,1.0,1.0,1
2406502,RN,Nordeste,35.61,34.74,41.52,0,1.0,1.0,1.0,1.0,1
2111672,MA,Nordeste,35.69,48.24,53.44,0,1.0,1.0,1.0,1.0,1
4320651,RS,Sul,35.7,66.67,68.83,0,1.0,1.0,1.0,1.0,1
2919553,BA,Nordeste,35.72,29.41,36.53,0,1.0,1.0,1.0,1.0,1
2923407,BA,Nordeste,35.76,45.51,51.09,0,1.0,1.0,1.0,1.0,1
1701101,TO,Norte,35.78,30.07,37.16,0,1.0,1.0,1.0,1.0,1
2801306,SE,Nordeste,35.78,33.52,40.4,0,1.0,1.0,1.0,1.0,1
2507606,PB,Nordeste,35.79,28.86,36.0,0,1.0,1.0,1.0,1.0,1
2513703,PB,Nordeste,35.79,40.83,47.0,0,1.0,1.0,1.0,1.0,1
2706448,AL,Nordeste,35.8,53.42,57.82,0,1.0,1.0,1.0,1.0,1
2513851,PB,Nordeste,35.81,45.13,50.76,0,1.0,1.0,1.0,1.0,1
1500107,PA,Norte,35.85,39.73,46.03,0,1.0,1.0,1.0,1.0,1
2933257,BA,Nordeste,35.85,67.84,69.8,0,1.0,1.0,1.0,1.0,1
1507805,PA,Norte,35.9,33.22,40.12,0,1.0,1.0,1.0,1.0,1
4313102,RS,Sul,35.9,81.13,80.0,0,1.0,1.0,1.0,1.0,1
2902500,BA,Nordeste,35.92,39.85,46.14,0,1.0,1.0,1.0,1.0,1
2201929,PI,Nordeste,35.96,50.63,55.47,0,1.0,1.0,1.0,1.0,1
3305109,RJ,Sudeste,35.97,37.6,44.12,0,1.0,1.0,1.0,1.0,1
4305900,RS,Sul,36.0,79.2,79.32,0,1.0,1.0,1.0,1.0,1
4311270,RS,Sul,36.0,61.9,64.89,0,1.0,1.0,1.0,1.0,1
4313409,RS,Sul,36.0,62.37,65.27,0,1.0,1.0,1.0,1.0,1
2406700,RN,Nordeste,36.01,29.12,36.25,0,1.0,1.0,1.0,1.0,1
2208502,PI,Nordeste,36.04,40.12,46.38,0,1.0,1.0,1.0,1.0,1
2917904,BA,Nordeste,36.08,50.51,55.37,0,1.0,1.0,1.0,1.0,1
1715101,TO,Norte,36.09,39.24,45.59,0,1.0,1.0,1.0,1.0,1
2903201,BA,Nordeste,36.09,37.98,44.47,0,1.0,1.0,1.0,1.0,1
4311627,RS,Sul,36.1,67.55,69.56,0,1.0,1.0,1.0,1.0,1
4320230,RS,Sul,36.1,85.29,80.0,0,1.0,1.0,1.0,1.0,1
2702553,AL,Nordeste,36.15,34.55,41.35,0,1.0,1.0,1.0,1.0,1
2112274,MA,Nordeste,36.17,34.79,41.57,0,1.0,1.0,1.0,1.0,1
3532157,SP,Sudeste,36.18,59.26,62.7,0,1.0,1.0,1.0,1.0,1
2106904,MA,Nordeste,36.19,51.98,56.61,0,1.0,1.0,1.0,1.0,1
2907707,BA,Nordeste,36.19,34.56,41.36,0,1.0,1.0,1.0,1.0,1
4312377,RS,Sul,36.2,63.26,66.01,0,1.0,1.0,1.0,1.0,1
2410405,RN,Nordeste,36.22,35.91,42.59,0,1.0,1.0,1.0,1.0,1
2705804,AL,Nordeste,36.22,34.23,41.05,0,1.0,1.0,1.0,1.0,1
4315305,RS,Sul,36.3,54.77,58.95,0,1.0,1.0,1.0,1.0,1
4320677,RS,Sul,36.3,69.64,71.29,0,1.0,1.0,1.0,1.0,1
2907806,BA,Nordeste,36.31,30.93,37.98,0,1.0,1.0,1.0,1.0,1
4218954,SC,Sul,36.34,80.15,80.0,0,1.0,1.0,1.0,1.0,1
2911857,BA,Nordeste,36.36,31.4,38.42,0,1.0,1.0,1.0,1.0,1
2905701,BA,Nordeste,36.56,33.55,40.43,0,1.0,1.0,1.0,1.0,1
2929057,BA,Nordeste,36.59,54.89,59.05,0,1.0,1.0,1.0,1.0,1
2916609,BA,Nordeste,36.62,31.02,38.06,0,1.0,1.0,1.0,1.0,1
2900702,BA,Nordeste,36.64,33.57,40.44,0,1.0,1.0,1.0,1.0,1
3555406,SP,Sudeste,36.64,41.31,47.43,0,1.0,1.0,1.0,1.0,1
2906501,BA,Nordeste,36.67,32.66,39.6,0,1.0,1.0,1.0,1.0,1
2930402,BA,Nordeste,36.67,31.84,38.83,0,1.0,1.0,1.0,1.0,1
4321600,RS,Sul,36.7,54.39,58.64,0,1.0,1.0,1.0,1.0,1
2501807,PB,Nordeste,36.71,33.89,40.74,0,1.0,1.0,1.0,1.0,1
2905107,BA,Nordeste,36.71,35.37,42.1,0,1.0,1.0,1.0,1.0,1
2902658,BA,Nordeste,36.73,40.8,46.98,0,1.0,1.0,1.0,1.0,1
2803906,SE,Nordeste,36.75,34.29,41.11,0,1.0,1.0,1.0,1.0,1
2927408,BA,Nordeste,36.75,39.16,45.52,0,1.0,1.0,1.0,1.0,1
2915700,BA,Nordeste,36.76,59.67,63.04,0,1.0,1.0,1.0,1.0,1
2902609,BA,Nordeste,36.78,36.29,42.94,0,1.0,1.0,1.0,1.0,1
4310702,RS,Sul,36.8,88.89,80.0,0,1.0,1.0,1.0,1.0,1
2414001,RN,Nordeste,36.85,42.92,48.84,0,1.0,1.0,1.0,1.0,1
2103174,MA,Nordeste,36.86,40.03,46.3,0,1.0,1.0,1.0,1.0,1
2209658,PI,Nordeste,36.86,33.64,40.51,0,1.0,1.0,1.0,1.0,1
2912400,BA,Nordeste,36.88,29.8,36.9,0,1.0,1.0,1.0,1.0,1
3302270,RJ,Sudeste,36.88,39.09,45.46,0,1.0,1.0,1.0,1.0,1
1703057,TO,Norte,36.96,35.63,42.34,0,1.0,1.0,1.0,1.0,1
2921203,BA,Nordeste,36.96,47.8,53.06,0,1.0,1.0,1.0,1.0,1
2928604,BA,Nordeste,36.96,43.81,49.62,0,1.0,1.0,1.0,1.0,1
1501709,PA,Norte,37.0,42.72,48.67,0,1.0,1.0,1.0,1.0,1
4300604,RS,Sul,37.0,46.56,52.0,0,1.0,1.0,1.0,1.0,1
4313490,RS,Sul,37.0,62.07,65.03,0,1.0,1.0,1.0,1.0,1
4321352,RS,Sul,37.0,65.7,68.03,0,1.0,1.0,1.0,1.0,1
2927804,BA,Nordeste,37.04,45.13,50.76,0,1.0,1.0,1.0,1.0,1
4319505,RS,Sul,37.1,57.7,61.4,0,1.0,1.0,1.0,1.0,1
2608008,PE,Nordeste,37.15,51.9,56.54,0,1.0,1.0,1.0,1.0,1
1508035,PA,Norte,37.16,48.47,53.63,0,1.0,1.0,1.0,1.0,1
2414159,RN,Nordeste,37.18,44.64,50.34,0,1.0,1.0,1.0,1.0,1
4318606,RS,Sul,37.2,62.54,65.42,0,1.0,1.0,1.0,1.0,1
4318705,RS,Sul,37.2,57.01,60.83,0,1.0,1.0,1.0,1.0,1
2900504,BA,Nordeste,37.21,68.05,69.97,0,1.0,1.0,1.0,1.0,1
2923001,BA,Nordeste,37.21,56.37,60.29,0,1.0,1.0,1.0,1.0,1
1502608,PA,Norte,37.22,54.39,58.64,0,1.0,1.0,1.0,1.0,1
2910404,BA,Nordeste,37.25,41.87,47.92,0,1.0,1.0,1.0,1.0,1
2933000,BA,Nordeste,37.25,32.24,39.21,0,1.0,1.0,1.0,1.0,1
1302504,AM,Norte,37.28,43.99,49.77,0,1.0,1.0,1.0,1.0,1
1504604,PA,Norte,37.29,31.97,38.95,0,1.0,1.0,1.0,1.0,1
2920452,BA,Nordeste,37.29,30.7,37.76,0,1.0,1.0,1.0,1.0,1
2913002,BA,Nordeste,37.36,62.17,65.11,0,1.0,1.0,1.0,1.0,1
2927705,BA,Nordeste,37.36,40.45,46.67,0,1.0,1.0,1.0,1.0,1
1720655,TO,Norte,37.39,34.74,41.52,0,1.0,1.0,1.0,1.0,1
2701506,AL,Nordeste,37.4,51.51,56.21,0,1.0,1.0,1.0,1.0,1
2915601,BA,Nordeste,37.41,44.07,49.84,0,1.0,1.0,1.0,1.0,1
3503158,SP,Sudeste,37.41,48.04,53.27,0,1.0,1.0,1.0,1.0,1
1507409,PA,Norte,37.44,37.02,43.6,0,1.0,1.0,1.0,1.0,1
2912905,BA,Nordeste,37.44,32.79,39.72,0,1.0,1.0,1.0,1.0,1
2409605,RN,Nordeste,37.5,42.11,48.13,0,1.0,1.0,1.0,1.0,1
2908507,BA,Nordeste,37.5,34.3,41.12,0,1.0,1.0,1.0,1.0,1
3126604,MG,Sudeste,37.5,31.48,38.49,0,1.0,1.0,1.0,1.0,1
4301552,RS,Sul,37.5,86.67,80.0,0,1.0,1.0,1.0,1.0,1
4318614,RS,Sul,37.5,85.0,80.0,0,1.0,1.0,1.0,1.0,1
2803807,SE,Nordeste,37.63,40.0,46.27,0,1.0,1.0,1.0,1.0,1
3304144,RJ,Sudeste,37.63,38.08,44.56,0,1.0,1.0,1.0,1.0,1
2107456,MA,Nordeste,37.64,80.81,80.0,0,1.0,1.0,1.0,1.0,1
2502508,PB,Nordeste,37.65,38.0,44.48,0,1.0,1.0,1.0,1.0,1
2919306,BA,Nordeste,37.66,36.17,42.83,0,1.0,1.0,1.0,1.0,1
4318200,RS,Sul,37.7,56.8,60.65,0,1.0,1.0,1.0,1.0,1
3129657,MG,Sudeste,37.74,64.3,66.87,0,1.0,1.0,1.0,1.0,1
1304062,AM,Norte,37.75,41.53,47.62,0,1.0,1.0,1.0,1.0,1
2202901,PI,Nordeste,37.78,47.76,53.03,0,1.0,1.0,1.0,1.0,1
4314050,RS,Sul,37.8,57.83,61.51,0,1.0,1.0,1.0,1.0,1
1702158,TO,Norte,37.81,37.72,44.23,0,1.0,1.0,1.0,1.0,1
2704401,AL,Nordeste,37.84,40.07,46.33,0,1.0,1.0,1.0,1.0,1
2912806,BA,Nordeste,37.84,60.48,63.71,0,1.0,1.0,1.0,1.0,1
1503804,PA,Norte,37.87,40.47,46.69,0,1.0,1.0,1.0,1.0,1
1507953,PA,Norte,37.9,37.67,44.19,0,1.0,1.0,1.0,1.0,1
4316709,RS,Sul,37.9,66.04,68.31,0,1.0,1.0,1.0,1.0,1
4323804,RS,Sul,37.9,56.84,60.68,0,1.0,1.0,1.0,1.0,1
1303700,AM,Norte,37.94,59.68,63.05,0,1.0,1.0,1.0,1.0,1
2506806,PB,Nordeste,37.97,57.31,61.08,0,1.0,1.0,1.0,1.0,1
2510204,PB,Nordeste,38.04,45.95,51.47,0,1.0,1.0,1.0,1.0,1
2919504,BA,Nordeste,38.06,38.43,44.87,0,1.0,1.0,1.0,1.0,1
2511509,PB,Nordeste,38.07,73.41,74.43,0,1.0,1.0,1.0,1.0,1
2505907,PB,Nordeste,38.1,65.44,67.81,0,1.0,1.0,1.0,1.0,1
4322376,RS,Sul,38.1,58.82,62.33,0,1.0,1.0,1.0,1.0,1
4322509,RS,Sul,38.1,65.96,68.24,0,1.0,1.0,1.0,1.0,1
1712009,TO,Norte,38.15,40.45,46.67,0,1.0,1.0,1.0,1.0,1
4318507,RS,Sul,38.2,53.9,58.23,0,1.0,1.0,1.0,1.0,1
1300409,AM,Norte,38.21,48.61,53.75,0,1.0,1.0,1.0,1.0,1
1508308,PA,Norte,38.21,34.28,41.1,0,1.0,1.0,1.0,1.0,1
2400109,RN,Nordeste,38.21,44.07,49.84,0,1.0,1.0,1.0,1.0,1
2902054,BA,Nordeste,38.26,36.67,43.28,0,1.0,1.0,1.0,1.0,1
2933208,BA,Nordeste,38.27,39.14,45.5,0,1.0,1.0,1.0,1.0,1
2110401,MA,Nordeste,38.29,46.81,52.21,0,1.0,1.0,1.0,1.0,1
4319000,RS,Sul,38.3,83.78,80.0,0,1.0,1.0,1.0,1.0,1
5003207,MS,Centro-Oeste,38.3,41.52,47.61,0,1.0,1.0,1.0,1.0,1
2924504,BA,Nordeste,38.33,71.04,72.46,0,1.0,1.0,1.0,1.0,1
3301009,RJ,Sudeste,38.33,38.69,45.1,0,1.0,1.0,1.0,1.0,1
5106505,MT,Centro-Oeste,38.36,31.43,38.45,0,1.0,1.0,1.0,1.0,1
2910727,BA,Nordeste,38.37,34.62,41.41,0,1.0,1.0,1.0,1.0,1
2926301,BA,Nordeste,38.37,38.41,44.85,0,1.0,1.0,1.0,1.0,1
4302501,RS,Sul,38.4,50.0,54.93,0,1.0,1.0,1.0,1.0,1
2706604,AL,Nordeste,38.46,37.1,43.67,0,1.0,1.0,1.0,1.0,1
2806008,SE,Nordeste,38.48,33.67,40.54,0,1.0,1.0,1.0,1.0,1
4306973,RS,Sul,38.5,73.33,74.36,0,1.0,1.0,1.0,1.0,1
4310538,RS,Sul,38.5,58.94,62.43,0,1.0,1.0,1.0,1.0,1
4314100,RS,Sul,38.5,58.54,62.1,0,1.0,1.0,1.0,1.0,1
2707909,AL,Nordeste,38.52,31.87,38.86,0,1.0,1.0,1.0,1.0,1
2112605,MA,Nordeste,38.63,76.76,77.24,0,1.0,1.0,1.0,1.0,1
2706307,AL,Nordeste,38.67,32.18,39.15,0,1.0,1.0,1.0,1.0,1
3512605,SP,Sudeste,38.69,46.28,51.76,0,1.0,1.0,1.0,1.0,1
4206652,SC,Sul,38.7,44.44,50.17,0,1.0,1.0,1.0,1.0,1
4312138,RS,Sul,38.7,76.48,77.01,0,1.0,1.0,1.0,1.0,1
4321493,RS,Sul,38.7,100.0,80.0,0,1.0,1.0,1.0,1.0,1
3553104,SP,Sudeste,38.71,67.19,69.26,0,1.0,1.0,1.0,1.0,1
2707701,AL,Nordeste,38.78,36.89,43.48,0,1.0,1.0,1.0,1.0,1
4307203,RS,Sul,38.8,91.99,80.0,0,1.0,1.0,1.0,1.0,1
2921906,BA,Nordeste,38.82,41.65,47.73,0,1.0,1.0,1.0,1.0,1
2701803,AL,Nordeste,38.85,43.52,49.37,0,1.0,1.0,1.0,1.0,1
2405900,RN,Nordeste,38.89,46.15,51.64,0,1.0,1.0,1.0,1.0,1
3118502,MG,Sudeste,38.89,62.5,65.38,0,1.0,1.0,1.0,1.0,1
2409407,RN,Nordeste,38.9,38.86,45.25,0,1.0,1.0,1.0,1.0,1
3300456,RJ,Sudeste,38.9,34.73,41.51,0,1.0,1.0,1.0,1.0,1
4323002,RS,Sul,38.9,58.86,62.36,0,1.0,1.0,1.0,1.0,1
2511301,PB,Nordeste,38.92,48.84,53.95,0,1.0,1.0,1.0,1.0,1
2932101,BA,Nordeste,38.93,47.39,52.71,0,1.0,1.0,1.0,1.0,1
2709103,AL,Nordeste,38.96,44.02,49.8,0,1.0,1.0,1.0,1.0,1
2206704,PI,Nordeste,39.0,46.93,52.31,0,1.0,1.0,1.0,1.0,1
2515302,PB,Nordeste,39.0,33.89,40.74,0,1.0,1.0,1.0,1.0,1
2513356,PB,Nordeste,39.01,52.66,57.18,0,1.0,1.0,1.0,1.0,1
2806107,SE,Nordeste,39.01,39.18,45.54,0,1.0,1.0,1.0,1.0,1
2905206,BA,Nordeste,39.02,49.15,54.21,0,1.0,1.0,1.0,1.0,1
2906006,BA,Nordeste,39.03,36.78,43.38,0,1.0,1.0,1.0,1.0,1
1502103,PA,Norte,39.08,40.41,46.63,0,1.0,1.0,1.0,1.0,1
2405009,RN,Nordeste,39.09,47.01,52.38,0,1.0,1.0,1.0,1.0,1
4307500,RS,Sul,39.1,81.25,80.0,0,1.0,1.0,1.0,1.0,1
2908002,BA,Nordeste,39.13,37.24,43.8,0,1.0,1.0,1.0,1.0,1
2924603,BA,Nordeste,39.19,34.17,41.0,0,1.0,1.0,1.0,1.0,1
5003306,MS,Centro-Oeste,39.19,39.69,45.99,0,1.0,1.0,1.0,1.0,1
4300901,RS,Sul,39.2,85.04,80.0,0,1.0,1.0,1.0,1.0,1
2600708,PE,Nordeste,39.22,55.15,59.27,0,1.0,1.0,1.0,1.0,1
2613404,PE,Nordeste,39.24,41.77,47.83,0,1.0,1.0,1.0,1.0,1
1600204,AP,Norte,39.25,35.05,41.81,0,1.0,1.0,1.0,1.0,1
2923209,BA,Nordeste,39.29,38.11,44.58,0,1.0,1.0,1.0,1.0,1
2907509,BA,Nordeste,39.39,43.47,49.32,0,1.0,1.0,1.0,1.0,1
4306908,RS,Sul,39.4,63.87,66.52,0,1.0,1.0,1.0,1.0,1
2918001,BA,Nordeste,39.48,37.87,44.37,0,1.0,1.0,1.0,1.0,1
1501303,PA,Norte,39.5,46.55,51.99,0,1.0,1.0,1.0,1.0,1
3534104,SP,Sudeste,39.53,59.52,62.91,0,1.0,1.0,1.0,1.0,1
2101400,MA,Nordeste,39.54,39.83,46.12,0,1.0,1.0,1.0,1.0,1
2109270,MA,Nordeste,39.6,62.8,65.63,0,1.0,1.0,1.0,1.0,1
2903102,BA,Nordeste,39.62,38.14,44.61,0,1.0,1.0,1.0,1.0,1
2506707,PB,Nordeste,39.64,67.14,69.22,0,1.0,1.0,1.0,1.0,1
2400406,RN,Nordeste,39.66,33.29,40.19,0,1.0,1.0,1.0,1.0,1
4314803,RS,Sul,39.7,56.04,60.02,0,1.0,1.0,1.0,1.0,1
4316907,RS,Sul,39.7,65.32,67.72,0,1.0,1.0,1.0,1.0,1
1506559,PA,Norte,39.77,56.45,60.36,0,1.0,1.0,1.0,1.0,1
2106359,MA,Nordeste,39.77,83.33,80.0,0,1.0,1.0,1.0,1.0,1
1600279,AP,Norte,39.8,39.29,45.64,0,1.0,1.0,1.0,1.0,1
2923803,BA,Nordeste,39.8,51.85,56.5,0,1.0,1.0,1.0,1.0,1
4305124,RS,Sul,39.8,75.07,75.82,0,1.0,1.0,1.0,1.0,1
4312401,RS,Sul,39.8,65.93,68.22,0,1.0,1.0,1.0,1.0,1
2110278,MA,Nordeste,39.84,33.31,40.2,0,1.0,1.0,1.0,1.0,1
5007901,MS,Centro-Oeste,39.84,36.19,42.85,0,1.0,1.0,1.0,1.0,1
5003488,MS,Centro-Oeste,39.87,38.16,44.63,0,1.0,1.0,1.0,1.0,1
4305587,RS,Sul,39.9,86.88,80.0,0,1.0,1.0,1.0,1.0,1
2401107,RN,Nordeste,39.95,52.23,56.82,0,1.0,1.0,1.0,1.0,1
2702900,AL,Nordeste,39.96,35.73,42.43,0,1.0,1.0,1.0,1.0,1
3511409,SP,Sudeste,39.99,44.01,49.79,0,1.0,1.0,1.0,1.0,1
1708304,TO,Norte,40.0,53.56,57.94,0,1.0,1.0,1.0,1.0,1
2933174,BA,Nordeste,40.0,44.14,49.91,0,1.0,1.0,1.0,1.0,1
4304952,RS,Sul,40.0,86.13,80.0,0,1.0,1.0,1.0,1.0,1
4308409,RS,Sul,40.0,89.47,80.0,0,1.0,1.0,1.0,1.0,1
4315313,RS,Sul,40.0,52.94,57.42,0,1.0,1.0,1.0,1.0,1
4321634,RS,Sul,40.0,100.0,80.0,0,1.0,1.0,1.0,1.0,1
2404853,RN,Nordeste,40.01,56.95,60.78,0,1.0,1.0,1.0,1.0,1
4212304,SC,Sul,40.02,63.06,65.85,0,1.0,1.0,1.0,1.0,1
2502003,PB,Nordeste,40.07,57.5,61.23,0,1.0,1.0,1.0,1.0,1
2201408,PI,Nordeste,40.17,38.31,44.76,0,1.0,1.0,1.0,1.0,1
4302303,RS,Sul,40.2,72.59,73.75,0,1.0,1.0,1.0,1.0,1
4303004,RS,Sul,40.2,57.47,61.21,0,1.0,1.0,1.0,1.0,1
2703700,AL,Nordeste,40.27,36.05,42.72,0,1.0,1.0,1.0,1.0,1
2510907,PB,Nordeste,40.28,61.87,64.86,0,1.0,1.0,1.0,1.0,1
2932002,BA,Nordeste,40.28,44.93,50.59,0,1.0,1.0,1.0,1.0,1
4111308,PR,Sul,40.32,77.38,77.77,0,1.0,1.0,1.0,1.0,1
1507151,PA,Norte,40.37,46.05,51.56,0,1.0,1.0,1.0,1.0,1
5100102,MT,Centro-Oeste,40.41,38.04,44.52,0,1.0,1.0,1.0,1.0,1
2807501,SE,Nordeste,40.43,42.86,48.79,0,1.0,1.0,1.0,1.0,1
2904407,BA,Nordeste,40.43,41.09,47.23,0,1.0,1.0,1.0,1.0,1
2611309,PE,Nordeste,40.45,46.95,52.33,0,1.0,1.0,1.0,1.0,1
2923506,BA,Nordeste,40.45,43.73,49.55,0,1.0,1.0,1.0,1.0,1
2513109,PB,Nordeste,40.52,87.4,80.0,0,1.0,1.0,1.0,1.0,1
2501005,PB,Nordeste,40.53,35.18,41.93,0,1.0,1.0,1.0,1.0,1
1702000,TO,Norte,40.54,44.49,50.21,0,1.0,1.0,1.0,1.0,1
2932606,BA,Nordeste,40.54,59.24,62.68,0,1.0,1.0,1.0,1.0,1
2924801,BA,Nordeste,40.58,43.07,48.97,0,1.0,1.0,1.0,1.0,1
1301308,AM,Norte,40.59,43.66,49.49,0,1.0,1.0,1.0,1.0,1
4303103,RS,Sul,40.6,58.04,61.68,0,1.0,1.0,1.0,1.0,1
2504702,PB,Nordeste,40.66,49.32,54.36,0,1.0,1.0,1.0,1.0,1
2603306,PE,Nordeste,40.68,57.35,61.11,0,1.0,1.0,1.0,1.0,1
2509206,PB,Nordeste,40.69,44.27,50.02,0,1.0,1.0,1.0,1.0,1
4314159,RS,Sul,40.7,63.58,66.28,0,1.0,1.0,1.0,1.0,1
1505809,PA,Norte,40.72,43.69,49.51,0,1.0,1.0,1.0,1.0,1
2926608,BA,Nordeste,40.72,34.39,41.2,0,1.0,1.0,1.0,1.0,1
2515971,PB,Nordeste,40.74,60.0,63.31,0,1.0,1.0,1.0,1.0,1
5107776,MT,Centro-Oeste,40.74,39.81,46.1,0,1.0,1.0,1.0,1.0,1
3539103,SP,Sudeste,40.79,43.48,49.33,0,1.0,1.0,1.0,1.0,1
4312500,RS,Sul,40.8,51.38,56.1,0,1.0,1.0,1.0,1.0,1
2400208,RN,Nordeste,40.86,42.17,48.18,0,1.0,1.0,1.0,1.0,1
4316733,RS,Sul,40.9,75.0,75.76,0,1.0,1.0,1.0,1.0,1
2109759,MA,Nordeste,40.91,36.45,43.08,0,1.0,1.0,1.0,1.0,1
2411429,RN,Nordeste,40.91,52.34,56.91,0,1.0,1.0,1.0,1.0,1
2402709,RN,Nordeste,40.95,60.42,63.66,0,1.0,1.0,1.0,1.0,1
2704302,AL,Nordeste,40.95,39.23,45.58,0,1.0,1.0,1.0,1.0,1
3302601,RJ,Sudeste,40.95,47.54,52.84,0,1.0,1.0,1.0,1.0,1
4309209,RS,Sul,41.0,63.64,66.33,0,1.0,1.0,1.0,1.0,1
2910008,BA,Nordeste,41.07,37.81,44.31,0,1.0,1.0,1.0,1.0,1
2914703,BA,Nordeste,41.07,42.22,48.23,0,1.0,1.0,1.0,1.0,1
2916807,BA,Nordeste,41.07,38.17,44.64,0,1.0,1.0,1.0,1.0,1
1710508,TO,Norte,41.1,60.46,63.69,0,1.0,1.0,1.0,1.0,1
4319901,RS,Sul,41.1,72.77,73.9,0,1.0,1.0,1.0,1.0,1
4322152,RS,Sul,41.1,68.21,70.11,0,1.0,1.0,1.0,1.0,1
2929107,BA,Nordeste,41.13,45.9,51.43,0,1.0,1.0,1.0,1.0,1
2908309,BA,Nordeste,41.18,53.85,58.18,0,1.0,1.0,1.0,1.0,1
4106001,PR,Sul,41.19,68.8,70.6,0,1.0,1.0,1.0,1.0,1
4306924,RS,Sul,41.2,76.92,77.38,0,1.0,1.0,1.0,1.0,1
4311643,RS,Sul,41.2,100.0,80.0,0,1.0,1.0,1.0,1.0,1
2922201,BA,Nordeste,41.27,45.91,51.44,0,1.0,1.0,1.0,1.0,1
2100600,MA,Nordeste,41.33,45.63,51.2,0,1.0,1.0,1.0,1.0,1
2100709,MA,Nordeste,41.33,72.8,73.92,0,1.0,1.0,1.0,1.0,1
1503309,PA,Norte,41.34,36.72,43.33,0,1.0,1.0,1.0,1.0,1
2605509,PE,Nordeste,41.36,58.16,61.78,0,1.0,1.0,1.0,1.0,1
4203709,SC,Sul,41.37,59.28,62.71,0,1.0,1.0,1.0,1.0,1
3531100,SP,Sudeste,41.39,48.6,53.74,0,1.0,1.0,1.0,1.0,1
4304606,RS,Sul,41.4,53.16,57.6,0,1.0,1.0,1.0,1.0,1
4309753,RS,Sul,41.4,71.02,72.44,0,1.0,1.0,1.0,1.0,1
3509502,SP,Sudeste,41.49,41.69,47.76,0,1.0,1.0,1.0,1.0,1
2704807,AL,Nordeste,41.5,46.59,52.02,0,1.0,1.0,1.0,1.0,1
4317509,RS,Sul,41.5,64.36,66.92,0,1.0,1.0,1.0,1.0,1
2510501,PB,Nordeste,41.57,54.26,58.53,0,1.0,1.0,1.0,1.0,1
2103208,MA,Nordeste,41.58,47.1,52.46,0,1.0,1.0,1.0,1.0,1
3302007,RJ,Sudeste,41.61,42.05,48.08,0,1.0,1.0,1.0,1.0,1
4122602,PR,Sul,41.63,68.42,70.28,0,1.0,1.0,1.0,1.0,1
2106326,MA,Nordeste,41.67,57.95,61.61,0,1.0,1.0,1.0,1.0,1
2506103,PB,Nordeste,41.67,60.71,63.9,0,1.0,1.0,1.0,1.0,1
2906600,BA,Nordeste,41.67,46.72,52.13,0,1.0,1.0,1.0,1.0,1
2920403,BA,Nordeste,41.67,39.54,45.86,0,1.0,1.0,1.0,1.0,1
3142254,MG,Sudeste,41.67,40.71,46.9,0,1.0,1.0,1.0,1.0,1
5101605,MT,Centro-Oeste,41.67,60.04,63.34,0,1.0,1.0,1.0,1.0,1
4305173,RS,Sul,41.7,57.48,61.22,0,1.0,1.0,1.0,1.0,1
4305850,RS,Sul,41.7,86.57,80.0,0,1.0,1.0,1.0,1.0,1
1500206,PA,Norte,41.73,39.02,45.4,0,1.0,1.0,1.0,1.0,1
2200459,PI,Nordeste,41.74,68.36,70.23,0,1.0,1.0,1.0,1.0,1
2801009,SE,Nordeste,41.74,39.18,45.54,0,1.0,1.0,1.0,1.0,1
5106422,MT,Centro-Oeste,41.77,36.06,42.73,0,1.0,1.0,1.0,1.0,1
2209005,PI,Nordeste,41.79,48.59,53.74,0,1.0,1.0,1.0,1.0,1
3508603,SP,Sudeste,41.8,50.09,55.01,0,1.0,1.0,1.0,1.0,1
2410504,RN,Nordeste,41.81,55.6,59.65,0,1.0,1.0,1.0,1.0,1
1722081,TO,Norte,41.89,35.16,41.91,0,1.0,1.0,1.0,0.0,1
2500734,PB,Nordeste,41.89,85.27,80.0,0,1.0,1.0,1.0,1.0,1
2909406,BA,Nordeste,41.9,40.77,46.95,0,1.0,1.0,1.0,1.0,1
4322707,RS,Sul,41.9,66.46,68.66,0,1.0,1.0,1.0,1.0,1
1702703,TO,Norte,41.94,52.92,57.4,0,1.0,1.0,1.0,1.0,1
4304705,RS,Sul,42.0,63.87,66.52,0,1.0,1.0,1.0,1.0,1
2102325,MA,Nordeste,42.03,39.23,45.58,0,1.0,1.0,1.0,1.0,1
4315750,RS,Sul,42.1,76.01,76.61,0,1.0,1.0,1.0,1.0,1
2211308,PI,Nordeste,42.13,51.94,56.58,0,1.0,1.0,1.0,1.0,1
2930709,BA,Nordeste,42.14,42.62,48.58,0,1.0,1.0,1.0,1.0,1
2904605,BA,Nordeste,42.15,53.28,57.7,0,1.0,1.0,1.0,1.0,1
4304408,RS,Sul,42.2,78.68,78.87,0,1.0,1.0,1.0,1.0,1
4321709,RS,Sul,42.2,55.48,59.55,0,1.0,1.0,1.0,1.0,1
2706703,AL,Nordeste,42.23,40.85,47.02,0,1.0,1.0,1.0,1.0,1
1503093,PA,Norte,42.29,46.05,51.56,0,1.0,1.0,1.0,1.0,1
4318903,RS,Sul,42.3,80.28,80.0,0,1.0,1.0,1.0,1.0,1
2930006,BA,Nordeste,42.37,59.03,62.51,0,1.0,1.0,1.0,1.0,1
2108801,MA,Nordeste,42.38,83.02,80.0,0,1.0,1.0,1.0,1.0,1
4311718,RS,Sul,42.4,66.97,69.08,0,1.0,1.0,1.0,1.0,1
2708808,AL,Nordeste,42.43,36.66,43.27,0,1.0,1.0,1.0,1.0,1
1506583,PA,Norte,42.45,53.64,58.01,0,1.0,1.0,1.0,1.0,1
1720903,TO,Norte,42.45,38.31,44.76,0,1.0,1.0,1.0,1.0,1
2705002,AL,Nordeste,42.45,40.11,46.37,0,1.0,1.0,1.0,1.0,1
2900355,BA,Nordeste,42.45,44.68,50.37,0,1.0,1.0,1.0,1.0,1
1502855,PA,Norte,42.47,37.54,44.07,0,1.0,1.0,1.0,1.0,1
2410256,RN,Nordeste,42.47,58.35,61.94,0,1.0,1.0,1.0,1.0,1
2930766,BA,Nordeste,42.47,44.05,49.83,0,1.0,1.0,1.0,1.0,1
2206407,PI,Nordeste,42.48,60.33,63.58,0,1.0,1.0,1.0,1.0,1
2100907,MA,Nordeste,42.52,56.23,60.17,0,1.0,1.0,1.0,1.0,1
2921054,BA,Nordeste,42.52,41.7,47.77,0,1.0,1.0,1.0,1.0,1
2701704,AL,Nordeste,42.53,41.23,47.36,0,1.0,1.0,1.0,1.0,1
3546256,SP,Sudeste,42.56,45.93,51.45,0,1.0,1.0,1.0,1.0,1
2913408,BA,Nordeste,42.57,57.17,60.96,0,1.0,1.0,1.0,1.0,1
3535804,SP,Sudeste,42.59,49.33,54.37,0,1.0,1.0,1.0,1.0,1
2613800,PE,Nordeste,42.6,48.62,53.76,0,1.0,1.0,1.0,1.0,1
1301902,AM,Norte,42.66,46.31,51.78,0,1.0,1.0,1.0,1.0,1
2110856,MA,Nordeste,42.73,62.65,65.51,0,1.0,1.0,1.0,1.0,1
2910107,BA,Nordeste,42.74,48.34,53.52,0,1.0,1.0,1.0,1.0,1
2933307,BA,Nordeste,42.75,47.86,53.11,0,1.0,1.0,1.0,1.0,1
2513802,PB,Nordeste,42.77,40.43,46.65,0,1.0,1.0,1.0,1.0,1
3519253,SP,Sudeste,42.77,42.55,48.52,0,1.0,1.0,1.0,1.0,1
2508208,PB,Nordeste,42.8,67.61,69.61,0,1.0,1.0,1.0,1.0,1
4309654,RS,Sul,42.8,70.19,71.75,0,1.0,1.0,1.0,1.0,1
4314605,RS,Sul,42.8,60.04,63.34,0,1.0,1.0,1.0,1.0,1
2511400,PB,Nordeste,42.85,52.51,57.06,0,1.0,1.0,1.0,1.0,1
2924900,BA,Nordeste,42.86,53.78,58.12,0,1.0,1.0,1.0,1.0,1
2931806,BA,Nordeste,42.86,49.49,54.5,0,1.0,1.0,1.0,1.0,1
2202778,PI,Nordeste,42.87,59.89,63.22,0,1.0,1.0,1.0,1.0,1
4311254,RS,Sul,42.9,84.62,80.0,0,1.0,1.0,1.0,1.0,1
1716604,TO,Norte,42.93,46.47,51.92,0,1.0,1.0,1.0,1.0,1
2925105,BA,Nordeste,42.93,44.01,49.79,0,1.0,1.0,1.0,1.0,1
1503457,PA,Norte,42.95,39.7,46.0,0,1.0,1.0,1.0,1.0,1
2205508,PI,Nordeste,42.98,49.82,54.78,0,1.0,1.0,1.0,1.0,1
3527603,SP,Sudeste,43.03,41.53,47.62,0,1.0,1.0,1.0,1.0,1
2909604,BA,Nordeste,43.05,50.31,55.2,0,1.0,1.0,1.0,1.0,1
1100106,RO,Norte,43.07,41.76,47.82,0,1.0,1.0,1.0,1.0,1
2606408,PE,Nordeste,43.1,42.26,48.26,0,1.0,1.0,1.0,1.0,1
2919058,BA,Nordeste,43.1,55.06,59.2,0,1.0,1.0,1.0,1.0,1
1718899,TO,Norte,43.12,63.15,65.92,0,1.0,1.0,1.0,1.0,1
2917359,BA,Nordeste,43.16,40.89,47.06,0,1.0,1.0,1.0,1.0,1
4301107,RS,Sul,43.2,40.49,46.7,0,1.0,1.0,1.0,1.0,1
4305108,RS,Sul,43.2,69.15,70.89,0,1.0,1.0,1.0,1.0,1
4315602,RS,Sul,43.2,54.17,58.45,0,1.0,1.0,1.0,1.0,1
4316600,RS,Sul,43.2,74.42,75.28,0,1.0,1.0,1.0,1.0,1
2604601,PE,Nordeste,43.24,45.57,51.14,0,1.0,1.0,1.0,1.0,1
2901957,BA,Nordeste,43.24,37.0,43.58,0,1.0,1.0,1.0,0.0,1
1718808,TO,Norte,43.25,43.61,49.44,0,1.0,1.0,1.0,1.0,1
3520400,SP,Sudeste,43.27,44.16,49.92,0,1.0,1.0,1.0,1.0,1
1506005,PA,Norte,43.28,57.34,61.1,0,1.0,1.0,1.0,1.0,1
2203800,PI,Nordeste,43.3,46.83,52.23,0,1.0,1.0,1.0,1.0,1
3521150,SP,Sudeste,43.3,48.0,53.23,0,1.0,1.0,1.0,1.0,1
2607653,PE,Nordeste,43.31,48.56,53.71,0,1.0,1.0,1.0,1.0,1
2201705,PI,Nordeste,43.42,59.48,62.88,0,1.0,1.0,1.0,1.0,1
3509452,SP,Sudeste,43.46,45.77,51.32,0,1.0,1.0,1.0,1.0,1
4300877,RS,Sul,43.5,75.69,76.34,0,1.0,1.0,1.0,1.0,1
2414803,RN,Nordeste,43.56,58.73,62.26,0,1.0,1.0,1.0,1.0,1
1600253,AP,Norte,43.57,50.48,55.34,0,1.0,1.0,1.0,1.0,1
2920502,BA,Nordeste,43.58,52.47,57.02,0,1.0,1.0,1.0,1.0,1
4301636,RS,Sul,43.6,58.38,61.97,0,1.0,1.0,1.0,1.0,1
4301909,RS,Sul,43.6,68.6,70.43,0,1.0,1.0,1.0,1.0,1
4311809,RS,Sul,43.6,66.61,68.78,0,1.0,1.0,1.0,1.0,1
2933109,BA,Nordeste,43.64,44.82,50.5,0,1.0,1.0,1.0,1.0,1
3500501,SP,Sudeste,43.65,61.38,64.46,0,1.0,1.0,1.0,1.0,1
4306601,RS,Sul,43.7,57.45,61.19,0,1.0,1.0,1.0,1.0,1
3304904,RJ,Sudeste,43.71,45.67,51.23,0,1.0,1.0,1.0,1.0,1
1504752,PA,Norte,43.72,55.19,59.31,0,1.0,1.0,1.0,1.0,1
2700300,AL,Nordeste,43.75,39.44,45.77,0,1.0,1.0,1.0,1.0,1
2909703,BA,Nordeste,43.75,44.52,50.23,0,1.0,1.0,1.0,1.0,1
4116505,PR,Sul,43.75,38.1,44.57,0,1.0,1.0,1.0,1.0,1
4302808,RS,Sul,43.8,54.77,58.95,0,1.0,1.0,1.0,1.0,1
4316428,RS,Sul,43.8,78.81,78.98,0,1.0,1.0,1.0,1.0,1
4316808,RS,Sul,43.8,64.84,67.32,0,1.0,1.0,1.0,1.0,1
4318481,RS,Sul,43.8,78.76,78.94,0,1.0,1.0,1.0,1.0,1
2926806,BA,Nordeste,43.82,62.54,65.42,0,1.0,1.0,1.0,1.0,1
3157336,MG,Sudeste,43.82,63.86,66.51,0,1.0,1.0,1.0,1.0,1
2205458,PI,Nordeste,43.83,38.3,44.75,0,1.0,1.0,1.0,1.0,1
4304671,RS,Sul,43.9,41.25,47.38,0,1.0,1.0,1.0,1.0,1
2601706,PE,Nordeste,43.93,49.69,54.67,0,1.0,1.0,1.0,1.0,1
2609402,PE,Nordeste,43.93,53.38,57.79,0,1.0,1.0,1.0,1.0,1
2103802,MA,Nordeste,43.95,40.39,46.62,0,1.0,1.0,1.0,1.0,1
3551504,SP,Sudeste,43.97,45.95,51.47,0,1.0,1.0,1.0,1.0,1
2917201,BA,Nordeste,43.98,57.52,61.25,0,1.0,1.0,1.0,1.0,1
1500909,PA,Norte,43.99,38.56,44.99,0,1.0,1.0,1.0,1.0,1
2614709,PE,Nordeste,43.99,45.92,51.45,0,1.0,1.0,1.0,1.0,1
3515657,SP,Sudeste,44.0,92.86,80.0,0,1.0,1.0,1.0,1.0,1
4321501,RS,Sul,44.0,62.86,65.68,0,1.0,1.0,1.0,1.0,1
4323457,RS,Sul,44.0,49.03,54.11,0,1.0,1.0,1.0,1.0,1
1101807,RO,Norte,44.06,55.69,59.72,0,1.0,1.0,1.0,1.0,1
3525201,SP,Sudeste,44.07,48.78,53.9,0,1.0,1.0,1.0,1.0,1
1503705,PA,Norte,44.08,42.67,48.62,0,1.0,1.0,1.0,1.0,1
1718204,TO,Norte,44.11,56.8,60.65,0,1.0,1.0,1.0,1.0,1
3518701,SP,Sudeste,44.13,48.23,53.43,0,1.0,1.0,1.0,1.0,1
5102603,MT,Centro-Oeste,44.13,38.79,45.19,0,1.0,1.0,1.0,1.0,1
2704104,AL,Nordeste,44.19,45.57,51.14,0,1.0,1.0,1.0,1.0,1
3518800,SP,Sudeste,44.19,39.42,45.75,0,1.0,1.0,1.0,1.0,1
1302207,AM,Norte,44.2,40.6,46.8,0,1.0,1.0,1.0,1.0,1
2407708,RN,Nordeste,44.2,58.69,62.22,0,1.0,1.0,1.0,1.0,1
4305959,RS,Sul,44.2,73.99,74.92,0,1.0,1.0,1.0,1.0,1
1600154,AP,Norte,44.22,66.25,68.48,0,1.0,1.0,1.0,1.0,1
2512804,PB,Nordeste,44.22,69.19,70.92,0,1.0,1.0,1.0,1.0,1
2914406,BA,Nordeste,44.24,38.87,45.26,0,1.0,1.0,1.0,1.0,1
3508504,SP,Sudeste,44.26,53.05,57.51,0,1.0,1.0,1.0,1.0,1
3522000,SP,Sudeste,44.34,53.84,58.17,0,1.0,1.0,1.0,1.0,1
3539400,SP,Sudeste,44.37,48.91,54.01,0,1.0,1.0,1.0,1.0,1
3550704,SP,Sudeste,44.38,39.21,45.57,0,1.0,1.0,1.0,1.0,1
4307609,RS,Sul,44.4,67.25,69.31,0,1.0,1.0,1.0,1.0,1
4310462,RS,Sul,44.4,82.35,80.0,0,1.0,1.0,1.0,1.0,1
4316477,RS,Sul,44.4,100.0,80.0,0,1.0,1.0,1.0,1.0,1
4322202,RS,Sul,44.4,71.92,73.19,0,1.0,1.0,1.0,1.0,1
3549250,SP,Sudeste,44.44,44.0,49.78,0,1.0,1.0,1.0,1.0,1
2516904,PB,Nordeste,44.45,98.05,80.0,0,1.0,1.0,1.0,1.0,1
2501302,PB,Nordeste,44.46,67.95,69.89,0,1.0,1.0,1.0,1.0,1
3149952,MG,Sudeste,44.47,45.31,50.92,0,1.0,1.0,1.0,1.0,1
2409506,RN,Nordeste,44.5,45.48,51.07,0,1.0,1.0,1.0,1.0,1
4313508,RS,Sul,44.5,67.79,69.76,0,1.0,1.0,1.0,1.0,1
4317103,RS,Sul,44.5,49.75,54.72,0,1.0,1.0,1.0,1.0,1
4321204,RS,Sul,44.6,63.93,66.57,0,1.0,1.0,1.0,1.0,1
2704203,AL,Nordeste,44.61,43.45,49.3,0,1.0,1.0,1.0,1.0,1
2112100,MA,Nordeste,44.63,41.93,47.97,0,1.0,1.0,1.0,1.0,1
2110807,MA,Nordeste,44.69,43.78,49.59,0,1.0,1.0,1.0,1.0,1
2919702,BA,Nordeste,44.74,49.05,54.13,0,1.0,1.0,1.0,1.0,1
3521002,SP,Sudeste,44.75,40.9,47.07,0,1.0,1.0,1.0,1.0,1
2931608,BA,Nordeste,44.76,47.32,52.65,0,1.0,1.0,1.0,1.0,1
1300706,AM,Norte,44.78,59.09,62.56,0,1.0,1.0,1.0,1.0,1
2514404,PB,Nordeste,44.79,56.3,60.23,0,1.0,1.0,1.0,1.0,1
3510609,SP,Sudeste,44.8,45.21,50.83,0,1.0,1.0,1.0,1.0,1
4302709,RS,Sul,44.8,51.25,55.99,0,1.0,1.0,1.0,1.0,1
2412500,RN,Nordeste,44.85,39.84,46.13,0,1.0,1.0,1.0,1.0,1
3545407,SP,Sudeste,44.94,60.22,63.49,0,1.0,1.0,1.0,1.0,1
2508604,PB,Nordeste,44.96,47.19,52.54,0,1.0,1.0,1.0,1.0,1
2201101,PI,Nordeste,44.97,40.98,47.14,0,1.0,1.0,1.0,1.0,1
2933406,BA,Nordeste,45.0,53.42,57.82,0,1.0,1.0,1.0,1.0,1
4315800,RS,Sul,45.0,75.61,76.28,0,1.0,1.0,1.0,1.0,1
3543402,SP,Sudeste,45.01,39.11,45.48,0,1.0,1.0,1.0,0.0,1
2109106,MA,Nordeste,45.11,54.77,58.95,0,1.0,1.0,1.0,1.0,1
3545308,SP,Sudeste,45.12,44.13,49.9,0,1.0,1.0,1.0,1.0,1
4100400,PR,Sul,45.12,52.44,57.0,0,1.0,1.0,1.0,1.0,1
5106257,MT,Centro-Oeste,45.12,71.61,72.93,0,1.0,1.0,1.0,1.0,1
1502764,PA,Norte,45.2,50.13,55.05,0,1.0,1.0,1.0,1.0,1
3538303,SP,Sudeste,45.2,56.25,60.19,0,1.0,1.0,1.0,1.0,1
4313656,RS,Sul,45.2,53.49,57.88,0,1.0,1.0,1.0,1.0,1
2502300,PB,Nordeste,45.24,65.39,67.77,0,1.0,1.0,1.0,1.0,1
2700201,AL,Nordeste,45.26,53.44,57.84,0,1.0,1.0,1.0,1.0,1
1100338,RO,Norte,45.3,63.02,65.81,0,1.0,1.0,1.0,1.0,1
3531902,SP,Sudeste,45.3,55.19,59.31,0,1.0,1.0,1.0,1.0,1
4313060,RS,Sul,45.3,72.08,73.32,0,1.0,1.0,1.0,1.0,1
2207306,PI,Nordeste,45.31,51.76,56.42,0,1.0,1.0,1.0,1.0,1
1500602,PA,Norte,45.32,46.67,52.09,0,1.0,1.0,1.0,1.0,1
2924306,BA,Nordeste,45.33,42.2,48.21,0,1.0,1.0,1.0,1.0,1
3515103,SP,Sudeste,45.34,46.49,51.94,0,1.0,1.0,1.0,1.0,1
2100303,MA,Nordeste,45.37,67.9,69.85,0,1.0,1.0,1.0,1.0,1
3301702,RJ,Sudeste,45.37,47.15,52.5,0,1.0,1.0,1.0,1.0,1
4303905,RS,Sul,45.4,77.34,77.73,0,1.0,1.0,1.0,1.0,1
4307559,RS,Sul,45.4,73.44,74.46,0,1.0,1.0,1.0,1.0,1
4317301,RS,Sul,45.4,56.01,59.99,0,1.0,1.0,1.0,1.0,1
1708205,TO,Norte,45.42,63.68,66.36,0,1.0,1.0,1.0,1.0,1
3511003,SP,Sudeste,45.42,47.85,53.1,0,1.0,1.0,1.0,1.0,1
3525102,SP,Sudeste,45.42,58.3,61.9,0,1.0,1.0,1.0,1.0,1
3513504,SP,Sudeste,45.43,48.49,53.65,0,1.0,1.0,1.0,1.0,1
2507705,PB,Nordeste,45.45,50.95,55.74,0,1.0,1.0,1.0,1.0,1
2512606,PB,Nordeste,45.45,69.23,70.95,0,1.0,1.0,1.0,1.0,1
2910776,BA,Nordeste,45.45,55.73,59.76,0,1.0,1.0,1.0,1.0,1
2915007,BA,Nordeste,45.45,41.31,47.43,0,1.0,1.0,1.0,1.0,1
2918803,BA,Nordeste,45.45,46.61,52.04,0,1.0,1.0,1.0,1.0,1
2705705,AL,Nordeste,45.46,40.12,46.38,0,1.0,1.0,1.0,1.0,1
2925303,BA,Nordeste,45.5,46.72,52.13,0,1.0,1.0,1.0,1.0,1
4312104,RS,Sul,45.5,65.56,67.91,0,1.0,1.0,1.0,1.0,1
2206803,PI,Nordeste,45.57,64.19,66.78,0,1.0,1.0,1.0,1.0,1
4318101,RS,Sul,45.6,58.21,61.82,0,1.0,1.0,1.0,1.0,1
3160009,MG,Sudeste,45.65,80.0,80.0,0,1.0,1.0,1.0,1.0,1
4305801,RS,Sul,45.7,80.01,80.0,0,1.0,1.0,1.0,1.0,1
4311502,RS,Sul,45.7,57.89,61.56,0,1.0,1.0,1.0,1.0,1
4319802,RS,Sul,45.7,77.33,77.73,0,1.0,1.0,1.0,1.0,1
2516003,PB,Nordeste,45.73,78.56,78.77,0,1.0,1.0,1.0,1.0,1
2927309,BA,Nordeste,45.77,47.81,53.07,0,1.0,1.0,1.0,1.0,1
2104800,MA,Nordeste,45.8,42.36,48.35,0,1.0,1.0,1.0,1.0,1
2505402,PB,Nordeste,45.8,55.88,59.88,0,1.0,1.0,1.0,1.0,1
2504306,PB,Nordeste,45.82,55.21,59.32,0,1.0,1.0,1.0,1.0,1
2501609,PB,Nordeste,45.83,56.39,60.31,0,1.0,1.0,1.0,1.0,1
2500536,PB,Nordeste,45.86,42.62,48.58,0,1.0,1.0,1.0,1.0,1
2606200,PE,Nordeste,45.89,53.14,57.59,0,1.0,1.0,1.0,1.0,1
4307005,RS,Sul,45.9,61.21,64.31,0,1.0,1.0,1.0,1.0,1
2707800,AL,Nordeste,45.95,64.36,66.92,0,1.0,1.0,1.0,1.0,1
4212650,SC,Sul,45.95,40.37,46.6,0,1.0,1.0,1.0,1.0,1
1302900,AM,Norte,45.97,53.17,57.61,0,1.0,1.0,1.0,1.0,1
3538907,SP,Sudeste,46.03,53.49,57.88,0,1.0,1.0,1.0,1.0,1
5107008,MT,Centro-Oeste,46.03,47.11,52.47,0,1.0,1.0,1.0,1.0,1
3529401,SP,Sudeste,46.04,45.74,51.29,0,1.0,1.0,1.0,1.0,1
1501402,PA,Norte,46.08,48.22,53.42,0,1.0,1.0,1.0,1.0,1
2929503,BA,Nordeste,46.1,49.95,54.89,0,1.0,1.0,1.0,1.0,1
2504504,PB,Nordeste,46.13,56.24,60.18,0,1.0,1.0,1.0,1.0,1
3526605,SP,Sudeste,46.14,52.66,57.18,0,1.0,1.0,1.0,1.0,1
2903276,BA,Nordeste,46.15,42.08,48.11,0,1.0,1.0,1.0,1.0,1
2921450,BA,Nordeste,46.15,52.17,56.77,0,1.0,1.0,1.0,1.0,1
2207504,PI,Nordeste,46.19,50.9,55.7,0,1.0,1.0,1.0,1.0,1
4319125,RS,Sul,46.2,76.47,77.0,0,1.0,1.0,1.0,1.0,1
4319737,RS,Sul,46.2,71.43,72.78,0,1.0,1.0,1.0,1.0,1
4320552,RS,Sul,46.2,74.77,75.57,0,1.0,1.0,1.0,1.0,1
4320909,RS,Sul,46.2,69.7,71.34,0,1.0,1.0,1.0,1.0,1
2512754,PB,Nordeste,46.23,44.56,50.27,0,1.0,1.0,1.0,1.0,1
2704708,AL,Nordeste,46.23,40.6,46.8,0,1.0,1.0,1.0,0.0,1
1720499,TO,Norte,46.24,65.57,67.92,0,1.0,1.0,1.0,1.0,1
2807402,SE,Nordeste,46.26,41.9,47.95,0,1.0,1.0,1.0,1.0,1
4309001,RS,Sul,46.3,76.29,76.85,0,1.0,1.0,1.0,1.0,1
2911709,BA,Nordeste,46.39,48.58,53.73,0,1.0,1.0,1.0,1.0,1
2600054,PE,Nordeste,46.4,47.44,52.75,0,1.0,1.0,1.0,1.0,1
4318002,RS,Sul,46.4,65.4,67.78,0,1.0,1.0,1.0,1.0,1
1713205,TO,Norte,46.42,41.54,47.63,0,1.0,1.0,1.0,1.0,1
5002159,MS,Centro-Oeste,46.43,44.62,50.32,0,1.0,1.0,1.0,1.0,1
5005681,MS,Centro-Oeste,46.46,83.81,80.0,0,1.0,1.0,1.0,1.0,1
4301057,RS,Sul,46.5,67.46,69.49,0,1.0,1.0,1.0,1.0,1
2903706,BA,Nordeste,46.51,44.22,49.97,0,1.0,1.0,1.0,1.0,1
5005400,MS,Centro-Oeste,46.55,40.62,46.82,0,1.0,1.0,1.0,0.0,1
5103403,MT,Centro-Oeste,46.56,53.94,58.26,0,1.0,1.0,1.0,1.0,1
2507903,PB,Nordeste,46.57,50.41,55.28,0,1.0,1.0,1.0,1.0,1
3516408,SP,Sudeste,46.57,50.89,55.69,0,1.0,1.0,1.0,1.0,1
3540754,SP,Sudeste,46.58,40.85,47.02,0,1.0,1.0,1.0,0.0,1
4300802,RS,Sul,46.6,65.93,68.22,0,1.0,1.0,1.0,1.0,1
4301602,RS,Sul,46.6,62.01,64.98,0,1.0,1.0,1.0,1.0,1
3302502,RJ,Sudeste,46.66,46.26,51.74,0,1.0,1.0,1.0,1.0,1
2106508,MA,Nordeste,46.67,63.97,66.6,0,1.0,1.0,1.0,1.0,1
1504802,PA,Norte,46.69,53.95,58.27,0,1.0,1.0,1.0,1.0,1
4322855,RS,Sul,46.7,81.25,80.0,0,1.0,1.0,1.0,1.0,1
2508307,PB,Nordeste,46.71,66.54,68.72,0,1.0,1.0,1.0,1.0,1
3521804,SP,Sudeste,46.71,47.41,52.73,0,1.0,1.0,1.0,1.0,1
2403103,RN,Nordeste,46.77,41.2,47.33,0,1.0,1.0,1.0,0.0,1
4304002,RS,Sul,46.8,62.91,65.72,0,1.0,1.0,1.0,1.0,1
2912509,BA,Nordeste,46.81,44.17,49.93,0,1.0,1.0,1.0,1.0,1
2108603,MA,Nordeste,46.82,53.04,57.5,0,1.0,1.0,1.0,1.0,1
3552502,SP,Sudeste,46.82,42.07,48.1,0,1.0,1.0,1.0,1.0,1
2107209,MA,Nordeste,46.83,53.08,57.54,0,1.0,1.0,1.0,1.0,1
2914604,BA,Nordeste,46.83,42.02,48.05,0,1.0,1.0,1.0,1.0,1
4126702,PR,Sul,46.83,47.6,52.89,0,1.0,1.0,1.0,1.0,1
2513901,PB,Nordeste,46.87,42.46,48.44,0,1.0,1.0,1.0,1.0,1
3104502,MG,Sudeste,46.89,45.28,50.89,0,1.0,1.0,1.0,1.0,1
3505807,SP,Sudeste,46.89,51.88,56.53,0,1.0,1.0,1.0,1.0,1
2921104,BA,Nordeste,46.9,51.46,56.17,0,1.0,1.0,1.0,1.0,1
4302006,RS,Sul,46.9,51.05,55.82,0,1.0,1.0,1.0,1.0,1
1504059,PA,Norte,46.97,45.48,51.07,0,1.0,1.0,1.0,1.0,1
2201507,PI,Nordeste,46.97,43.66,49.49,0,1.0,1.0,1.0,1.0,1
3531803,SP,Sudeste,46.98,49.58,54.58,0,1.0,1.0,1.0,1.0,1
3544608,SP,Sudeste,46.98,54.4,58.64,0,1.0,1.0,1.0,1.0,1
4307708,RS,Sul,47.0,63.38,66.11,0,1.0,1.0,1.0,1.0,1
3513306,SP,Sudeste,47.06,85.19,80.0,0,1.0,1.0,1.0,1.0,1
5008008,MS,Centro-Oeste,47.09,60.42,63.66,0,1.0,1.0,1.0,1.0,1
4322525,RS,Sul,47.1,85.54,80.0,0,1.0,1.0,1.0,1.0,1
2201770,PI,Nordeste,47.16,58.74,62.26,0,1.0,1.0,1.0,1.0,1
2902807,BA,Nordeste,47.17,47.58,52.87,0,1.0,1.0,1.0,1.0,1
3553856,SP,Sudeste,47.19,62.06,65.02,0,1.0,1.0,1.0,1.0,1
4320503,RS,Sul,47.2,59.81,63.15,0,1.0,1.0,1.0,1.0,1
2509909,PB,Nordeste,47.23,58.78,62.3,0,1.0,1.0,1.0,1.0,1
3552007,SP,Sudeste,47.27,45.87,51.4,0,1.0,1.0,1.0,1.0,1
2101806,MA,Nordeste,47.28,56.0,59.98,0,1.0,1.0,1.0,1.0,1
1506112,PA,Norte,47.3,48.89,53.99,0,1.0,1.0,1.0,1.0,1
4322400,RS,Sul,47.3,61.3,64.39,0,1.0,1.0,1.0,1.0,1
2927903,BA,Nordeste,47.31,47.34,52.67,0,1.0,1.0,1.0,1.0,1
2602001,PE,Nordeste,47.32,45.23,50.85,0,1.0,1.0,1.0,1.0,1
3303203,RJ,Sudeste,47.32,44.36,50.1,0,1.0,1.0,1.0,1.0,1
3532009,SP,Sudeste,47.32,46.95,52.33,0,1.0,1.0,1.0,1.0,1
2608206,PE,Nordeste,47.34,49.58,54.58,0,1.0,1.0,1.0,1.0,1
2207603,PI,Nordeste,47.35,67.67,69.66,0,1.0,1.0,1.0,1.0,1
2904209,BA,Nordeste,47.37,62.08,65.03,0,1.0,1.0,1.0,1.0,1
2911253,BA,Nordeste,47.37,60.47,63.7,0,1.0,1.0,1.0,1.0,1
2919959,BA,Nordeste,47.37,60.98,64.12,0,1.0,1.0,1.0,1.0,1
3554755,SP,Sudeste,47.37,100.0,80.0,0,1.0,1.0,1.0,1.0,1
4312450,RS,Sul,47.4,72.96,74.06,0,1.0,1.0,1.0,1.0,1
4313441,RS,Sul,47.4,71.43,72.78,0,1.0,1.0,1.0,1.0,1
1507706,PA,Norte,47.41,48.08,53.3,0,1.0,1.0,1.0,1.0,1
2931004,BA,Nordeste,47.42,58.73,62.26,0,1.0,1.0,1.0,1.0,1
3304755,RJ,Sudeste,47.47,43.51,49.36,0,1.0,1.0,1.0,1.0,1
3518107,SP,Sudeste,47.49,66.92,69.04,0,1.0,1.0,1.0,1.0,1
3506300,SP,Sudeste,47.5,68.33,70.21,0,1.0,1.0,1.0,1.0,1
4305306,RS,Sul,47.5,75.31,76.02,0,1.0,1.0,1.0,1.0,1
4311403,RS,Sul,47.5,74.67,75.49,0,1.0,1.0,1.0,1.0,1
4314472,RS,Sul,47.5,63.64,66.33,0,1.0,1.0,1.0,1.0,1
4319158,RS,Sul,47.5,76.3,76.86,0,1.0,1.0,1.0,1.0,1
1504307,PA,Norte,47.51,68.07,69.99,0,1.0,1.0,1.0,1.0,1
5103304,MT,Centro-Oeste,47.59,57.77,61.46,0,1.0,1.0,1.0,1.0,1
2904308,BA,Nordeste,47.62,53.47,57.86,0,1.0,1.0,1.0,1.0,1
3110806,MG,Sudeste,47.62,61.46,64.52,0,1.0,1.0,1.0,1.0,1
2504900,PB,Nordeste,47.63,56.43,60.34,0,1.0,1.0,1.0,1.0,1
3510302,SP,Sudeste,47.64,47.52,52.82,0,1.0,1.0,1.0,1.0,1
4111803,PR,Sul,47.68,55.12,59.25,0,1.0,1.0,1.0,1.0,1
4320107,RS,Sul,47.7,71.47,72.81,0,1.0,1.0,1.0,1.0,1
3301850,RJ,Sudeste,47.75,50.19,55.1,0,1.0,1.0,1.0,1.0,1
2508000,PB,Nordeste,47.76,66.04,68.31,0,1.0,1.0,1.0,1.0,1
2805000,SE,Nordeste,47.76,47.62,52.91,0,1.0,1.0,1.0,1.0,1
3121258,MG,Sudeste,47.77,50.98,55.77,0,1.0,1.0,1.0,1.0,1
2901304,BA,Nordeste,47.79,44.8,50.48,0,1.0,1.0,1.0,1.0,1
4312054,RS,Sul,47.8,75.87,76.49,0,1.0,1.0,1.0,1.0,1
1504000,PA,Norte,47.82,47.64,52.92,0,1.0,1.0,1.0,1.0,1
2109304,MA,Nordeste,47.82,44.27,50.02,0,1.0,1.0,1.0,1.0,1
3527207,SP,Sudeste,47.82,42.48,48.46,0,1.0,1.0,1.0,1.0,1
2413003,RN,Nordeste,47.83,62.96,65.76,0,1.0,1.0,1.0,1.0,1
3160207,MG,Sudeste,47.84,46.96,52.34,0,1.0,1.0,1.0,1.0,1
3515152,SP,Sudeste,47.86,53.33,57.75,0,1.0,1.0,1.0,1.0,1
1505064,PA,Norte,47.88,55.6,59.65,0,1.0,1.0,1.0,1.0,1
2413607,RN,Nordeste,47.88,71.63,72.95,0,1.0,1.0,1.0,1.0,1
2500809,PB,Nordeste,47.88,64.03,66.65,0,1.0,1.0,1.0,1.0,1
3530607,SP,Sudeste,47.88,46.57,52.01,0,1.0,1.0,1.0,1.0,1
2504009,PB,Nordeste,47.92,42.4,48.39,0,1.0,1.0,1.0,0.0,1
3551009,SP,Sudeste,47.93,43.11,49.01,0,1.0,1.0,1.0,1.0,1
2905008,BA,Nordeste,47.96,51.82,56.48,0,1.0,1.0,1.0,1.0,1
2922003,BA,Nordeste,47.96,49.09,54.16,0,1.0,1.0,1.0,1.0,1
4218301,SC,Sul,47.98,49.8,54.77,0,1.0,1.0,1.0,1.0,1
3138104,MG,Sudeste,48.0,80.16,80.0,0,1.0,1.0,1.0,1.0,1
3144672,MG,Sudeste,48.0,50.0,54.93,0,1.0,1.0,1.0,1.0,1
4320008,RS,Sul,48.0,59.14,62.6,0,1.0,1.0,1.0,1.0,1
3300308,RJ,Sudeste,48.01,45.28,50.89,0,1.0,1.0,1.0,1.0,1
4210803,SC,Sul,48.04,54.81,58.99,0,1.0,1.0,1.0,1.0,1
3522109,SP,Sudeste,48.05,54.33,58.59,0,1.0,1.0,1.0,1.0,1
3142007,MG,Sudeste,48.06,58.98,62.46,0,1.0,1.0,1.0,1.0,1
2413508,RN,Nordeste,48.08,56.19,60.14,0,1.0,1.0,1.0,1.0,1
2104602,MA,Nordeste,48.13,52.89,57.38,0,1.0,1.0,1.0,1.0,1
3509957,SP,Sudeste,48.15,53.57,57.95,0,1.0,1.0,1.0,1.0,1
3534203,SP,Sudeste,48.15,43.55,49.39,0,1.0,1.0,1.0,1.0,1
5002100,MS,Centro-Oeste,48.18,43.77,49.58,0,1.0,1.0,1.0,1.0,1
2404309,RN,Nordeste,48.2,57.85,61.52,0,1.0,1.0,1.0,1.0,1
3556206,SP,Sudeste,48.21,50.73,55.55,0,1.0,1.0,1.0,1.0,1
2918902,BA,Nordeste,48.28,58.38,61.97,0,1.0,1.0,1.0,1.0,1
4203501,SC,Sul,48.28,60.89,64.05,0,1.0,1.0,1.0,1.0,1
4310306,RS,Sul,48.3,87.4,80.0,0,1.0,1.0,1.0,1.0,1
3528700,SP,Sudeste,48.33,71.43,72.78,0,1.0,1.0,1.0,1.0,1
2109452,MA,Nordeste,48.35,68.06,69.98,0,1.0,1.0,1.0,1.0,1
3528908,SP,Sudeste,48.4,53.02,57.49,0,1.0,1.0,1.0,1.0,1
4304309,RS,Sul,48.4,75.52,76.2,0,1.0,1.0,1.0,1.0,1
4307401,RS,Sul,48.4,84.43,80.0,0,1.0,1.0,1.0,1.0,1
3302304,RJ,Sudeste,48.41,45.19,50.82,0,1.0,1.0,1.0,1.0,1
1504455,PA,Norte,48.44,48.99,54.08,0,1.0,1.0,1.0,1.0,1
1500859,PA,Norte,48.45,48.76,53.88,0,1.0,1.0,1.0,1.0,1
2109908,MA,Nordeste,48.48,47.14,52.49,0,1.0,1.0,1.0,1.0,1
4319703,RS,Sul,48.5,91.76,80.0,0,1.0,1.0,1.0,1.0,1
1508084,PA,Norte,48.54,58.8,62.31,0,1.0,1.0,1.0,1.0,1
2514701,PB,Nordeste,48.54,51.51,56.21,0,1.0,1.0,1.0,1.0,1
2211506,PI,Nordeste,48.57,94.44,80.0,0,1.0,1.0,1.0,1.0,1
2607406,PE,Nordeste,48.57,64.79,67.28,0,1.0,1.0,1.0,1.0,1
3120151,MG,Sudeste,48.66,52.99,57.46,0,1.0,1.0,1.0,1.0,1
2504801,PB,Nordeste,48.71,67.07,69.16,0,1.0,1.0,1.0,1.0,1
2516755,PB,Nordeste,48.73,62.16,65.1,0,1.0,1.0,1.0,1.0,1
2602605,PE,Nordeste,48.73,52.96,57.44,0,1.0,1.0,1.0,1.0,1
2508802,PB,Nordeste,48.74,68.43,70.29,0,1.0,1.0,1.0,1.0,1
3509601,SP,Sudeste,48.77,49.85,54.81,0,1.0,1.0,1.0,1.0,1
2204204,PI,Nordeste,48.78,43.94,49.73,0,1.0,1.0,1.0,1.0,1
2700102,AL,Nordeste,48.8,47.14,52.49,0,1.0,1.0,1.0,1.0,1
3104809,MG,Sudeste,48.8,48.19,53.39,0,1.0,1.0,1.0,1.0,1
4315909,RS,Sul,48.8,88.57,80.0,0,1.0,1.0,1.0,1.0,1
5100359,MT,Centro-Oeste,48.84,93.68,80.0,0,1.0,1.0,1.0,1.0,1
3303807,RJ,Sudeste,48.89,50.72,55.55,0,1.0,1.0,1.0,1.0,1
1505551,PA,Norte,48.91,50.65,55.49,0,1.0,1.0,1.0,1.0,1
2922409,BA,Nordeste,48.92,58.37,61.96,0,1.0,1.0,1.0,1.0,1
2923605,BA,Nordeste,48.94,46.89,52.28,0,1.0,1.0,1.0,1.0,1
3524006,SP,Sudeste,48.94,44.88,50.55,0,1.0,1.0,1.0,1.0,1
2904001,BA,Nordeste,48.96,45.05,50.69,0,1.0,1.0,1.0,1.0,1
3146305,MG,Sudeste,48.96,48.95,54.04,0,1.0,1.0,1.0,1.0,1
1504422,PA,Norte,48.97,57.34,61.1,0,1.0,1.0,1.0,1.0,1
1502301,PA,Norte,48.98,50.98,55.77,0,1.0,1.0,1.0,1.0,1
2922755,BA,Nordeste,48.98,50.34,55.22,0,1.0,1.0,1.0,1.0,1
3500550,SP,Sudeste,48.99,50.04,54.97,0,1.0,1.0,1.0,1.0,1
4302907,RS,Sul,49.0,50.76,55.58,0,1.0,1.0,1.0,1.0,1
3552809,SP,Sudeste,49.01,45.59,51.16,0,1.0,1.0,1.0,1.0,1
1706001,TO,Norte,49.04,48.18,53.39,0,1.0,1.0,1.0,1.0,1
4309902,RS,Sul,49.1,78.46,78.69,0,1.0,1.0,1.0,1.0,1
2207959,PI,Nordeste,49.11,48.03,53.26,0,1.0,1.0,1.0,1.0,1
5007406,MS,Centro-Oeste,49.11,47.3,52.63,0,1.0,1.0,1.0,1.0,1
3534401,SP,Sudeste,49.13,45.95,51.47,0,1.0,1.0,1.0,1.0,1
1600303,AP,Norte,49.14,43.33,49.2,0,1.0,1.0,1.0,0.0,1
3108255,MG,Sudeste,49.15,64.3,66.87,0,1.0,1.0,1.0,1.0,1
1301001,AM,Norte,49.19,47.38,52.7,0,1.0,1.0,1.0,1.0,1
3519600,SP,Sudeste,49.2,49.72,54.7,0,1.0,1.0,1.0,1.0,1
1300144,AM,Norte,49.25,56.79,60.64,0,1.0,1.0,1.0,1.0,1
1508407,PA,Norte,49.27,49.86,54.82,0,1.0,1.0,1.0,1.0,1
2512705,PB,Nordeste,49.27,58.76,62.28,0,1.0,1.0,1.0,1.0,1
3300803,RJ,Sudeste,49.28,50.58,55.43,0,1.0,1.0,1.0,1.0,1
2202505,PI,Nordeste,49.31,60.97,64.12,0,1.0,1.0,1.0,1.0,1
3139805,MG,Sudeste,49.4,54.82,59.0,0,1.0,1.0,1.0,1.0,1
4307807,RS,Sul,49.4,67.6,69.6,0,1.0,1.0,1.0,1.0,1
3513207,SP,Sudeste,49.46,49.97,54.91,0,1.0,1.0,1.0,1.0,1
1506302,PA,Norte,49.47,51.95,56.58,0,1.0,1.0,1.0,1.0,1
1505536,PA,Norte,49.49,54.32,58.58,0,1.0,1.0,1.0,1.0,1
1508001,PA,Norte,49.49,48.0,53.23,0,1.0,1.0,1.0,1.0,1
2502151,PB,Nordeste,49.49,68.57,70.41,0,1.0,1.0,1.0,1.0,1
3513009,SP,Sudeste,49.49,50.67,55.5,0,1.0,1.0,1.0,1.0,1
4313706,RS,Sul,49.5,48.72,53.85,0,1.0,1.0,1.0,1.0,1
2102606,MA,Nordeste,49.53,61.61,64.65,0,1.0,1.0,1.0,1.0,1
3525409,SP,Sudeste,49.55,45.2,50.82,0,1.0,1.0,1.0,1.0,1
4310108,RS,Sul,49.6,80.14,80.0,0,1.0,1.0,1.0,1.0,1
3133303,MG,Sudeste,49.62,49.69,54.67,0,1.0,1.0,1.0,1.0,1
1503507,PA,Norte,49.64,45.28,50.89,0,1.0,1.0,1.0,1.0,1
3305307,RJ,Sudeste,49.68,63.7,66.38,0,1.0,1.0,1.0,1.0,1
2112456,MA,Nordeste,49.69,56.43,60.34,0,1.0,1.0,1.0,1.0,1
4318499,RS,Sul,49.7,82.48,80.0,0,1.0,1.0,1.0,1.0,1
4319604,RS,Sul,49.7,82.29,80.0,0,1.0,1.0,1.0,1.0,1
4217709,SC,Sul,49.72,64.93,67.39,0,1.0,1.0,1.0,1.0,1
1703107,TO,Norte,49.74,59.45,62.85,0,1.0,1.0,1.0,1.0,1
2207553,PI,Nordeste,49.8,100.0,80.0,0,1.0,1.0,1.0,1.0,1
4105201,PR,Sul,49.89,54.77,58.95,0,1.0,1.0,1.0,1.0,1
2103505,MA,Nordeste,49.9,59.5,62.9,0,1.0,1.0,1.0,1.0,1
5218003,GO,Centro-Oeste,49.92,51.66,56.34,0,1.0,1.0,1.0,1.0,1
1506104,PA,Norte,49.94,48.96,54.05,0,1.0,1.0,1.0,1.0,1
3524105,SP,Sudeste,49.94,48.38,53.56,0,1.0,1.0,1.0,1.0,1
4114708,PR,Sul,49.96,64.7,67.2,0,1.0,1.0,1.0,1.0,1
2210979,PI,Nordeste,50.0,58.33,61.92,0,1.0,1.0,1.0,1.0,1
2904803,BA,Nordeste,50.0,48.46,53.62,0,1.0,1.0,1.0,1.0,1
2912301,BA,Nordeste,50.0,58.94,62.43,0,1.0,1.0,1.0,1.0,1
4304853,RS,Sul,50.0,54.55,58.77,0,1.0,1.0,1.0,1.0,1
4310363,RS,Sul,50.0,78.24,78.5,0,1.0,1.0,1.0,1.0,1
4314134,RS,Sul,50.0,62.5,65.38,0,1.0,1.0,1.0,1.0,1
4320321,RS,Sul,50.0,83.97,80.0,0,1.0,1.0,1.0,1.0,1
3544905,SP,Sudeste,50.04,58.46,62.03,0,1.0,1.0,1.0,1.0,1
3540705,SP,Sudeste,50.08,48.9,54.0,0,1.0,1.0,1.0,1.0,1
1302603,AM,Norte,50.13,52.2,56.8,0,1.0,1.0,1.0,1.0,1
2109551,MA,Nordeste,50.14,54.24,58.51,0,1.0,1.0,1.0,1.0,1
4314076,RS,Sul,50.2,88.54,80.0,0,1.0,1.0,1.0,1.0,1
4314506,RS,Sul,50.2,67.1,69.19,0,1.0,1.0,1.0,1.0,1
3549409,SP,Sudeste,50.24,45.54,51.12,0,1.0,1.0,1.0,1.0,1
3548906,SP,Sudeste,50.27,51.56,56.26,0,1.0,1.0,1.0,1.0,1
4303707,RS,Sul,50.3,91.99,80.0,0,1.0,1.0,1.0,1.0,1
4121000,PR,Sul,50.32,45.28,50.89,0,1.0,1.0,1.0,0.0,1
3549508,SP,Sudeste,50.38,47.63,52.91,0,1.0,1.0,1.0,1.0,1
4307302,RS,Sul,50.4,67.41,69.44,0,1.0,1.0,1.0,1.0,1
2611408,PE,Nordeste,50.41,77.53,77.9,0,1.0,1.0,1.0,1.0,1
2509305,PB,Nordeste,50.43,85.94,80.0,0,1.0,1.0,1.0,1.0,1
2708402,AL,Nordeste,50.43,49.03,54.11,0,1.0,1.0,1.0,1.0,1
3301900,RJ,Sudeste,50.45,51.3,56.04,0,1.0,1.0,1.0,1.0,1
2207801,PI,Nordeste,50.47,45.07,50.71,0,1.0,1.0,1.0,0.0,1
3516309,SP,Sudeste,50.49,50.64,55.48,0,1.0,1.0,1.0,1.0,1
3152808,MG,Sudeste,50.5,55.38,59.46,0,1.0,1.0,1.0,1.0,1
3305554,RJ,Sudeste,50.53,46.5,51.95,0,1.0,1.0,1.0,1.0,1
4119509,PR,Sul,50.54,58.33,61.92,0,1.0,1.0,1.0,1.0,1
2106755,MA,Nordeste,50.55,55.15,59.27,0,1.0,1.0,1.0,1.0,1
1502954,PA,Norte,50.59,52.88,57.37,0,1.0,1.0,1.0,1.0,1
2607604,PE,Nordeste,50.6,53.17,57.61,0,1.0,1.0,1.0,1.0,1
3520202,SP,Sudeste,50.61,61.45,64.51,0,1.0,1.0,1.0,1.0,1
3552403,SP,Sudeste,50.61,52.91,57.39,0,1.0,1.0,1.0,1.0,1
2509008,PB,Nordeste,50.66,91.08,80.0,0,1.0,1.0,1.0,1.0,1
2616407,PE,Nordeste,50.66,46.09,51.59,0,1.0,1.0,1.0,1.0,1
1504208,PA,Norte,50.68,51.46,56.17,0,1.0,1.0,1.0,1.0,1
2409209,RN,Nordeste,50.69,47.42,52.73,0,1.0,1.0,1.0,1.0,1
4320404,RS,Sul,50.7,83.22,80.0,0,1.0,1.0,1.0,1.0,1
2602902,PE,Nordeste,50.72,55.12,59.25,0,1.0,1.0,1.0,1.0,1
2703205,AL,Nordeste,50.74,47.93,53.17,0,1.0,1.0,1.0,1.0,1
4302105,RS,Sul,50.8,77.38,77.77,0,1.0,1.0,1.0,1.0,1
3525854,SP,Sudeste,50.81,76.39,76.93,0,1.0,1.0,1.0,1.0,1
1100205,RO,Norte,50.84,65.06,67.5,0,1.0,1.0,1.0,1.0,1
2103307,MA,Nordeste,50.85,46.94,52.32,0,1.0,1.0,1.0,1.0,1
2907558,BA,Nordeste,50.85,46.92,52.31,0,1.0,1.0,1.0,1.0,1
2609808,PE,Nordeste,50.86,45.91,51.44,0,1.0,1.0,1.0,0.0,1
3531704,SP,Sudeste,50.9,66.6,68.77,0,1.0,1.0,1.0,1.0,1
4306106,RS,Sul,50.9,57.42,61.17,0,1.0,1.0,1.0,1.0,1
4316451,RS,Sul,50.9,81.46,80.0,0,1.0,1.0,1.0,1.0,1
2503704,PB,Nordeste,50.91,51.68,56.36,0,1.0,1.0,1.0,1.0,1
3556602,SP,Sudeste,50.96,62.72,65.56,0,1.0,1.0,1.0,1.0,1
2407807,RN,Nordeste,50.97,59.18,62.63,0,1.0,1.0,1.0,1.0,1
1303304,AM,Norte,50.99,83.98,80.0,0,1.0,1.0,1.0,1.0,1
1503903,PA,Norte,51.0,49.15,54.21,0,1.0,1.0,1.0,1.0,1
2901007,BA,Nordeste,51.0,51.07,55.84,0,1.0,1.0,1.0,1.0,1
2203503,PI,Nordeste,51.08,50.09,55.01,0,1.0,1.0,1.0,1.0,1
4308102,RS,Sul,51.1,72.78,73.9,0,1.0,1.0,1.0,1.0,1
5103700,MT,Centro-Oeste,51.15,65.18,67.6,0,1.0,1.0,1.0,1.0,1
4202057,SC,Sul,51.19,60.27,63.53,0,1.0,1.0,1.0,1.0,1
3303302,RJ,Sudeste,51.2,51.92,56.56,0,1.0,1.0,1.0,1.0,1
4313904,RS,Sul,51.2,75.28,76.0,0,1.0,1.0,1.0,1.0,1
4321808,RS,Sul,51.2,79.03,79.17,0,1.0,1.0,1.0,1.0,1
5106653,MT,Centro-Oeste,51.2,69.67,71.32,0,1.0,1.0,1.0,1.0,1
3555000,SP,Sudeste,51.23,50.17,55.08,0,1.0,1.0,1.0,1.0,1
2107308,MA,Nordeste,51.24,77.43,77.81,0,1.0,1.0,1.0,1.0,1
3541000,SP,Sudeste,51.25,50.73,55.55,0,1.0,1.0,1.0,1.0,1
5102504,MT,Centro-Oeste,51.27,47.53,52.83,0,1.0,1.0,1.0,1.0,1
1506807,PA,Norte,51.29,54.92,59.08,0,1.0,1.0,1.0,1.0,1
4305355,RS,Sul,51.3,63.76,66.43,0,1.0,1.0,1.0,1.0,1
5007554,MS,Centro-Oeste,51.3,48.28,53.47,0,1.0,1.0,1.0,1.0,1
3511607,SP,Sudeste,51.32,55.7,59.73,0,1.0,1.0,1.0,1.0,1
1303403,AM,Norte,51.36,51.88,56.53,0,1.0,1.0,1.0,1.0,1
4116000,PR,Sul,51.38,77.05,77.49,0,1.0,1.0,1.0,1.0,1
3306008,RJ,Sudeste,51.43,53.49,57.88,0,1.0,1.0,1.0,1.0,1
3505609,SP,Sudeste,51.43,55.45,59.52,0,1.0,1.0,1.0,1.0,1
2100436,MA,Nordeste,51.5,70.23,71.78,0,1.0,1.0,1.0,1.0,1
5105234,MT,Centro-Oeste,51.5,87.13,80.0,0,1.0,1.0,1.0,1.0,1
3550605,SP,Sudeste,51.51,52.32,56.9,0,1.0,1.0,1.0,1.0,1
2925204,BA,Nordeste,51.55,60.54,63.76,0,1.0,1.0,1.0,1.0,1
2511905,PB,Nordeste,51.59,75.96,76.57,0,1.0,1.0,1.0,1.0,1
2205706,PI,Nordeste,51.6,62.07,65.03,0,1.0,1.0,1.0,1.0,1
2502805,PB,Nordeste,51.6,53.57,57.95,0,1.0,1.0,1.0,1.0,1
4322533,RS,Sul,51.6,86.11,80.0,0,1.0,1.0,1.0,1.0,1
1501907,PA,Norte,51.61,51.4,56.12,0,1.0,1.0,1.0,1.0,1
3128600,MG,Sudeste,51.62,79.05,79.19,0,1.0,1.0,1.0,1.0,1
1100809,RO,Norte,51.63,48.96,54.05,0,1.0,1.0,1.0,1.0,1
2404903,RN,Nordeste,51.63,52.94,57.42,0,1.0,1.0,1.0,1.0,1
2209377,PI,Nordeste,51.64,61.02,64.16,0,1.0,1.0,1.0,1.0,1
3537008,SP,Sudeste,51.67,60.85,64.02,0,1.0,1.0,1.0,1.0,1
1505007,PA,Norte,51.68,50.32,55.21,0,1.0,1.0,1.0,1.0,1
2908101,BA,Nordeste,51.69,48.62,53.76,0,1.0,1.0,1.0,1.0,1
4304507,RS,Sul,51.7,79.7,79.74,0,1.0,1.0,1.0,1.0,1
4312302,RS,Sul,51.7,78.98,79.13,0,1.0,1.0,1.0,1.0,1
1708254,TO,Norte,51.71,48.93,54.03,0,1.0,1.0,1.0,1.0,1
2403707,RN,Nordeste,51.71,54.36,58.61,0,1.0,1.0,1.0,1.0,1
3539806,SP,Sudeste,51.72,54.46,58.69,0,1.0,1.0,1.0,1.0,1
1707652,TO,Norte,51.74,62.36,65.27,0,1.0,1.0,1.0,1.0,1
4109906,PR,Sul,51.76,73.26,74.31,0,1.0,1.0,1.0,1.0,1
1503002,PA,Norte,51.79,51.05,55.82,0,1.0,1.0,1.0,1.0,1
4312906,RS,Sul,51.8,77.91,78.22,0,1.0,1.0,1.0,1.0,1
1304104,AM,Norte,51.81,49.27,54.31,0,1.0,1.0,1.0,1.0,1
1501576,PA,Norte,51.82,58.11,61.74,0,1.0,1.0,1.0,1.0,1
2207793,PI,Nordeste,51.85,100.0,80.0,0,1.0,1.0,1.0,1.0,1
3522158,SP,Sudeste,51.85,60.87,64.03,0,1.0,1.0,1.0,1.0,1
4308052,RS,Sul,51.9,78.18,78.45,0,1.0,1.0,1.0,1.0,1
3303708,RJ,Sudeste,51.96,49.95,54.89,0,1.0,1.0,1.0,1.0,1
2100501,MA,Nordeste,51.99,46.76,52.17,0,1.0,1.0,1.0,0.0,1
3301108,RJ,Sudeste,52.0,55.75,59.77,0,1.0,1.0,1.0,1.0,1
1501956,PA,Norte,52.04,47.73,53.0,0,1.0,1.0,1.0,1.0,1
2601102,PE,Nordeste,52.06,56.89,60.73,0,1.0,1.0,1.0,1.0,1
3551801,SP,Sudeste,52.1,66.79,68.93,0,1.0,1.0,1.0,1.0,1
3111408,MG,Sudeste,52.14,75.96,76.57,0,1.0,1.0,1.0,1.0,1
2206720,PI,Nordeste,52.15,77.65,78.0,0,1.0,1.0,1.0,1.0,1
4115101,PR,Sul,52.21,62.44,65.33,0,1.0,1.0,1.0,1.0,1
4305975,RS,Sul,52.3,63.41,66.14,0,1.0,1.0,1.0,1.0,1
4308904,RS,Sul,52.3,73.54,74.54,0,1.0,1.0,1.0,1.0,1
4313201,RS,Sul,52.3,91.67,80.0,0,1.0,1.0,1.0,1.0,1
1506401,PA,Norte,52.31,49.87,54.82,0,1.0,1.0,1.0,1.0,1
4111258,PR,Sul,52.37,56.44,60.35,0,1.0,1.0,1.0,1.0,1
1705102,TO,Norte,52.38,49.01,54.09,0,1.0,1.0,1.0,1.0,1
2910206,BA,Nordeste,52.38,85.87,80.0,0,1.0,1.0,1.0,1.0,1
3125804,MG,Sudeste,52.38,63.45,66.17,0,1.0,1.0,1.0,1.0,1
2514305,PB,Nordeste,52.39,48.19,53.39,0,1.0,1.0,1.0,1.0,1
5103106,MT,Centro-Oeste,52.39,78.71,78.9,0,1.0,1.0,1.0,1.0,1
2807204,SE,Nordeste,52.4,47.06,52.43,0,1.0,1.0,1.0,0.0,1
1507904,PA,Norte,52.41,62.77,65.61,0,1.0,1.0,1.0,1.0,1
3113305,MG,Sudeste,52.42,50.83,55.64,0,1.0,1.0,1.0,1.0,1
3170305,MG,Sudeste,52.43,63.7,66.38,0,1.0,1.0,1.0,1.0,1
3552205,SP,Sudeste,52.43,47.9,53.15,0,1.0,1.0,1.0,1.0,1
5100508,MT,Centro-Oeste,52.43,67.56,69.57,0,1.0,1.0,1.0,1.0,1
2909000,BA,Nordeste,52.46,69.32,71.03,0,1.0,1.0,1.0,1.0,1
3504503,SP,Sudeste,52.47,57.49,61.23,0,1.0,1.0,1.0,1.0,1
2503407,PB,Nordeste,52.5,63.89,66.53,0,1.0,1.0,1.0,1.0,1
4300034,RS,Sul,52.5,69.95,71.55,0,1.0,1.0,1.0,1.0,1
2400703,RN,Nordeste,52.52,48.41,53.58,0,1.0,1.0,1.0,1.0,1
5105606,MT,Centro-Oeste,52.57,65.6,67.95,0,1.0,1.0,1.0,1.0,1
4314027,RS,Sul,52.6,82.26,80.0,0,1.0,1.0,1.0,1.0,1
2500106,PB,Nordeste,52.67,47.63,52.91,0,1.0,1.0,1.0,0.0,1
4211058,SC,Sul,52.67,63.76,66.43,0,1.0,1.0,1.0,1.0,1
4322301,RS,Sul,52.7,88.1,80.0,0,1.0,1.0,1.0,1.0,1
4219101,SC,Sul,52.72,80.87,80.0,0,1.0,1.0,1.0,1.0,1
5107198,MT,Centro-Oeste,52.72,48.96,54.05,0,1.0,1.0,1.0,1.0,1
3163003,MG,Sudeste,52.73,72.52,73.69,0,1.0,1.0,1.0,1.0,1
1500800,PA,Norte,52.74,59.04,62.51,0,1.0,1.0,1.0,1.0,1
3548500,SP,Sudeste,52.77,55.93,59.92,0,1.0,1.0,1.0,1.0,1
3153004,MG,Sudeste,52.8,85.44,80.0,0,1.0,1.0,1.0,1.0,1
1707207,TO,Norte,52.81,48.67,53.8,0,1.0,1.0,1.0,1.0,1
5212956,GO,Centro-Oeste,52.82,59.71,63.07,0,1.0,1.0,1.0,1.0,1
3556909,SP,Sudeste,52.86,81.39,80.0,0,1.0,1.0,1.0,1.0,1
2609154,PE,Nordeste,52.89,56.89,60.73,0,1.0,1.0,1.0,1.0,1
4315107,RS,Sul,52.9,71.76,73.05,0,1.0,1.0,1.0,1.0,1
4323358,RS,Sul,52.9,71.21,72.6,0,1.0,1.0,1.0,1.0,1
3547403,SP,Sudeste,52.94,60.37,63.62,0,1.0,1.0,1.0,1.0,1
4306452,RS,Sul,53.0,91.2,80.0,0,1.0,1.0,1.0,1.0,1
4317707,RS,Sul,53.0,73.47,74.48,0,1.0,1.0,1.0,1.0,1
2601409,PE,Nordeste,53.05,61.78,64.79,0,1.0,1.0,1.0,1.0,1
5007307,MS,Centro-Oeste,53.05,53.09,57.54,0,1.0,1.0,1.0,1.0,1
2403202,RN,Nordeste,53.06,53.88,58.21,0,1.0,1.0,1.0,1.0,1
5007703,MS,Centro-Oeste,53.09,54.25,58.52,0,1.0,1.0,1.0,1.0,1
2500502,PB,Nordeste,53.1,57.29,61.06,0,1.0,1.0,1.0,1.0,1
4313607,RS,Sul,53.1,78.96,79.11,0,1.0,1.0,1.0,1.0,1
1505437,PA,Norte,53.11,48.68,53.81,0,1.0,1.0,1.0,1.0,1
2612554,PE,Nordeste,53.14,58.92,62.41,0,1.0,1.0,1.0,1.0,1
3509205,SP,Sudeste,53.17,50.91,55.71,0,1.0,1.0,1.0,1.0,1
3523206,SP,Sudeste,53.17,55.9,59.9,0,1.0,1.0,1.0,1.0,1
4304200,RS,Sul,53.2,75.36,76.07,0,1.0,1.0,1.0,1.0,1
4306809,RS,Sul,53.2,80.77,80.0,0,1.0,1.0,1.0,1.0,1
3556503,SP,Sudeste,53.24,48.73,53.85,0,1.0,1.0,1.0,0.0,1
3534906,SP,Sudeste,53.27,64.61,67.13,0,1.0,1.0,1.0,1.0,1
4103057,PR,Sul,53.35,72.39,73.58,0,1.0,1.0,1.0,1.0,1
2112803,MA,Nordeste,53.36,58.28,61.88,0,1.0,1.0,1.0,1.0,1
2203909,PI,Nordeste,53.36,49.16,54.22,0,1.0,1.0,1.0,1.0,1
3507605,SP,Sudeste,53.36,52.01,56.64,0,1.0,1.0,1.0,1.0,1
3542909,SP,Sudeste,53.4,79.24,79.35,0,1.0,1.0,1.0,1.0,1
4311106,RS,Sul,53.4,64.9,67.37,0,1.0,1.0,1.0,1.0,1
3507456,SP,Sudeste,53.42,61.11,64.23,0,1.0,1.0,1.0,1.0,1
4204806,SC,Sul,53.48,48.56,53.71,0,1.0,1.0,1.0,0.0,1
3517406,SP,Sudeste,53.49,54.86,59.03,0,1.0,1.0,1.0,1.0,1
4301651,RS,Sul,53.5,86.39,80.0,0,1.0,1.0,1.0,1.0,1
4321667,RS,Sul,53.5,87.85,80.0,0,1.0,1.0,1.0,1.0,1
4217600,SC,Sul,53.57,61.68,64.7,0,1.0,1.0,1.0,1.0,1
4306379,RS,Sul,53.6,67.29,69.35,0,1.0,1.0,1.0,1.0,1
4312609,RS,Sul,53.6,50.88,55.68,0,1.0,1.0,1.0,1.0,1
2111789,MA,Nordeste,53.62,67.99,69.93,0,1.0,1.0,1.0,1.0,1
3534708,SP,Sudeste,53.67,50.37,55.25,0,1.0,1.0,1.0,1.0,1
3501152,SP,Sudeste,53.68,48.56,53.71,0,1.0,0.0,1.0,0.0,1
4316105,RS,Sul,53.7,75.29,76.01,0,1.0,1.0,1.0,1.0,1
2101251,MA,Nordeste,53.73,51.49,56.2,0,1.0,1.0,1.0,1.0,1
5008404,MS,Centro-Oeste,53.73,65.38,67.77,0,1.0,1.0,1.0,1.0,1
4308508,RS,Sul,53.8,63.23,65.99,0,1.0,1.0,1.0,1.0,1
3519907,SP,Sudeste,53.84,51.77,56.43,0,1.0,1.0,1.0,1.0,1
4212809,SC,Sul,53.84,61.5,64.55,0,1.0,1.0,1.0,1.0,1
3542800,SP,Sudeste,53.85,62.9,65.71,0,1.0,1.0,1.0,1.0,1
4301958,RS,Sul,53.9,68.75,70.55,0,1.0,1.0,1.0,1.0,1
5200258,GO,Centro-Oeste,53.9,48.9,54.0,0,1.0,1.0,1.0,0.0,1
3507100,SP,Sudeste,53.92,69.87,71.48,0,1.0,1.0,1.0,1.0,1
3554003,SP,Sudeste,53.92,51.1,55.87,0,1.0,1.0,1.0,1.0,1
4305207,RS,Sul,54.0,75.07,75.82,0,1.0,1.0,1.0,1.0,1
4314035,RS,Sul,54.0,73.01,74.1,0,1.0,1.0,1.0,1.0,1
2202406,PI,Nordeste,54.01,53.68,58.04,0,1.0,1.0,1.0,1.0,1
3546603,SP,Sudeste,54.03,59.21,62.66,0,1.0,1.0,1.0,1.0,1
3502754,SP,Sudeste,54.04,50.13,55.05,0,1.0,1.0,1.0,1.0,1
2513406,PB,Nordeste,54.05,54.82,59.0,0,1.0,1.0,1.0,1.0,1
4314704,RS,Sul,54.1,72.47,73.65,0,1.0,1.0,1.0,1.0,1
2509800,PB,Nordeste,54.12,56.27,60.21,0,1.0,1.0,1.0,1.0,1
3511904,SP,Sudeste,54.12,51.06,55.83,0,1.0,1.0,1.0,1.0,1
3530102,SP,Sudeste,54.13,53.42,57.82,0,1.0,1.0,1.0,1.0,1
2515401,PB,Nordeste,54.16,55.88,59.88,0,1.0,1.0,1.0,1.0,1
3548708,SP,Sudeste,54.16,55.57,59.62,0,1.0,1.0,1.0,1.0,1
3551702,SP,Sudeste,54.16,53.71,58.07,0,1.0,1.0,1.0,1.0,1
2110237,MA,Nordeste,54.17,85.85,80.0,0,1.0,1.0,1.0,1.0,1
3523503,SP,Sudeste,54.18,61.7,64.72,0,1.0,1.0,1.0,1.0,1
4311239,RS,Sul,54.2,70.83,72.28,0,1.0,1.0,1.0,1.0,1
4316758,RS,Sul,54.2,91.08,80.0,0,1.0,1.0,1.0,1.0,1
2916856,BA,Nordeste,54.22,51.6,56.29,0,1.0,1.0,1.0,1.0,1
5104104,MT,Centro-Oeste,54.22,60.81,63.98,0,1.0,1.0,1.0,1.0,1
3507803,SP,Sudeste,54.27,53.67,58.03,0,1.0,1.0,1.0,1.0,1
4117602,PR,Sul,54.27,55.66,59.7,0,1.0,1.0,1.0,1.0,1
3516804,SP,Sudeste,54.3,53.13,57.58,0,1.0,1.0,1.0,1.0,1
4304689,RS,Sul,54.3,67.66,69.65,0,1.0,1.0,1.0,1.0,1
5107909,MT,Centro-Oeste,54.33,57.03,60.84,0,1.0,1.0,1.0,1.0,1
2515500,PB,Nordeste,54.35,57.57,61.29,0,1.0,1.0,1.0,1.0,1
2611606,PE,Nordeste,54.36,62.39,65.29,0,1.0,1.0,1.0,1.0,1
4308607,RS,Sul,54.4,74.4,75.26,0,1.0,1.0,1.0,1.0,1
3503802,SP,Sudeste,54.41,50.11,55.03,0,1.0,1.0,1.0,0.0,1
4206801,SC,Sul,54.41,75.69,76.34,0,1.0,1.0,1.0,1.0,1
2703007,AL,Nordeste,54.43,93.46,80.0,0,1.0,1.0,1.0,1.0,1
4124004,PR,Sul,54.43,78.27,78.52,0,1.0,1.0,1.0,1.0,1
3305752,RJ,Sudeste,54.46,55.41,59.49,0,1.0,1.0,1.0,1.0,1
2613206,PE,Nordeste,54.47,60.81,63.98,0,1.0,1.0,1.0,1.0,1
2202208,PI,Nordeste,54.48,52.24,56.83,0,1.0,1.0,1.0,1.0,1
3543907,SP,Sudeste,54.52,50.27,55.16,0,1.0,1.0,1.0,0.0,1
2203859,PI,Nordeste,54.55,100.0,80.0,0,1.0,1.0,1.0,1.0,1
2513968,PB,Nordeste,54.55,83.33,80.0,0,1.0,1.0,1.0,1.0,1
3153202,MG,Sudeste,54.55,80.9,80.0,0,1.0,1.0,1.0,1.0,1
4211876,SC,Sul,54.55,70.83,72.28,0,1.0,1.0,1.0,1.0,1
3516002,SP,Sudeste,54.56,82.92,80.0,0,1.0,1.0,1.0,1.0,1
4311304,RS,Sul,54.6,61.02,64.16,0,1.0,1.0,1.0,1.0,1
2107803,MA,Nordeste,54.65,90.73,80.0,0,1.0,1.0,1.0,1.0,1
4220000,SC,Sul,54.65,50.34,55.22,0,1.0,1.0,1.0,0.0,1
1301654,AM,Norte,54.66,61.86,64.85,0,1.0,1.0,1.0,1.0,1
1506195,PA,Norte,54.76,57.97,61.62,0,1.0,1.0,1.0,1.0,1
3524600,SP,Sudeste,54.8,63.85,66.5,0,1.0,1.0,1.0,1.0,1
2208874,PI,Nordeste,54.84,57.75,61.44,0,1.0,1.0,1.0,1.0,1
5215207,GO,Centro-Oeste,54.84,84.09,80.0,0,1.0,1.0,1.0,1.0,1
5104906,MT,Centro-Oeste,54.87,55.89,59.89,0,1.0,1.0,1.0,1.0,1
1500131,PA,Norte,54.88,59.81,63.15,0,1.0,1.0,1.0,1.0,1
4102802,PR,Sul,54.88,61.05,64.18,0,1.0,1.0,1.0,1.0,1
3525300,SP,Sudeste,54.89,59.77,63.12,0,1.0,1.0,1.0,1.0,1
2205805,PI,Nordeste,54.9,51.73,56.4,0,1.0,1.0,1.0,1.0,1
3522208,SP,Sudeste,54.9,53.35,57.76,0,1.0,1.0,1.0,1.0,1
2102358,MA,Nordeste,54.91,61.37,64.45,0,1.0,1.0,1.0,1.0,1
4113601,PR,Sul,54.92,61.87,64.86,0,1.0,1.0,1.0,1.0,1
2208007,PI,Nordeste,54.93,52.95,57.43,0,1.0,1.0,1.0,1.0,1
2501500,PB,Nordeste,54.93,51.04,55.82,0,1.0,1.0,1.0,1.0,1
3525706,SP,Sudeste,54.93,55.78,59.8,0,1.0,1.0,1.0,1.0,1
3527702,SP,Sudeste,54.95,54.64,58.85,0,1.0,1.0,1.0,1.0,1
3520905,SP,Sudeste,54.96,55.77,59.79,0,1.0,1.0,1.0,1.0,1
2607901,PE,Nordeste,54.98,57.25,61.03,0,1.0,1.0,1.0,1.0,1
3509403,SP,Sudeste,54.99,71.78,73.07,0,1.0,1.0,1.0,1.0,1
2201804,PI,Nordeste,55.0,90.77,80.0,0,1.0,1.0,1.0,1.0,1
4300851,RS,Sul,55.0,57.54,61.27,0,1.0,1.0,1.0,1.0,1
4124103,PR,Sul,55.04,60.4,63.64,0,1.0,1.0,1.0,1.0,1
3519071,SP,Sudeste,55.05,58.0,61.65,0,1.0,1.0,1.0,1.0,1
3300704,RJ,Sudeste,55.08,54.58,58.8,0,1.0,1.0,1.0,1.0,1
3538709,SP,Sudeste,55.08,54.74,58.93,0,1.0,1.0,1.0,1.0,1
3101508,MG,Sudeste,55.1,68.94,70.71,0,1.0,1.0,1.0,1.0,1
4300059,RS,Sul,55.1,64.61,67.13,0,1.0,1.0,1.0,1.0,1
4322251,RS,Sul,55.1,81.98,80.0,0,1.0,1.0,1.0,1.0,1
2111102,MA,Nordeste,55.16,53.56,57.94,0,1.0,1.0,1.0,1.0,1
3132305,MG,Sudeste,55.18,57.48,61.22,0,1.0,1.0,1.0,1.0,1
3526100,SP,Sudeste,55.18,54.87,59.04,0,1.0,1.0,1.0,1.0,1
3542701,SP,Sudeste,55.18,70.28,71.82,0,1.0,1.0,1.0,1.0,1
4128807,PR,Sul,55.19,73.84,74.79,0,1.0,1.0,1.0,1.0,1
4308433,RS,Sul,55.2,60.8,63.97,0,1.0,1.0,1.0,1.0,1
4311734,RS,Sul,55.2,66.23,68.47,0,1.0,1.0,1.0,1.0,1
2605301,PE,Nordeste,55.21,56.65,60.53,0,1.0,1.0,1.0,1.0,1
2200277,PI,Nordeste,55.26,53.89,58.22,0,1.0,1.0,1.0,1.0,1
3525805,SP,Sudeste,55.26,66.76,68.91,0,1.0,1.0,1.0,1.0,1
5104807,MT,Centro-Oeste,55.26,57.01,60.83,0,1.0,1.0,1.0,1.0,1
2107001,MA,Nordeste,55.27,71.31,72.68,0,1.0,1.0,1.0,1.0,1
2600906,PE,Nordeste,55.29,68.74,70.55,0,1.0,1.0,1.0,1.0,1
3100708,MG,Sudeste,55.3,96.84,80.0,0,1.0,1.0,1.0,1.0,1
4302352,RS,Sul,55.3,73.71,74.68,0,1.0,1.0,1.0,1.0,1
4309100,RS,Sul,55.3,79.08,79.21,0,1.0,1.0,1.0,1.0,1
2111631,MA,Nordeste,55.35,56.29,60.22,0,1.0,1.0,1.0,1.0,1
2933455,BA,Nordeste,55.37,54.03,58.33,0,1.0,1.0,1.0,1.0,1
3531506,SP,Sudeste,55.38,72.91,74.01,0,1.0,1.0,1.0,1.0,1
4112900,PR,Sul,55.42,56.84,60.68,0,1.0,1.0,1.0,1.0,1
3507159,SP,Sudeste,55.46,56.32,60.25,0,1.0,1.0,1.0,1.0,1
4202537,SC,Sul,55.49,64.67,67.18,0,1.0,1.0,1.0,1.0,1
2602803,PE,Nordeste,55.5,52.54,57.08,0,1.0,1.0,1.0,1.0,1
4108502,PR,Sul,55.52,79.05,79.19,0,1.0,1.0,1.0,1.0,1
2610707,PE,Nordeste,55.54,51.23,55.98,0,1.0,1.0,1.0,0.0,1
3512209,SP,Sudeste,55.54,53.98,58.29,0,1.0,1.0,1.0,1.0,1
1720937,TO,Norte,55.56,55.85,59.86,0,1.0,1.0,1.0,1.0,1
2505279,PB,Nordeste,55.56,57.14,60.93,0,1.0,1.0,1.0,1.0,1
2512788,PB,Nordeste,55.56,78.57,78.78,0,1.0,1.0,1.0,1.0,1
3136801,MG,Sudeste,55.56,63.23,65.99,0,1.0,1.0,1.0,1.0,1
3301801,RJ,Sudeste,55.56,63.0,65.8,0,1.0,1.0,1.0,1.0,1
2600401,PE,Nordeste,55.57,61.14,64.26,0,1.0,1.0,1.0,1.0,1
4300455,RS,Sul,55.6,100.0,80.0,0,1.0,1.0,1.0,1.0,1
4303558,RS,Sul,55.6,80.0,80.0,0,1.0,1.0,1.0,1.0,1
4322343,RS,Sul,55.6,100.0,80.0,0,1.0,1.0,1.0,1.0,1
3554953,SP,Sudeste,55.64,65.71,68.04,0,1.0,1.0,1.0,1.0,1
2209302,PI,Nordeste,55.68,100.0,80.0,0,1.0,1.0,1.0,1.0,1
3505906,SP,Sudeste,55.68,60.92,64.07,0,1.0,1.0,1.0,1.0,1
4310009,RS,Sul,55.7,59.96,63.28,0,1.0,1.0,1.0,1.0,1
2209401,PI,Nordeste,55.71,61.21,64.31,0,1.0,1.0,1.0,1.0,1
4214003,SC,Sul,55.72,62.2,65.13,0,1.0,1.0,1.0,1.0,1
3511300,SP,Sudeste,55.73,72.92,74.02,0,1.0,1.0,1.0,1.0,1
3305208,RJ,Sudeste,55.74,56.22,60.17,0,1.0,1.0,1.0,1.0,1
3113701,MG,Sudeste,55.83,56.45,60.36,0,1.0,1.0,1.0,1.0,1
3518404,SP,Sudeste,55.83,56.82,60.67,0,1.0,1.0,1.0,1.0,1
3306107,RJ,Sudeste,55.84,58.36,61.95,0,1.0,1.0,1.0,1.0,1
2205854,PI,Nordeste,55.88,62.05,65.01,0,1.0,1.0,1.0,1.0,1
4314175,RS,Sul,55.9,64.71,67.21,0,1.0,1.0,1.0,1.0,1
2612505,PE,Nordeste,55.94,52.81,57.31,0,1.0,1.0,1.0,1.0,1
3530409,SP,Sudeste,55.96,59.21,62.66,0,1.0,1.0,1.0,1.0,1
3526209,SP,Sudeste,55.99,60.14,63.43,0,1.0,1.0,1.0,1.0,1
4115903,PR,Sul,56.0,70.36,71.89,0,1.0,1.0,1.0,1.0,1
3507902,SP,Sudeste,56.01,61.91,64.89,0,1.0,1.0,1.0,1.0,1
2511707,PB,Nordeste,56.06,98.55,80.0,0,1.0,1.0,1.0,1.0,1
1705557,TO,Norte,56.14,62.09,65.04,0,1.0,1.0,1.0,1.0,1
3140100,MG,Sudeste,56.14,63.09,65.87,0,1.0,1.0,1.0,1.0,1
3152006,MG,Sudeste,56.14,65.2,67.62,0,1.0,1.0,1.0,1.0,1
3515194,SP,Sudeste,56.14,58.56,62.12,0,1.0,1.0,1.0,1.0,1
4105003,PR,Sul,56.16,66.05,68.32,0,1.0,1.0,1.0,1.0,1
3522406,SP,Sudeste,56.2,53.35,57.76,0,1.0,1.0,1.0,1.0,1
5000906,MS,Centro-Oeste,56.2,54.07,58.37,0,1.0,1.0,1.0,1.0,1
3137106,MG,Sudeste,56.25,91.73,80.0,0,1.0,1.0,1.0,1.0,1
4204202,SC,Sul,56.25,56.22,60.17,0,1.0,1.0,1.0,1.0,1
4210050,SC,Sul,56.25,80.0,80.0,0,1.0,1.0,1.0,1.0,1
5005103,MS,Centro-Oeste,56.25,66.67,68.83,0,1.0,1.0,1.0,1.0,1
3514908,SP,Sudeste,56.28,55.13,59.26,0,1.0,1.0,1.0,1.0,1
3508207,SP,Sudeste,56.29,96.13,80.0,0,1.0,1.0,1.0,1.0,1
4218350,SC,Sul,56.3,68.59,70.42,0,1.0,1.0,1.0,1.0,1
4315149,RS,Sul,56.3,87.03,80.0,0,1.0,1.0,1.0,1.0,1
4323200,RS,Sul,56.3,88.92,80.0,0,1.0,1.0,1.0,1.0,1
5107701,MT,Centro-Oeste,56.37,53.65,58.02,0,1.0,1.0,1.0,1.0,1
4301800,RS,Sul,56.4,73.34,74.37,0,1.0,1.0,1.0,1.0,1
4303509,RS,Sul,56.4,58.61,62.16,0,1.0,1.0,1.0,1.0,1
5003751,MS,Centro-Oeste,56.45,75.4,76.1,0,1.0,1.0,1.0,1.0,1
3512902,SP,Sudeste,56.46,94.57,80.0,0,1.0,1.0,1.0,1.0,1
2924702,BA,Nordeste,56.47,64.26,66.84,0,1.0,1.0,1.0,1.0,1
3541059,SP,Sudeste,56.48,56.06,60.03,0,1.0,1.0,1.0,1.0,1
3547809,SP,Sudeste,56.5,52.84,57.33,0,1.0,1.0,1.0,1.0,1
3536109,SP,Sudeste,56.51,57.74,61.43,0,1.0,1.0,1.0,1.0,1
2918704,BA,Nordeste,56.52,67.65,69.64,0,1.0,1.0,1.0,1.0,1
2110203,MA,Nordeste,56.53,59.53,62.92,0,1.0,1.0,1.0,1.0,1
4204558,SC,Sul,56.53,59.62,63.0,0,1.0,1.0,1.0,1.0,1
4126256,PR,Sul,56.55,57.98,61.63,0,1.0,1.0,1.0,1.0,1
2111201,MA,Nordeste,56.58,62.27,65.19,0,1.0,1.0,1.0,1.0,1
3531209,SP,Sudeste,56.59,55.12,59.25,0,1.0,1.0,1.0,1.0,1
3503109,SP,Sudeste,56.61,54.21,58.49,0,1.0,1.0,1.0,1.0,1
2614105,PE,Nordeste,56.65,59.14,62.6,0,1.0,1.0,1.0,1.0,1
2704005,AL,Nordeste,56.66,53.3,57.72,0,1.0,1.0,1.0,1.0,1
3553807,SP,Sudeste,56.67,52.53,57.07,0,1.0,1.0,1.0,0.0,1
1716505,TO,Norte,56.7,53.06,57.52,0,1.0,1.0,1.0,1.0,1
4307906,RS,Sul,56.7,83.04,80.0,0,1.0,1.0,1.0,1.0,1
1505502,PA,Norte,56.72,62.45,65.34,0,1.0,1.0,1.0,1.0,1
3142809,MG,Sudeste,56.72,74.78,75.58,0,1.0,1.0,1.0,1.0,1
1505031,PA,Norte,56.8,61.43,64.5,0,1.0,1.0,1.0,1.0,1
2616209,PE,Nordeste,56.85,55.05,59.19,0,1.0,1.0,1.0,1.0,1
4211009,SC,Sul,56.85,68.6,70.43,0,1.0,1.0,1.0,1.0,1
2917409,BA,Nordeste,56.86,63.77,66.43,0,1.0,1.0,1.0,1.0,1
3302809,RJ,Sudeste,56.89,58.36,61.95,0,1.0,1.0,1.0,1.0,1
3524907,SP,Sudeste,56.89,58.85,62.36,0,1.0,1.0,1.0,1.0,1
4202081,SC,Sul,56.89,70.12,71.69,0,1.0,1.0,1.0,1.0,1
4300109,RS,Sul,56.9,56.12,60.08,0,1.0,1.0,1.0,1.0,1
4306403,RS,Sul,56.9,78.45,78.68,0,1.0,1.0,1.0,1.0,1
4310801,RS,Sul,56.9,77.4,77.79,0,1.0,1.0,1.0,1.0,1
3303104,RJ,Sudeste,56.91,60.3,63.56,0,1.0,1.0,1.0,1.0,1
2921005,BA,Nordeste,56.92,54.01,58.32,0,1.0,1.0,1.0,1.0,1
4121356,PR,Sul,56.92,78.04,78.33,0,1.0,1.0,1.0,1.0,1
3503505,SP,Sudeste,56.95,59.5,62.9,0,1.0,1.0,1.0,1.0,1
2609501,PE,Nordeste,56.96,54.74,58.93,0,1.0,1.0,1.0,1.0,1
1721000,TO,Norte,56.97,58.66,62.2,0,1.0,1.0,1.0,1.0,1
4321907,RS,Sul,57.0,82.86,80.0,0,1.0,1.0,1.0,1.0,1
4322806,RS,Sul,57.0,77.14,77.57,0,1.0,1.0,1.0,1.0,1
1303205,AM,Norte,57.09,75.88,76.5,0,1.0,1.0,1.0,1.0,1
3103603,MG,Sudeste,57.09,75.0,75.76,0,1.0,1.0,1.0,1.0,1
3507506,SP,Sudeste,57.09,59.1,62.56,0,1.0,1.0,1.0,1.0,1
1303007,AM,Norte,57.1,64.67,67.18,0,1.0,1.0,1.0,1.0,1
4306551,RS,Sul,57.1,95.45,80.0,0,1.0,1.0,1.0,1.0,1
4314423,RS,Sul,57.1,85.93,80.0,0,1.0,1.0,1.0,1.0,1
3205002,ES,Sudeste,57.12,59.07,62.54,0,1.0,1.0,1.0,1.0,1
1720002,TO,Norte,57.14,56.06,60.03,0,1.0,1.0,1.0,1.0,1
3118403,MG,Sudeste,57.14,66.9,69.02,0,1.0,1.0,1.0,1.0,1
3518008,SP,Sudeste,57.14,94.12,80.0,0,1.0,1.0,1.0,1.0,1
2515104,PB,Nordeste,57.17,64.39,66.95,0,1.0,1.0,1.0,1.0,1
1505635,PA,Norte,57.18,58.29,61.89,0,1.0,1.0,1.0,1.0,1
4109500,PR,Sul,57.18,70.13,71.7,0,1.0,1.0,1.0,1.0,1
4300638,RS,Sul,57.2,70.56,72.06,0,1.0,1.0,1.0,1.0,1
4309605,RS,Sul,57.2,71.23,72.61,0,1.0,1.0,1.0,1.0,1
4212056,SC,Sul,57.22,67.15,69.23,0,1.0,1.0,1.0,1.0,1
4208104,SC,Sul,57.23,65.52,67.88,0,1.0,1.0,1.0,1.0,1
5004502,MS,Centro-Oeste,57.29,69.03,70.79,0,1.0,1.0,1.0,1.0,1
3525508,SP,Sudeste,57.3,71.87,73.15,0,1.0,1.0,1.0,1.0,1
3305604,RJ,Sudeste,57.35,55.39,59.47,0,1.0,1.0,1.0,1.0,1
3553203,SP,Sudeste,57.37,68.12,70.03,0,1.0,1.0,1.0,1.0,1
4119152,PR,Sul,57.37,62.74,65.58,0,1.0,1.0,1.0,1.0,1
3502408,SP,Sudeste,57.39,66.98,69.09,0,1.0,1.0,1.0,1.0,1
4306007,RS,Sul,57.4,73.17,74.23,0,1.0,1.0,1.0,1.0,1
3514106,SP,Sudeste,57.41,61.44,64.5,0,1.0,1.0,1.0,1.0,1
4215505,SC,Sul,57.41,66.38,68.59,0,1.0,1.0,1.0,1.0,1
2106631,MA,Nordeste,57.42,63.8,66.46,0,1.0,1.0,1.0,1.0,1
3553500,SP,Sudeste,57.45,53.69,58.05,0,1.0,1.0,1.0,0.0,1
3304300,RJ,Sudeste,57.46,55.86,59.87,0,1.0,1.0,1.0,1.0,1
3538600,SP,Sudeste,57.46,58.49,62.06,0,1.0,1.0,1.0,1.0,1
4117404,PR,Sul,57.5,88.82,80.0,0,1.0,1.0,1.0,1.0,1
4302659,RS,Sul,57.5,64.81,67.29,0,1.0,1.0,1.0,1.0,1
3509254,SP,Sudeste,57.52,58.94,62.43,0,1.0,1.0,1.0,1.0,1
2101301,MA,Nordeste,57.55,67.67,69.66,0,1.0,1.0,1.0,1.0,1
2603454,PE,Nordeste,57.57,58.66,62.2,0,1.0,1.0,1.0,1.0,1
4219853,SC,Sul,57.58,65.06,67.5,0,1.0,1.0,1.0,1.0,1
2109601,MA,Nordeste,57.6,56.65,60.53,0,1.0,1.0,1.0,1.0,1
1501451,PA,Norte,57.61,60.62,63.83,0,1.0,1.0,1.0,1.0,1
1101468,RO,Norte,57.63,54.77,58.95,0,1.0,1.0,1.0,1.0,1
1101476,RO,Norte,57.63,86.09,80.0,0,1.0,1.0,1.0,1.0,1
2704906,AL,Nordeste,57.65,58.97,62.46,0,1.0,1.0,1.0,1.0,1
3530805,SP,Sudeste,57.7,53.79,58.13,0,1.0,1.0,1.0,0.0,1
4310405,RS,Sul,57.7,66.59,68.77,0,1.0,1.0,1.0,1.0,1
4100103,PR,Sul,57.74,56.08,60.05,0,1.0,1.0,1.0,1.0,1
1718402,TO,Norte,57.83,69.46,71.14,0,1.0,1.0,1.0,1.0,1
2206605,PI,Nordeste,57.85,67.16,69.24,0,1.0,1.0,1.0,1.0,1
3548609,SP,Sudeste,57.89,61.94,64.92,0,1.0,1.0,1.0,1.0,1
4203154,SC,Sul,57.9,62.96,65.76,0,1.0,1.0,1.0,1.0,1
4313086,RS,Sul,57.9,84.62,80.0,0,1.0,1.0,1.0,1.0,1
4314787,RS,Sul,57.9,60.0,63.31,0,1.0,1.0,1.0,1.0,1
2108256,MA,Nordeste,57.92,65.82,68.13,0,1.0,1.0,1.0,1.0,1
3533403,SP,Sudeste,57.96,54.93,59.09,0,1.0,1.0,1.0,1.0,1
4104253,PR,Sul,57.97,59.84,63.18,0,1.0,1.0,1.0,1.0,1
4305702,RS,Sul,58.0,81.15,80.0,0,1.0,1.0,1.0,1.0,1
4103602,PR,Sul,58.04,62.53,65.41,0,1.0,1.0,1.0,1.0,1
3157708,MG,Sudeste,58.13,62.9,65.71,0,1.0,1.0,1.0,1.0,1
2202554,PI,Nordeste,58.14,61.42,64.49,0,1.0,1.0,1.0,1.0,1
4205209,SC,Sul,58.15,56.49,60.39,0,1.0,1.0,1.0,1.0,1
3510500,SP,Sudeste,58.19,54.34,58.59,0,1.0,1.0,1.0,0.0,1
4303202,RS,Sul,58.2,88.64,80.0,0,1.0,1.0,1.0,1.0,1
4312658,RS,Sul,58.2,66.12,68.38,0,1.0,1.0,1.0,1.0,1
3545704,SP,Sudeste,58.21,65.6,67.95,0,1.0,1.0,1.0,1.0,1
3107000,MG,Sudeste,58.22,88.0,80.0,0,1.0,1.0,1.0,1.0,1
1506138,PA,Norte,58.25,55.06,59.2,0,1.0,1.0,1.0,1.0,1
3527306,SP,Sudeste,58.25,54.63,58.84,0,1.0,1.0,1.0,1.0,1
5106315,MT,Centro-Oeste,58.27,71.23,72.61,0,1.0,1.0,1.0,1.0,1
4300570,RS,Sul,58.3,72.7,73.84,0,1.0,1.0,1.0,1.0,1
4312005,RS,Sul,58.3,94.12,80.0,0,1.0,1.0,1.0,1.0,1
4312179,RS,Sul,58.3,88.24,80.0,0,1.0,1.0,1.0,1.0,1
3156205,MG,Sudeste,58.33,56.55,60.44,0,1.0,1.0,1.0,1.0,1
3301306,RJ,Sudeste,58.33,54.93,59.09,0,1.0,1.0,1.0,1.0,1
3501400,SP,Sudeste,58.33,54.76,58.95,0,1.0,1.0,1.0,1.0,1
4205357,SC,Sul,58.33,81.41,80.0,0,1.0,1.0,1.0,1.0,1
2604106,PE,Nordeste,58.37,54.95,59.11,0,1.0,1.0,1.0,1.0,1
3549953,SP,Sudeste,58.4,61.39,64.46,0,1.0,1.0,1.0,1.0,1
4312153,RS,Sul,58.4,88.99,80.0,0,1.0,1.0,1.0,1.0,1
4209904,SC,Sul,58.41,59.83,63.17,0,1.0,1.0,1.0,1.0,1
5106240,MT,Centro-Oeste,58.41,73.23,74.28,0,1.0,1.0,1.0,1.0,1
3505500,SP,Sudeste,58.42,59.67,63.04,0,1.0,1.0,1.0,1.0,1
5001102,MS,Centro-Oeste,58.42,70.0,71.59,0,1.0,1.0,1.0,1.0,1
2107902,MA,Nordeste,58.43,76.76,77.24,0,1.0,1.0,1.0,1.0,1
4117305,PR,Sul,58.43,62.63,65.49,0,1.0,1.0,1.0,1.0,1
2609204,PE,Nordeste,58.48,69.2,70.93,0,1.0,1.0,1.0,1.0,1
3544004,SP,Sudeste,58.5,65.04,67.48,0,1.0,1.0,1.0,1.0,1
1506708,PA,Norte,58.51,54.53,58.75,0,1.0,1.0,1.0,0.0,1
2604502,PE,Nordeste,58.51,55.33,59.42,0,1.0,1.0,1.0,1.0,1
3170008,MG,Sudeste,58.55,70.25,71.8,0,1.0,1.0,1.0,1.0,1
3110509,MG,Sudeste,58.56,54.64,58.85,0,1.0,1.0,1.0,0.0,1
3535606,SP,Sudeste,58.56,63.5,66.21,0,1.0,1.0,1.0,1.0,1
3128808,MG,Sudeste,58.58,61.83,64.83,0,1.0,1.0,1.0,1.0,1
2607505,PE,Nordeste,58.6,59.5,62.9,0,1.0,1.0,1.0,1.0,1
4304697,RS,Sul,58.6,87.05,80.0,0,1.0,1.0,1.0,1.0,1
2803005,SE,Nordeste,58.61,59.05,62.52,0,1.0,1.0,1.0,1.0,1
5101308,MT,Centro-Oeste,58.62,62.33,65.24,0,1.0,1.0,1.0,1.0,1
3117306,MG,Sudeste,58.64,55.38,59.46,0,1.0,1.0,1.0,1.0,1
2205201,PI,Nordeste,58.67,78.99,79.14,0,1.0,1.0,1.0,1.0,1
4318804,RS,Sul,58.7,79.09,79.22,0,1.0,1.0,1.0,1.0,1
2614501,PE,Nordeste,58.71,55.41,59.49,0,1.0,1.0,1.0,1.0,1
5103809,MT,Centro-Oeste,58.78,86.02,80.0,0,1.0,1.0,1.0,1.0,1
4317202,RS,Sul,58.8,72.42,73.6,0,1.0,1.0,1.0,1.0,1
4319356,RS,Sul,58.8,80.67,80.0,0,1.0,1.0,1.0,1.0,1
1712157,TO,Norte,58.81,69.23,70.95,0,1.0,1.0,1.0,1.0,1
5205521,GO,Centro-Oeste,58.9,62.72,65.56,0,1.0,1.0,1.0,1.0,1
3543204,SP,Sudeste,58.93,74.14,75.04,0,1.0,1.0,1.0,1.0,1
3159357,MG,Sudeste,58.94,61.31,64.4,0,1.0,1.0,1.0,1.0,1
1720853,TO,Norte,58.97,77.59,77.95,0,1.0,1.0,1.0,1.0,1
3531308,SP,Sudeste,59.0,67.07,69.16,0,1.0,1.0,1.0,1.0,1
3170404,MG,Sudeste,59.06,56.42,60.33,0,1.0,1.0,1.0,1.0,1
3526506,SP,Sudeste,59.08,62.02,64.99,0,1.0,1.0,1.0,1.0,1
4123303,PR,Sul,59.1,85.79,80.0,0,1.0,1.0,1.0,1.0,1
2914109,BA,Nordeste,59.15,66.75,68.9,0,1.0,1.0,1.0,1.0,1
2604007,PE,Nordeste,59.18,65.28,67.68,0,1.0,1.0,1.0,1.0,1
4322608,RS,Sul,59.2,78.14,78.41,0,1.0,1.0,1.0,1.0,1
1503606,PA,Norte,59.22,61.0,64.14,0,1.0,1.0,1.0,1.0,1
2105005,MA,Nordeste,59.22,61.59,64.63,0,1.0,1.0,1.0,1.0,1
3534609,SP,Sudeste,59.23,58.32,61.92,0,1.0,1.0,1.0,1.0,1
3140209,MG,Sudeste,59.26,65.47,67.84,0,1.0,1.0,1.0,1.0,1
4316956,RS,Sul,59.3,78.3,78.55,0,1.0,1.0,1.0,1.0,1
4321105,RS,Sul,59.3,58.59,62.14,0,1.0,1.0,1.0,1.0,1
4202800,SC,Sul,59.36,60.64,63.84,0,1.0,1.0,1.0,1.0,1
3554201,SP,Sudeste,59.38,73.38,74.41,0,1.0,1.0,1.0,1.0,1
4310504,RS,Sul,59.4,67.21,69.28,0,1.0,1.0,1.0,1.0,1
2610103,PE,Nordeste,59.45,60.56,63.78,0,1.0,1.0,1.0,1.0,1
3302403,RJ,Sudeste,59.46,59.86,63.19,0,1.0,1.0,1.0,1.0,1
5104526,MT,Centro-Oeste,59.46,61.83,64.83,0,1.0,1.0,1.0,1.0,1
2307304,CE,Nordeste,59.48,60.56,63.78,0,1.0,1.0,1.0,1.0,1
1502202,PA,Norte,59.49,62.0,64.97,0,1.0,1.0,1.0,1.0,1
4219705,SC,Sul,59.5,66.61,68.78,0,1.0,1.0,1.0,1.0,1
2205565,PI,Nordeste,59.52,55.67,59.71,0,1.0,1.0,1.0,0.0,1
2514206,PB,Nordeste,59.52,85.74,80.0,0,1.0,1.0,1.0,1.0,1
4213609,SC,Sul,59.53,70.51,72.02,0,1.0,1.0,1.0,1.0,1
2202711,PI,Nordeste,59.56,67.54,69.55,0,1.0,1.0,1.0,1.0,1
5003801,MS,Centro-Oeste,59.59,60.8,63.97,0,1.0,1.0,1.0,1.0,1
3159803,MG,Sudeste,59.6,70.78,72.24,0,1.0,1.0,1.0,1.0,1
4308201,RS,Sul,59.6,79.01,79.15,0,1.0,1.0,1.0,1.0,1
1100080,RO,Norte,59.63,80.68,80.0,0,1.0,1.0,1.0,1.0,1
2615003,PE,Nordeste,59.64,59.65,63.02,0,1.0,1.0,1.0,1.0,1
3550001,SP,Sudeste,59.66,73.42,74.44,0,1.0,1.0,1.0,1.0,1
3503307,SP,Sudeste,59.68,58.1,61.73,0,1.0,1.0,1.0,1.0,1
3138625,MG,Sudeste,59.7,65.19,67.61,0,1.0,1.0,1.0,1.0,1
4116208,PR,Sul,59.7,68.42,70.28,0,1.0,1.0,1.0,1.0,1
3509908,SP,Sudeste,59.72,64.85,67.33,0,1.0,1.0,1.0,1.0,1
4204608,SC,Sul,59.75,59.07,62.54,0,1.0,1.0,1.0,1.0,1
2600500,PE,Nordeste,59.77,57.56,61.28,0,1.0,1.0,1.0,1.0,1
4311791,RS,Sul,59.8,67.82,69.78,0,1.0,1.0,1.0,1.0,1
4203303,SC,Sul,59.82,66.48,68.68,0,1.0,1.0,1.0,1.0,1
3510708,SP,Sudeste,59.86,68.94,70.71,0,1.0,1.0,1.0,1.0,1
5005707,MS,Centro-Oeste,59.87,60.27,63.53,0,1.0,1.0,1.0,1.0,1
4200101,SC,Sul,59.88,64.82,67.3,0,1.0,1.0,1.0,1.0,1
4206603,SC,Sul,59.9,88.63,80.0,0,1.0,1.0,1.0,1.0,1
3119609,MG,Sudeste,59.91,100.0,80.0,0,1.0,1.0,1.0,1.0,1
4217253,SC,Sul,59.93,73.98,74.91,0,1.0,1.0,1.0,1.0,1
3533007,SP,Sudeste,59.94,61.21,64.31,0,1.0,1.0,1.0,1.0,1
3302700,RJ,Sudeste,59.97,56.64,60.52,0,1.0,1.0,1.0,1.0,1
2401651,RN,Nordeste,60.0,65.0,67.45,0,1.0,1.0,1.0,1.0,1
2921807,BA,Nordeste,60.0,68.97,70.74,0,1.0,1.0,1.0,1.0,1
3141504,MG,Sudeste,60.0,79.65,79.7,0,1.0,1.0,1.0,1.0,1
4306957,RS,Sul,60.0,79.48,79.55,0,1.0,1.0,1.0,1.0,1
4307815,RS,Sul,60.0,96.83,80.0,0,1.0,1.0,1.0,1.0,1
4308300,RS,Sul,60.0,62.05,65.01,0,1.0,1.0,1.0,1.0,1
4313011,RS,Sul,60.0,90.91,80.0,0,1.0,1.0,1.0,1.0,1
4314001,RS,Sul,60.0,92.98,80.0,0,1.0,1.0,1.0,1.0,1
4315404,RS,Sul,60.0,81.44,80.0,0,1.0,1.0,1.0,1.0,1
2512903,PB,Nordeste,60.02,77.84,78.16,0,1.0,1.0,1.0,1.0,1
2513927,PB,Nordeste,60.02,65.98,68.26,0,1.0,1.0,1.0,1.0,1
3542206,SP,Sudeste,60.02,60.04,63.34,0,1.0,1.0,1.0,1.0,1
2105427,MA,Nordeste,60.13,79.92,79.93,0,1.0,1.0,1.0,1.0,1
4204103,SC,Sul,60.13,69.54,71.21,0,1.0,1.0,1.0,1.0,1
4213708,SC,Sul,60.13,66.5,68.69,0,1.0,1.0,1.0,1.0,1
5200605,GO,Centro-Oeste,60.2,82.88,80.0,0,1.0,1.0,1.0,1.0,1
3155504,MG,Sudeste,60.21,78.7,78.89,0,1.0,1.0,1.0,1.0,1
3556800,SP,Sudeste,60.23,63.55,66.25,0,1.0,1.0,1.0,1.0,1
5107305,MT,Centro-Oeste,60.28,73.17,74.23,0,1.0,1.0,1.0,1.0,1
4321436,RS,Sul,60.3,66.9,69.02,0,1.0,1.0,1.0,1.0,1
3517604,SP,Sudeste,60.31,66.94,69.06,0,1.0,1.0,1.0,1.0,1
3540002,SP,Sudeste,60.32,62.09,65.04,0,1.0,1.0,1.0,1.0,1
4209508,SC,Sul,60.32,64.28,66.86,0,1.0,1.0,1.0,1.0,1
3306206,RJ,Sudeste,60.33,65.42,67.8,0,1.0,1.0,1.0,1.0,1
3540507,SP,Sudeste,60.38,69.9,71.51,0,1.0,1.0,1.0,1.0,1
4318457,RS,Sul,60.4,78.44,78.67,0,1.0,1.0,1.0,1.0,1
3509304,SP,Sudeste,60.42,61.22,64.32,0,1.0,1.0,1.0,1.0,1
4215703,SC,Sul,60.42,58.19,61.81,0,1.0,1.0,1.0,1.0,1
3304003,RJ,Sudeste,60.43,58.8,62.31,0,1.0,1.0,1.0,1.0,1
1100403,RO,Norte,60.45,61.53,64.58,0,1.0,1.0,1.0,1.0,1
3118106,MG,Sudeste,60.49,91.99,80.0,0,1.0,1.0,1.0,1.0,1
4103040,PR,Sul,60.49,74.78,75.58,0,1.0,1.0,1.0,1.0,1
4317905,RS,Sul,60.5,76.02,76.62,0,1.0,1.0,1.0,1.0,1
2305266,CE,Nordeste,60.53,70.3,71.84,0,1.0,1.0,1.0,1.0,1
3550100,SP,Sudeste,60.53,59.7,63.06,0,1.0,1.0,1.0,1.0,1
4312807,RS,Sul,60.6,82.28,80.0,0,1.0,1.0,1.0,1.0,1
2509404,PB,Nordeste,60.61,73.21,74.26,0,1.0,1.0,1.0,1.0,1
5105903,MT,Centro-Oeste,60.61,56.94,60.77,0,1.0,1.0,1.0,0.0,1
4105805,PR,Sul,60.67,64.92,67.38,0,1.0,1.0,1.0,1.0,1
4310439,RS,Sul,60.7,81.57,80.0,0,1.0,1.0,1.0,1.0,1
2209757,PI,Nordeste,60.71,76.47,77.0,0,1.0,1.0,1.0,1.0,1
2602100,PE,Nordeste,60.74,59.98,63.29,0,1.0,1.0,1.0,1.0,1
3148707,MG,Sudeste,60.74,57.01,60.83,0,1.0,1.0,1.0,0.0,1
3135357,MG,Sudeste,60.75,74.95,75.72,0,1.0,1.0,1.0,1.0,1
5003157,MS,Centro-Oeste,60.75,78.98,79.13,0,1.0,1.0,1.0,1.0,1
3300100,RJ,Sudeste,60.8,57.0,60.82,0,1.0,0.0,1.0,0.0,1
4309704,RS,Sul,60.8,90.66,80.0,0,1.0,1.0,1.0,1.0,1
1508159,PA,Norte,60.84,65.52,67.88,0,1.0,1.0,1.0,1.0,1
3543253,SP,Sudeste,60.84,63.69,66.37,0,1.0,1.0,1.0,1.0,1
4107306,PR,Sul,60.84,79.12,79.25,0,1.0,1.0,1.0,1.0,1
5204557,GO,Centro-Oeste,60.87,72.02,73.27,0,1.0,1.0,1.0,1.0,1
2104677,MA,Nordeste,60.92,76.23,76.8,0,1.0,1.0,1.0,1.0,1
3157906,MG,Sudeste,60.93,71.98,73.24,0,1.0,1.0,1.0,1.0,1
4112702,PR,Sul,60.93,62.4,65.3,0,1.0,1.0,1.0,1.0,1
4100202,PR,Sul,60.95,60.08,63.38,0,1.0,1.0,1.0,1.0,1
3515509,SP,Sudeste,61.01,57.61,61.33,0,1.0,1.0,1.0,0.0,1
3537305,SP,Sudeste,61.01,60.58,63.79,0,1.0,1.0,1.0,1.0,1
2707602,AL,Nordeste,61.05,57.48,61.22,0,1.0,1.0,1.0,0.0,1
4126801,PR,Sul,61.07,69.39,71.09,0,1.0,1.0,1.0,1.0,1
3542404,SP,Sudeste,61.09,77.73,78.07,0,1.0,1.0,1.0,1.0,1
4313300,RS,Sul,61.1,78.78,78.96,0,1.0,1.0,1.0,1.0,1
4319307,RS,Sul,61.1,77.73,78.07,0,1.0,1.0,1.0,1.0,1
2210375,PI,Nordeste,61.11,58.51,62.07,0,1.0,1.0,1.0,1.0,1
3154309,MG,Sudeste,61.12,71.54,72.87,0,1.0,1.0,1.0,1.0,1
3527009,SP,Sudeste,61.13,77.11,77.54,0,1.0,1.0,1.0,1.0,1
5108055,MT,Centro-Oeste,61.14,58.72,62.25,0,1.0,1.0,1.0,1.0,1
3515186,SP,Sudeste,61.16,65.42,67.8,0,1.0,1.0,1.0,1.0,1
2912004,BA,Nordeste,61.19,65.01,67.46,0,1.0,1.0,1.0,1.0,1
4317400,RS,Sul,61.2,72.84,73.95,0,1.0,1.0,1.0,1.0,1
2603009,PE,Nordeste,61.21,68.25,70.14,0,1.0,1.0,1.0,1.0,1
1101708,RO,Norte,61.28,70.92,72.36,0,1.0,1.0,1.0,1.0,1
4119954,PR,Sul,61.28,71.19,72.58,0,1.0,1.0,1.0,1.0,1
4119301,PR,Sul,61.33,61.89,64.88,0,1.0,1.0,1.0,1.0,1
4122206,PR,Sul,61.35,62.29,65.21,0,1.0,1.0,1.0,1.0,1
2202851,PI,Nordeste,61.36,61.14,64.26,0,1.0,1.0,1.0,1.0,1
3536208,SP,Sudeste,61.36,64.45,67.0,0,1.0,1.0,1.0,1.0,1
3141009,MG,Sudeste,61.37,69.02,70.78,0,1.0,1.0,1.0,1.0,1
3205150,ES,Sudeste,61.4,74.58,75.41,0,1.0,1.0,1.0,1.0,1
2208106,PI,Nordeste,61.41,60.51,63.73,0,1.0,1.0,1.0,1.0,1
3500758,SP,Sudeste,61.45,71.59,72.91,0,1.0,1.0,1.0,1.0,1
3148608,MG,Sudeste,61.48,64.65,67.16,0,1.0,1.0,1.0,1.0,1
4323770,RS,Sul,61.5,82.91,80.0,0,1.0,1.0,1.0,1.0,1
3508801,SP,Sudeste,61.51,61.19,64.3,0,1.0,1.0,1.0,1.0,1
3556404,SP,Sudeste,61.51,69.48,71.16,0,1.0,1.0,1.0,1.0,1
1508126,PA,Norte,61.52,61.76,64.77,0,1.0,1.0,1.0,1.0,1
3124203,MG,Sudeste,61.52,71.63,72.95,0,1.0,1.0,1.0,1.0,1
3530300,SP,Sudeste,61.57,67.6,69.6,0,1.0,1.0,1.0,1.0,1
4108700,PR,Sul,61.6,65.01,67.46,0,1.0,1.0,1.0,1.0,1
4319406,RS,Sul,61.6,77.14,77.57,0,1.0,1.0,1.0,1.0,1
3519402,SP,Sudeste,61.64,71.16,72.56,0,1.0,1.0,1.0,1.0,1
3523909,SP,Sudeste,61.67,65.25,67.66,0,1.0,1.0,1.0,1.0,1
2102556,MA,Nordeste,61.7,64.72,67.22,0,1.0,1.0,1.0,1.0,1
4317608,RS,Sul,61.7,77.32,77.72,0,1.0,1.0,1.0,1.0,1
4322327,RS,Sul,61.7,82.83,80.0,0,1.0,1.0,1.0,1.0,1
4118204,PR,Sul,61.71,61.91,64.89,0,1.0,1.0,1.0,1.0,1
4118303,PR,Sul,61.71,59.18,62.63,0,1.0,1.0,1.0,1.0,1
4127106,PR,Sul,61.71,63.2,65.96,0,1.0,1.0,1.0,1.0,1
4120655,PR,Sul,61.75,79.88,79.9,0,1.0,1.0,1.0,1.0,1
2931053,BA,Nordeste,61.8,63.45,66.17,0,1.0,1.0,1.0,1.0,1
4309803,RS,Sul,61.8,70.33,71.87,0,1.0,1.0,1.0,1.0,1
4210407,SC,Sul,61.81,58.51,62.07,0,1.0,1.0,1.0,0.0,1
2200400,PI,Nordeste,61.82,61.91,64.89,0,1.0,1.0,1.0,1.0,1
3500402,SP,Sudeste,61.82,64.77,67.26,0,1.0,1.0,1.0,1.0,1
5101407,MT,Centro-Oeste,61.83,60.16,63.44,0,1.0,1.0,1.0,1.0,1
4107702,PR,Sul,61.86,65.16,67.58,0,1.0,1.0,1.0,1.0,1
1720150,TO,Norte,61.9,83.33,80.0,0,1.0,1.0,1.0,1.0,1
2414902,RN,Nordeste,61.9,58.93,62.42,0,1.0,1.0,1.0,1.0,1
4310207,RS,Sul,61.9,76.47,77.0,0,1.0,1.0,1.0,1.0,1
4310900,RS,Sul,61.9,84.62,80.0,0,1.0,1.0,1.0,1.0,1
4320800,RS,Sul,61.9,66.25,68.48,0,1.0,1.0,1.0,1.0,1
2500205,PB,Nordeste,61.96,68.73,70.54,0,1.0,1.0,1.0,1.0,1
4126504,PR,Sul,61.98,66.76,68.91,0,1.0,1.0,1.0,1.0,1
3155900,MG,Sudeste,62.04,71.16,72.56,0,1.0,1.0,1.0,1.0,1
2512408,PB,Nordeste,62.11,75.57,76.24,0,1.0,1.0,1.0,1.0,1
4120903,PR,Sul,62.11,71.7,73.0,0,1.0,1.0,1.0,1.0,1
3522604,SP,Sudeste,62.18,60.48,63.71,0,1.0,1.0,1.0,1.0,1
1508050,PA,Norte,62.19,70.84,72.29,0,1.0,1.0,1.0,1.0,1
3521408,SP,Sudeste,62.26,59.58,62.96,0,1.0,1.0,1.0,1.0,1
4111902,PR,Sul,62.26,76.25,76.81,0,1.0,1.0,1.0,1.0,1
5203302,GO,Centro-Oeste,62.27,61.22,64.32,0,1.0,1.0,1.0,1.0,1
3202207,ES,Sudeste,62.28,61.33,64.41,0,1.0,1.0,1.0,1.0,1
4118907,PR,Sul,62.28,78.4,78.63,0,1.0,1.0,1.0,1.0,1
2609600,PE,Nordeste,62.29,59.57,62.95,0,1.0,1.0,1.0,1.0,1
4114104,PR,Sul,62.29,60.15,63.44,0,1.0,1.0,1.0,1.0,1
1711506,TO,Norte,62.32,61.09,64.21,0,1.0,1.0,1.0,1.0,1
3529302,SP,Sudeste,62.33,64.39,66.95,0,1.0,1.0,1.0,1.0,1
3204807,ES,Sudeste,62.35,74.52,75.36,0,1.0,1.0,1.0,1.0,1
4218400,SC,Sul,62.38,71.87,73.15,0,1.0,1.0,1.0,1.0,1
5108907,MT,Centro-Oeste,62.38,61.75,64.76,0,1.0,1.0,1.0,1.0,1
3124302,MG,Sudeste,62.4,64.25,66.83,0,1.0,1.0,1.0,1.0,1
3528007,SP,Sudeste,62.4,65.03,67.48,0,1.0,1.0,1.0,1.0,1
4304713,RS,Sul,62.4,90.82,80.0,0,1.0,1.0,1.0,1.0,1
2601003,PE,Nordeste,62.41,62.05,65.01,0,1.0,1.0,1.0,1.0,1
4106456,PR,Sul,62.47,78.28,78.53,0,1.0,1.0,1.0,1.0,1
4209805,SC,Sul,62.5,75.0,75.76,0,1.0,1.0,1.0,1.0,1
4314308,RS,Sul,62.5,61.46,64.52,0,1.0,1.0,1.0,1.0,1
4321857,RS,Sul,62.5,80.96,80.0,0,1.0,1.0,1.0,1.0,1
3305505,RJ,Sudeste,62.51,63.54,66.24,0,1.0,1.0,1.0,1.0,1
3540903,SP,Sudeste,62.53,74.24,75.13,0,1.0,1.0,1.0,1.0,1
3540804,SP,Sudeste,62.55,60.72,63.91,0,1.0,1.0,1.0,1.0,1
5107768,MT,Centro-Oeste,62.63,64.77,67.26,0,1.0,1.0,1.0,1.0,1
3514403,SP,Sudeste,62.74,63.13,65.9,0,1.0,1.0,1.0,1.0,1
3526902,SP,Sudeste,62.75,62.38,65.28,0,1.0,1.0,1.0,1.0,1
3154903,MG,Sudeste,62.76,59.63,63.0,0,1.0,1.0,1.0,0.0,1
1100262,RO,Norte,62.81,83.84,80.0,0,1.0,1.0,1.0,1.0,1
3552700,SP,Sudeste,62.83,62.43,65.32,0,1.0,1.0,1.0,1.0,1
4321451,RS,Sul,62.9,83.41,80.0,0,1.0,1.0,1.0,1.0,1
4321956,RS,Sul,62.9,82.51,80.0,0,1.0,1.0,1.0,1.0,1
4117503,PR,Sul,62.96,68.48,70.33,0,1.0,1.0,1.0,1.0,1
4120408,PR,Sul,62.98,76.24,76.81,0,1.0,1.0,1.0,1.0,1
1101492,RO,Norte,62.99,65.79,68.1,0,1.0,1.0,1.0,1.0,1
2207777,PI,Nordeste,63.04,81.59,80.0,0,1.0,1.0,1.0,1.0,1
4128104,PR,Sul,63.1,64.14,66.74,0,1.0,1.0,1.0,1.0,1
4303301,RS,Sul,63.1,89.44,80.0,0,1.0,1.0,1.0,1.0,1
4115705,PR,Sul,63.15,70.38,71.91,0,1.0,1.0,1.0,1.0,1
2410009,RN,Nordeste,63.16,64.71,67.21,0,1.0,1.0,1.0,1.0,1
2102036,MA,Nordeste,63.18,63.61,66.3,0,1.0,1.0,1.0,1.0,1
4301503,RS,Sul,63.2,82.81,80.0,0,1.0,1.0,1.0,1.0,1
3306305,RJ,Sudeste,63.25,60.12,63.41,0,1.0,1.0,1.0,0.0,1
2604403,PE,Nordeste,63.28,62.99,65.79,0,1.0,1.0,1.0,1.0,1
2503506,PB,Nordeste,63.3,79.49,79.56,0,1.0,1.0,1.0,1.0,1
3108800,MG,Sudeste,63.3,72.23,73.45,0,1.0,1.0,1.0,1.0,1
3304110,RJ,Sudeste,63.3,60.8,63.97,0,1.0,1.0,1.0,1.0,1
4306734,RS,Sul,63.3,76.88,77.35,0,1.0,1.0,1.0,1.0,1
4218608,SC,Sul,63.31,68.13,70.04,0,1.0,1.0,1.0,1.0,1
4315701,RS,Sul,63.4,73.36,74.39,0,1.0,1.0,1.0,1.0,1
4103404,PR,Sul,63.42,80.11,80.0,0,1.0,1.0,1.0,1.0,1
4105607,PR,Sul,63.42,64.72,67.22,0,1.0,1.0,1.0,1.0,1
1716109,TO,Norte,63.45,60.56,63.78,0,1.0,1.0,1.0,0.0,1
4108007,PR,Sul,63.48,64.38,66.94,0,1.0,1.0,1.0,1.0,1
3162401,MG,Sudeste,63.51,65.62,67.96,0,1.0,1.0,1.0,1.0,1
3147006,MG,Sudeste,63.56,65.69,68.02,0,1.0,1.0,1.0,1.0,1
3156601,MG,Sudeste,63.6,86.74,80.0,0,1.0,1.0,1.0,1.0,1
4301008,RS,Sul,63.6,82.6,80.0,0,1.0,1.0,1.0,1.0,1
2508703,PB,Nordeste,63.64,70.0,71.59,0,1.0,1.0,1.0,1.0,1
3300225,RJ,Sudeste,63.64,62.45,65.34,0,1.0,1.0,1.0,1.0,1
3526803,SP,Sudeste,63.65,61.31,64.4,0,1.0,1.0,1.0,1.0,1
2310605,CE,Nordeste,63.67,77.7,78.04,0,1.0,1.0,1.0,1.0,1
2100154,MA,Nordeste,63.75,67.29,69.35,0,1.0,1.0,1.0,1.0,1
4101200,PR,Sul,63.75,66.31,68.53,0,1.0,1.0,1.0,1.0,1
4108601,PR,Sul,63.77,70.49,72.0,0,1.0,1.0,1.0,1.0,1
5000252,MS,Centro-Oeste,63.77,76.7,77.19,0,1.0,1.0,1.0,1.0,1
3126752,MG,Sudeste,63.78,88.58,80.0,0,1.0,1.0,1.0,1.0,1
3112703,MG,Sudeste,63.8,61.87,64.86,0,1.0,1.0,1.0,1.0,1
3521309,SP,Sudeste,63.8,77.09,77.52,0,1.0,1.0,1.0,1.0,1
2302008,CE,Nordeste,63.94,67.84,69.8,0,1.0,1.0,1.0,1.0,1
1100114,RO,Norte,63.99,62.82,65.65,0,1.0,1.0,1.0,1.0,1
3533254,SP,Sudeste,63.99,68.58,70.41,0,1.0,1.0,1.0,1.0,1
2102408,MA,Nordeste,64.0,66.03,68.3,0,1.0,1.0,1.0,1.0,1
2207355,PI,Nordeste,64.0,66.01,68.29,0,1.0,1.0,1.0,1.0,1
2108009,MA,Nordeste,64.01,74.16,75.06,0,1.0,1.0,1.0,1.0,1
5208004,GO,Centro-Oeste,64.02,63.28,66.03,0,1.0,1.0,1.0,1.0,1
2209807,PI,Nordeste,64.04,94.18,80.0,0,1.0,1.0,1.0,1.0,1
2101608,MA,Nordeste,64.05,65.45,67.82,0,1.0,1.0,1.0,1.0,1
4214151,SC,Sul,64.05,89.34,80.0,0,1.0,1.0,1.0,1.0,1
5217302,GO,Centro-Oeste,64.06,72.91,74.01,0,1.0,1.0,1.0,1.0,1
2600302,PE,Nordeste,64.09,71.71,73.01,0,1.0,1.0,1.0,1.0,1
4206504,SC,Sul,64.09,70.33,71.87,0,1.0,1.0,1.0,1.0,1
2607208,PE,Nordeste,64.15,68.37,70.24,0,1.0,1.0,1.0,1.0,1
4212205,SC,Sul,64.15,70.53,72.03,0,1.0,1.0,1.0,1.0,1
3543501,SP,Sudeste,64.17,81.07,80.0,0,1.0,1.0,1.0,1.0,1
2611200,PE,Nordeste,64.18,62.55,65.42,0,1.0,1.0,1.0,1.0,1
2506004,PB,Nordeste,64.21,61.5,64.55,0,1.0,1.0,1.0,0.0,1
4202859,SC,Sul,64.21,62.17,65.11,0,1.0,1.0,1.0,1.0,1
3505005,SP,Sudeste,64.23,65.56,67.91,0,1.0,1.0,1.0,1.0,1
2208551,PI,Nordeste,64.29,73.86,74.81,0,1.0,1.0,1.0,1.0,1
5204201,GO,Centro-Oeste,64.29,65.0,67.45,0,1.0,1.0,1.0,1.0,1
4125506,PR,Sul,64.3,67.19,69.26,0,1.0,1.0,1.0,1.0,1
4306130,RS,Sul,64.3,77.78,78.11,0,1.0,1.0,1.0,1.0,1
4311700,RS,Sul,64.3,67.76,69.73,0,1.0,1.0,1.0,1.0,1
4319372,RS,Sul,64.3,85.71,80.0,0,1.0,1.0,1.0,1.0,1
3300902,RJ,Sudeste,64.38,69.0,70.76,0,1.0,1.0,1.0,1.0,1
3545159,SP,Sudeste,64.45,65.6,67.95,0,1.0,1.0,1.0,1.0,1
4112306,PR,Sul,64.46,75.69,76.34,0,1.0,1.0,1.0,1.0,1
4114302,PR,Sul,64.48,79.38,79.47,0,1.0,1.0,1.0,1.0,1
3143500,MG,Sudeste,64.5,86.32,80.0,0,1.0,1.0,1.0,1.0,1
3514601,SP,Sudeste,64.5,76.77,77.25,0,1.0,1.0,1.0,1.0,1
4319109,RS,Sul,64.5,83.57,80.0,0,1.0,1.0,1.0,1.0,1
2108207,MA,Nordeste,64.51,68.1,70.02,0,1.0,1.0,1.0,1.0,1
2207751,PI,Nordeste,64.51,100.0,80.0,0,1.0,1.0,1.0,1.0,1
3154101,MG,Sudeste,64.51,72.18,73.4,0,1.0,1.0,1.0,1.0,1
1300060,AM,Norte,64.58,62.67,65.52,0,1.0,1.0,1.0,1.0,1
2300309,CE,Nordeste,64.59,62.63,65.49,0,1.0,1.0,1.0,1.0,1
4302402,RS,Sul,64.6,78.19,78.46,0,1.0,1.0,1.0,1.0,1
4100707,PR,Sul,64.66,74.73,75.54,0,1.0,1.0,1.0,1.0,1
4104428,PR,Sul,64.69,73.37,74.4,0,1.0,1.0,1.0,1.0,1
4107652,PR,Sul,64.69,68.86,70.65,0,1.0,1.0,1.0,1.0,1
4301206,RS,Sul,64.7,80.42,80.0,0,1.0,1.0,1.0,1.0,1
4307054,RS,Sul,64.7,61.92,64.9,0,1.0,1.0,1.0,0.0,1
2517407,PB,Nordeste,64.73,91.18,80.0,0,1.0,1.0,1.0,1.0,1
4202404,SC,Sul,64.77,63.89,66.53,0,1.0,1.0,1.0,1.0,1
4203600,SC,Sul,64.77,64.29,66.86,0,1.0,1.0,1.0,1.0,1
4201802,SC,Sul,64.79,71.12,72.52,0,1.0,1.0,1.0,1.0,1
4315156,RS,Sul,64.8,78.42,78.65,0,1.0,1.0,1.0,1.0,1
3303906,RJ,Sudeste,64.81,62.52,65.4,0,1.0,1.0,1.0,1.0,1
4101101,PR,Sul,64.82,65.02,67.47,0,1.0,1.0,1.0,1.0,1
5102850,MT,Centro-Oeste,64.87,63.1,65.88,0,1.0,1.0,1.0,1.0,1
3533601,SP,Sudeste,64.88,69.45,71.14,0,1.0,1.0,1.0,1.0,1
4109807,PR,Sul,64.9,73.36,74.39,0,1.0,1.0,1.0,1.0,1
4304804,RS,Sul,64.9,67.4,69.44,0,1.0,1.0,1.0,1.0,1
5203906,GO,Centro-Oeste,64.95,69.02,70.78,0,1.0,1.0,1.0,1.0,1
3144359,MG,Sudeste,64.96,79.54,79.61,0,1.0,1.0,1.0,1.0,1
5200803,GO,Centro-Oeste,64.99,64.57,67.1,0,1.0,1.0,1.0,1.0,1
3140902,MG,Sudeste,65.0,85.52,80.0,0,1.0,1.0,1.0,1.0,1
4218855,SC,Sul,65.0,67.41,69.44,0,1.0,1.0,1.0,1.0,1
4308078,RS,Sul,65.0,80.0,80.0,0,1.0,1.0,1.0,1.0,1
4321402,RS,Sul,65.0,67.61,69.61,0,1.0,1.0,1.0,1.0,1
3304607,RJ,Sudeste,65.02,64.53,67.06,0,1.0,1.0,1.0,1.0,1
4216800,SC,Sul,65.03,76.47,77.0,0,1.0,1.0,1.0,1.0,1
3505104,SP,Sudeste,65.05,64.82,67.3,0,1.0,1.0,1.0,1.0,1
2312601,CE,Nordeste,65.1,81.66,80.0,0,1.0,1.0,1.0,1.0,1
2210953,PI,Nordeste,65.11,68.75,70.55,0,1.0,1.0,1.0,1.0,1
2206696,PI,Nordeste,65.17,66.93,69.05,0,1.0,1.0,1.0,1.0,1
4202701,SC,Sul,65.2,69.33,71.04,0,1.0,1.0,1.0,1.0,1
3128303,MG,Sudeste,65.21,73.63,74.61,0,1.0,1.0,1.0,1.0,1
3302205,RJ,Sudeste,65.26,68.63,70.46,0,1.0,1.0,1.0,1.0,1
3505351,SP,Sudeste,65.29,65.06,67.5,0,1.0,1.0,1.0,1.0,1
1101559,RO,Norte,65.3,71.95,73.21,0,1.0,1.0,1.0,1.0,1
3203403,ES,Sudeste,65.32,68.04,69.97,0,1.0,1.0,1.0,1.0,1
3556354,SP,Sudeste,65.34,74.45,75.3,0,1.0,1.0,1.0,1.0,1
3305406,RJ,Sudeste,65.37,65.59,67.94,0,1.0,1.0,1.0,1.0,1
2104073,MA,Nordeste,65.38,84.89,80.0,0,1.0,1.0,1.0,1.0,1
3514205,SP,Sudeste,65.38,76.62,77.13,0,1.0,1.0,1.0,1.0,1
5207907,GO,Centro-Oeste,65.41,66.75,68.9,0,1.0,1.0,1.0,1.0,1
1100908,RO,Norte,65.42,70.14,71.71,0,1.0,1.0,1.0,1.0,1
3525607,SP,Sudeste,65.42,81.82,80.0,0,1.0,1.0,1.0,1.0,1
3531407,SP,Sudeste,65.44,73.54,74.54,0,1.0,1.0,1.0,1.0,1
5209903,GO,Centro-Oeste,65.45,64.01,66.63,0,1.0,1.0,1.0,1.0,1
3504107,SP,Sudeste,65.46,70.55,72.05,0,1.0,1.0,1.0,1.0,1
4126678,PR,Sul,65.46,73.85,74.8,0,1.0,1.0,1.0,1.0,1
2919405,BA,Nordeste,65.48,75.0,75.76,0,1.0,1.0,1.0,1.0,1
3118205,MG,Sudeste,65.5,68.73,70.54,0,1.0,1.0,1.0,1.0,1
3510005,SP,Sudeste,65.51,72.74,73.87,0,1.0,1.0,1.0,1.0,1
4203006,SC,Sul,65.51,69.87,71.48,0,1.0,1.0,1.0,1.0,1
3545001,SP,Sudeste,65.52,64.64,67.15,0,1.0,1.0,1.0,1.0,1
3304409,RJ,Sudeste,65.54,65.58,67.93,0,1.0,1.0,1.0,1.0,1
3550902,SP,Sudeste,65.55,62.84,65.66,0,1.0,1.0,1.0,0.0,1
5209705,GO,Centro-Oeste,65.56,68.97,70.74,0,1.0,1.0,1.0,1.0,1
1507979,PA,Norte,65.58,70.72,72.19,0,1.0,1.0,1.0,1.0,1
3556008,SP,Sudeste,65.68,80.62,80.0,0,1.0,1.0,1.0,1.0,1
3160454,MG,Sudeste,65.69,78.11,78.39,0,1.0,1.0,1.0,1.0,1
5003454,MS,Centro-Oeste,65.69,97.01,80.0,0,1.0,1.0,1.0,1.0,1
3141405,MG,Sudeste,65.7,70.27,71.82,0,1.0,1.0,1.0,1.0,1
3160306,MG,Sudeste,65.72,62.95,65.75,0,1.0,0.0,1.0,0.0,1
2203602,PI,Nordeste,65.85,82.88,80.0,0,1.0,1.0,1.0,1.0,1
4117701,PR,Sul,65.93,71.64,72.95,0,1.0,1.0,1.0,1.0,1
4106902,PR,Sul,65.96,70.41,71.93,0,1.0,1.0,1.0,1.0,1
4113007,PR,Sul,66.03,72.27,73.48,0,1.0,1.0,1.0,1.0,1
3500105,SP,Sudeste,66.06,67.41,69.44,0,1.0,1.0,1.0,1.0,1
4128401,PR,Sul,66.07,76.55,77.07,0,1.0,1.0,1.0,1.0,1
4209458,SC,Sul,66.07,78.57,78.78,0,1.0,1.0,1.0,1.0,1
4114401,PR,Sul,66.1,72.22,73.44,0,1.0,1.0,1.0,1.0,1
2111508,MA,Nordeste,66.16,64.56,67.09,0,1.0,1.0,1.0,1.0,1
4104709,PR,Sul,66.18,73.7,74.67,0,1.0,1.0,1.0,1.0,1
2606101,PE,Nordeste,66.22,70.58,72.07,0,1.0,1.0,1.0,1.0,1
5212501,GO,Centro-Oeste,66.27,64.05,66.66,0,1.0,1.0,1.0,1.0,1
4314753,RS,Sul,66.3,85.45,80.0,0,1.0,1.0,1.0,1.0,1
2103703,MA,Nordeste,66.32,65.83,68.14,0,1.0,1.0,1.0,1.0,1
2209559,PI,Nordeste,66.39,87.8,80.0,0,1.0,1.0,1.0,1.0,1
1100155,RO,Norte,66.4,72.39,73.58,0,1.0,1.0,1.0,1.0,1
3104700,MG,Sudeste,66.4,67.11,69.2,0,1.0,1.0,1.0,1.0,1
3543303,SP,Sudeste,66.4,64.35,66.91,0,1.0,1.0,1.0,1.0,1
3510401,SP,Sudeste,66.48,64.47,67.01,0,1.0,1.0,1.0,1.0,1
5106752,MT,Centro-Oeste,66.49,65.94,69.94,0,1.0,1.0,1.0,1.0,1
4300505,RS,Sul,66.5,74.94,75.71,0,1.0,1.0,1.0,1.0,1
3124401,MG,Sudeste,66.53,66.49,68.68,0,1.0,1.0,1.0,1.0,1
3157203,MG,Sudeste,66.55,69.91,71.52,0,1.0,1.0,1.0,1.0,1
4316006,RS,Sul,66.6,88.63,80.0,0,1.0,1.0,1.0,1.0,1
3507308,SP,Sudeste,66.62,71.15,72.55,0,1.0,1.0,1.0,1.0,1
2510709,PB,Nordeste,66.67,79.52,79.59,0,1.0,1.0,1.0,1.0,1
2610301,PE,Nordeste,66.67,74.14,75.04,0,1.0,1.0,1.0,1.0,1
3124609,MG,Sudeste,66.67,87.26,80.0,0,1.0,1.0,1.0,1.0,1
3142908,MG,Sudeste,66.67,80.0,80.0,0,1.0,1.0,1.0,1.0,1
4109104,PR,Sul,66.67,84.38,80.0,0,1.0,1.0,1.0,1.0,1
4215554,SC,Sul,66.67,78.34,78.58,0,1.0,1.0,1.0,1.0,1
3516606,SP,Sudeste,66.68,78.91,79.07,0,1.0,1.0,1.0,1.0,1
1302405,AM,Norte,66.7,64.34,66.9,0,1.0,1.0,1.0,0.0,1
4302220,RS,Sul,66.7,71.42,72.77,0,1.0,1.0,1.0,1.0,1
4305132,RS,Sul,66.7,71.87,73.15,0,1.0,1.0,1.0,1.0,1
4308003,RS,Sul,66.7,79.13,79.26,0,1.0,1.0,1.0,1.0,1
4312955,RS,Sul,66.7,100.0,80.0,0,1.0,1.0,1.0,1.0,1
4317954,RS,Sul,66.7,100.0,80.0,0,1.0,1.0,1.0,1.0,1
4318440,RS,Sul,66.7,76.67,77.17,0,1.0,1.0,1.0,1.0,1
4320578,RS,Sul,66.7,78.57,78.78,0,1.0,1.0,1.0,1.0,1
4323408,RS,Sul,66.7,94.44,80.0,0,1.0,1.0,1.0,1.0,1
4104006,PR,Sul,66.84,70.42,71.94,0,1.0,1.0,1.0,1.0,1
2103109,MA,Nordeste,66.85,69.8,71.43,0,1.0,1.0,1.0,1.0,1
5221809,GO,Centro-Oeste,66.86,78.1,78.38,0,1.0,1.0,1.0,1.0,1
4109609,PR,Sul,66.9,67.35,69.4,0,1.0,1.0,1.0,1.0,1
2107100,MA,Nordeste,66.98,94.83,80.0,0,1.0,1.0,1.0,1.0,1
4115309,PR,Sul,66.98,76.4,76.94,0,1.0,1.0,1.0,1.0,1
3552908,SP,Sudeste,67.0,79.93,79.94,0,1.0,1.0,1.0,1.0,1
4109401,PR,Sul,67.0,74.41,75.27,0,1.0,1.0,1.0,1.0,1
2608909,PE,Nordeste,67.03,72.23,73.45,0,1.0,1.0,1.0,1.0,1
3161056,MG,Sudeste,67.09,68.09,70.01,0,1.0,1.0,1.0,1.0,1
5220264,GO,Centro-Oeste,67.1,81.95,80.0,0,1.0,1.0,1.0,1.0,1
3546801,SP,Sudeste,67.17,72.24,73.45,0,1.0,1.0,1.0,1.0,1
4202909,SC,Sul,67.18,68.68,70.5,0,1.0,1.0,1.0,1.0,1
3524204,SP,Sudeste,67.19,82.62,80.0,0,1.0,1.0,1.0,1.0,1
4120804,PR,Sul,67.24,66.78,68.92,0,1.0,1.0,1.0,1.0,1
4128609,PR,Sul,67.29,81.02,80.0,0,1.0,1.0,1.0,1.0,1
5108808,MT,Centro-Oeste,67.3,68.02,69.95,0,1.0,1.0,1.0,1.0,1
3529609,SP,Sudeste,67.31,67.27,69.33,0,1.0,1.0,1.0,1.0,1
3201100,ES,Sudeste,67.33,67.14,69.22,0,1.0,1.0,1.0,1.0,1
2210805,PI,Nordeste,67.45,88.71,80.0,0,1.0,1.0,1.0,1.0,1
2701407,AL,Nordeste,67.45,65.49,67.86,0,1.0,1.0,1.0,1.0,1
2104552,MA,Nordeste,67.46,80.4,80.0,0,1.0,1.0,1.0,1.0,1
2516607,PB,Nordeste,67.47,75.27,75.99,0,1.0,1.0,1.0,1.0,1
3532603,SP,Sudeste,67.47,66.5,68.69,0,1.0,1.0,1.0,1.0,1
4309506,RS,Sul,67.5,70.37,71.9,0,1.0,1.0,1.0,1.0,1
2510105,PB,Nordeste,67.53,66.12,68.38,0,1.0,1.0,1.0,1.0,1
3119500,MG,Sudeste,67.56,65.72,68.05,0,1.0,1.0,1.0,1.0,1
2502706,PB,Nordeste,67.57,82.74,80.0,0,1.0,1.0,1.0,1.0,1
3143609,MG,Sudeste,67.59,96.43,80.0,0,1.0,1.0,1.0,1.0,1
1100940,RO,Norte,67.6,77.47,77.84,0,1.0,1.0,1.0,1.0,1
4101606,PR,Sul,67.63,75.42,76.12,0,1.0,1.0,1.0,1.0,1
3162609,MG,Sudeste,67.66,83.42,80.0,0,1.0,1.0,1.0,1.0,1
3152170,MG,Sudeste,67.71,72.63,73.78,0,1.0,1.0,1.0,1.0,1
3205200,ES,Sudeste,67.75,68.08,70.0,0,1.0,1.0,1.0,1.0,1
4118006,PR,Sul,67.76,74.89,75.67,0,1.0,1.0,1.0,1.0,1
3501004,SP,Sudeste,67.78,68.51,70.36,0,1.0,1.0,1.0,1.0,1
4305871,RS,Sul,67.8,84.76,80.0,0,1.0,1.0,1.0,1.0,1
4321626,RS,Sul,67.8,87.67,80.0,0,1.0,1.0,1.0,1.0,1
2105658,MA,Nordeste,67.86,94.78,80.0,0,1.0,1.0,1.0,1.0,1
2110609,MA,Nordeste,67.87,74.43,75.28,0,1.0,1.0,1.0,1.0,1
3537156,SP,Sudeste,67.92,69.7,71.34,0,1.0,1.0,1.0,1.0,1
3203007,ES,Sudeste,67.97,71.93,73.2,0,1.0,1.0,1.0,1.0,1
3553906,SP,Sudeste,67.98,78.46,78.69,0,1.0,1.0,1.0,1.0,1
4113304,PR,Sul,68.0,72.14,73.37,0,1.0,1.0,1.0,1.0,1
4303806,RS,Sul,68.0,91.46,80.0,0,1.0,1.0,1.0,1.0,1
4320206,RS,Sul,68.0,83.74,80.0,0,1.0,1.0,1.0,1.0,1
5208400,GO,Centro-Oeste,68.02,74.4,75.26,0,1.0,1.0,1.0,1.0,1
2608057,PE,Nordeste,68.05,76.14,76.72,0,1.0,1.0,1.0,1.0,1
4211207,SC,Sul,68.09,68.02,69.95,0,1.0,1.0,1.0,1.0,1
3114006,MG,Sudeste,68.1,79.05,79.19,0,1.0,1.0,1.0,1.0,1
3201605,ES,Sudeste,68.12,73.7,74.67,0,1.0,1.0,1.0,1.0,1
4127908,PR,Sul,68.12,71.46,72.81,0,1.0,1.0,1.0,1.0,1
4215307,SC,Sul,68.23,78.0,78.29,0,1.0,1.0,1.0,1.0,1
4218707,SC,Sul,68.26,70.32,71.86,0,1.0,1.0,1.0,1.0,1
2605608,PE,Nordeste,68.28,74.26,75.14,0,1.0,1.0,1.0,1.0,1
3121209,MG,Sudeste,68.3,79.23,79.34,0,1.0,1.0,1.0,1.0,1
4117057,PR,Sul,68.33,77.48,77.85,0,1.0,1.0,1.0,1.0,1
2105450,MA,Nordeste,68.34,72.81,73.93,0,1.0,1.0,1.0,1.0,1
3164001,MG,Sudeste,68.34,81.45,80.0,0,1.0,1.0,1.0,1.0,1
3544806,SP,Sudeste,68.37,67.97,69.91,0,1.0,1.0,1.0,1.0,1
2615805,PE,Nordeste,68.38,68.57,70.41,0,1.0,1.0,1.0,1.0,1
4127601,PR,Sul,68.4,78.76,78.94,0,1.0,1.0,1.0,1.0,1
4313805,RS,Sul,68.4,84.12,80.0,0,1.0,1.0,1.0,1.0,1
3107307,MG,Sudeste,68.42,68.82,70.61,0,1.0,1.0,1.0,1.0,1
3541703,SP,Sudeste,68.43,66.25,68.48,0,1.0,1.0,1.0,0.0,1
2201606,PI,Nordeste,68.49,77.58,77.94,0,1.0,1.0,1.0,1.0,1
4322004,RS,Sul,68.5,66.82,68.96,0,1.0,1.0,1.0,1.0,1
3300233,RJ,Sudeste,68.56,67.2,69.27,0,1.0,1.0,1.0,1.0,1
4215455,SC,Sul,68.6,69.26,70.98,0,1.0,1.0,1.0,1.0,1
3116506,MG,Sudeste,68.63,70.05,71.63,0,1.0,1.0,1.0,1.0,1
4112108,PR,Sul,68.64,76.99,77.44,0,1.0,1.0,1.0,1.0,1
5217203,GO,Centro-Oeste,68.65,78.1,78.38,0,1.0,1.0,1.0,1.0,1
5107107,MT,Centro-Oeste,68.7,90.1,80.0,0,1.0,1.0,1.0,1.0,1
4202875,SC,Sul,68.75,66.67,68.83,0,1.0,1.0,1.0,0.0,1
4214904,SC,Sul,68.78,78.36,78.6,0,1.0,1.0,1.0,1.0,1
3205101,ES,Sudeste,68.8,70.14,71.71,0,1.0,1.0,1.0,1.0,1
4323309,RS,Sul,68.8,90.54,80.0,0,1.0,1.0,1.0,1.0,1
3139508,MG,Sudeste,68.84,68.6,70.43,0,1.0,1.0,1.0,1.0,1
4107009,PR,Sul,68.88,80.2,80.0,0,1.0,1.0,1.0,1.0,1
2109403,MA,Nordeste,68.97,75.54,76.22,0,1.0,1.0,1.0,1.0,1
3120839,MG,Sudeste,69.0,98.0,80.0,0,1.0,1.0,1.0,1.0,1
4305447,RS,Sul,69.0,71.05,72.46,0,1.0,1.0,1.0,1.0,1
2303709,CE,Nordeste,69.01,67.04,69.14,0,1.0,1.0,1.0,0.0,1
4101804,PR,Sul,69.02,69.52,71.19,0,1.0,1.0,1.0,1.0,1
2612455,PE,Nordeste,69.1,69.26,70.98,0,1.0,1.0,1.0,1.0,1
2614600,PE,Nordeste,69.1,72.93,74.03,0,1.0,1.0,1.0,1.0,1
4321469,RS,Sul,69.1,87.5,80.0,0,1.0,1.0,1.0,1.0,1
5206206,GO,Centro-Oeste,69.1,67.92,69.87,0,1.0,1.0,1.0,1.0,1
1100320,RO,Norte,69.13,67.75,69.73,0,1.0,1.0,1.0,1.0,1
1101203,RO,Norte,69.17,72.5,73.67,0,1.0,1.0,1.0,1.0,1
4104204,PR,Sul,69.19,73.34,74.37,0,1.0,1.0,1.0,1.0,1
4104659,PR,Sul,69.2,75.09,75.84,0,1.0,1.0,1.0,1.0,1
4212403,SC,Sul,69.2,81.73,80.0,0,1.0,1.0,1.0,1.0,1
4307864,RS,Sul,69.2,92.86,80.0,0,1.0,1.0,1.0,1.0,1
4322558,RS,Sul,69.2,83.67,80.0,0,1.0,1.0,1.0,1.0,1
4215679,SC,Sul,69.26,83.61,80.0,0,1.0,1.0,1.0,1.0,1
3137700,MG,Sudeste,69.27,72.03,73.28,0,1.0,1.0,1.0,1.0,1
4103503,PR,Sul,69.28,81.85,80.0,0,1.0,1.0,1.0,1.0,1
2515203,PB,Nordeste,69.29,94.99,80.0,0,1.0,1.0,1.0,1.0,1
2106805,MA,Nordeste,69.37,91.54,80.0,0,1.0,1.0,1.0,1.0,1
3203320,ES,Sudeste,69.4,73.28,74.32,0,1.0,1.0,1.0,1.0,1
3539202,SP,Sudeste,69.44,75.08,75.83,0,1.0,1.0,1.0,1.0,1
4128633,PR,Sul,69.45,76.32,76.87,0,1.0,1.0,1.0,1.0,1
4117800,PR,Sul,69.5,74.27,75.15,0,1.0,1.0,1.0,1.0,1
3303005,RJ,Sudeste,69.51,67.56,69.57,0,1.0,1.0,1.0,0.0,1
4203907,SC,Sul,69.54,72.28,73.49,0,1.0,1.0,1.0,1.0,1
4215752,SC,Sul,69.54,83.02,80.0,0,1.0,1.0,1.0,1.0,1
4122107,PR,Sul,69.55,94.5,80.0,0,1.0,1.0,1.0,1.0,1
3554904,SP,Sudeste,69.58,89.53,80.0,0,1.0,1.0,1.0,1.0,1
4219150,SC,Sul,69.58,88.99,80.0,0,1.0,1.0,1.0,1.0,1
3512407,SP,Sudeste,69.6,74.43,75.28,0,1.0,1.0,1.0,1.0,1
4312252,RS,Sul,69.6,73.26,74.31,0,1.0,1.0,1.0,1.0,1
2102002,MA,Nordeste,69.64,94.62,80.0,0,1.0,1.0,1.0,1.0,1
4110300,PR,Sul,69.71,73.73,74.7,0,1.0,1.0,1.0,1.0,1
4207007,SC,Sul,69.72,69.76,71.39,0,1.0,1.0,1.0,1.0,1
4110409,PR,Sul,69.81,80.01,80.0,0,1.0,1.0,1.0,1.0,1
4101853,PR,Sul,69.82,75.6,76.27,0,1.0,1.0,1.0,1.0,1
3162906,MG,Sudeste,69.83,68.55,70.39,0,1.0,1.0,1.0,1.0,1
3204302,ES,Sudeste,69.85,68.35,70.22,0,1.0,1.0,1.0,1.0,1
3515350,SP,Sudeste,69.86,75.97,76.58,0,1.0,1.0,1.0,1.0,1
2201051,PI,Nordeste,69.88,84.48,80.0,0,1.0,1.0,1.0,1.0,1
4126108,PR,Sul,69.88,88.97,80.0,0,1.0,1.0,1.0,1.0,1
2511004,PB,Nordeste,69.89,95.61,80.0,0,1.0,1.0,1.0,1.0,1
4317806,RS,Sul,69.9,77.71,78.05,0,1.0,1.0,1.0,1.0,1
1101401,RO,Norte,69.92,72.19,73.41,0,1.0,1.0,1.0,1.0,1
3158953,MG,Sudeste,69.95,69.78,71.41,0,1.0,1.0,1.0,1.0,1
3161601,MG,Sudeste,70.0,69.23,70.95,0,1.0,1.0,1.0,1.0,1
5100607,MT,Centro-Oeste,70.01,72.32,73.52,0,1.0,1.0,1.0,1.0,1
4110201,PR,Sul,70.03,73.43,74.45,0,1.0,1.0,1.0,1.0,1
2612703,PE,Nordeste,70.05,83.17,80.0,0,1.0,1.0,1.0,1.0,1
4102901,PR,Sul,70.06,80.76,80.0,0,1.0,1.0,1.0,1.0,1
2607307,PE,Nordeste,70.08,72.0,73.25,0,1.0,1.0,1.0,1.0,1
3540606,SP,Sudeste,70.08,73.63,74.61,0,1.0,1.0,1.0,1.0,1
3116001,MG,Sudeste,70.09,89.1,80.0,0,1.0,1.0,1.0,1.0,1
4323101,RS,Sul,70.1,72.28,73.49,0,1.0,1.0,1.0,1.0,1
4128708,PR,Sul,70.19,71.38,72.74,0,1.0,1.0,1.0,1.0,1
4110078,PR,Sul,70.26,71.92,73.19,0,1.0,1.0,1.0,1.0,1
4123857,PR,Sul,70.26,76.25,76.81,0,1.0,1.0,1.0,1.0,1
2920304,BA,Nordeste,70.27,70.36,71.89,0,1.0,1.0,1.0,1.0,1
3162807,MG,Sudeste,70.27,92.58,80.0,0,1.0,1.0,1.0,1.0,1
4318424,RS,Sul,70.3,76.53,77.05,0,1.0,1.0,1.0,1.0,1
4204905,SC,Sul,70.31,80.41,80.0,0,1.0,1.0,1.0,1.0,1
1715150,TO,Norte,70.33,71.67,72.98,0,1.0,1.0,1.0,1.0,1
4109757,PR,Sul,70.35,72.84,73.95,0,1.0,1.0,1.0,1.0,1
4316501,RS,Sul,70.4,88.12,80.0,0,1.0,1.0,1.0,1.0,1
3115201,MG,Sudeste,70.43,68.75,70.55,0,1.0,1.0,1.0,0.0,1
2111409,MA,Nordeste,70.44,74.81,75.6,0,1.0,1.0,1.0,1.0,1
4205605,SC,Sul,70.47,80.83,80.0,0,1.0,1.0,1.0,1.0,1
3525904,SP,Sudeste,70.49,69.22,70.94,0,1.0,1.0,1.0,1.0,1
4125605,PR,Sul,70.57,83.07,80.0,0,1.0,1.0,1.0,1.0,1
3520608,SP,Sudeste,70.59,81.63,80.0,0,1.0,1.0,1.0,1.0,1
4214607,SC,Sul,70.6,81.39,80.0,0,1.0,1.0,1.0,1.0,1
1101104,RO,Norte,70.62,98.79,80.0,0,1.0,1.0,1.0,1.0,1
1100502,RO,Norte,70.67,72.53,73.7,0,1.0,1.0,1.0,1.0,1
2506251,PB,Nordeste,70.71,78.26,78.52,0,1.0,1.0,1.0,1.0,1
4125308,PR,Sul,70.73,82.98,80.0,0,1.0,1.0,1.0,1.0,1
2501203,PB,Nordeste,70.75,92.86,80.0,0,1.0,1.0,1.0,1.0,1
2307106,CE,Nordeste,70.8,77.88,78.19,0,1.0,1.0,1.0,1.0,1
3542107,SP,Sudeste,70.8,84.05,80.0,0,1.0,1.0,1.0,1.0,1
4320701,RS,Sul,70.8,82.34,80.0,0,1.0,1.0,1.0,1.0,1
5207808,GO,Centro-Oeste,70.8,76.84,77.31,0,1.0,1.0,1.0,1.0,1
5207535,GO,Centro-Oeste,70.81,73.62,74.61,0,1.0,1.0,1.0,1.0,1
3507407,SP,Sudeste,70.83,93.18,80.0,0,1.0,1.0,1.0,1.0,1
4105409,PR,Sul,70.85,80.73,80.0,0,1.0,1.0,1.0,1.0,1
4114351,PR,Sul,70.91,91.01,80.0,0,1.0,1.0,1.0,1.0,1
3151701,MG,Sudeste,70.92,81.87,80.0,0,1.0,1.0,1.0,1.0,1
4217501,SC,Sul,70.92,83.55,80.0,0,1.0,1.0,1.0,1.0,1
3110004,MG,Sudeste,70.95,73.48,74.49,0,1.0,1.0,1.0,1.0,1
2100204,MA,Nordeste,70.97,73.46,74.47,0,1.0,1.0,1.0,1.0,1
3171907,MG,Sudeste,70.97,87.28,80.0,0,1.0,1.0,1.0,1.0,1
4101507,PR,Sul,70.97,75.98,76.59,0,1.0,1.0,1.0,1.0,1
3139102,MG,Sudeste,71.05,69.45,71.14,0,1.0,1.0,1.0,0.0,1
4118501,PR,Sul,71.14,78.22,78.48,0,1.0,1.0,1.0,1.0,1
1100098,RO,Norte,71.16,85.33,80.0,0,1.0,1.0,1.0,1.0,1
4109302,PR,Sul,71.17,80.03,80.0,0,1.0,1.0,1.0,1.0,1
4216909,SC,Sul,71.25,71.41,72.76,0,1.0,1.0,1.0,1.0,1
4103222,PR,Sul,71.33,82.0,80.0,0,1.0,1.0,1.0,1.0,1
4124707,PR,Sul,71.33,81.2,80.0,0,1.0,1.0,1.0,1.0,1
3102902,MG,Sudeste,71.37,78.03,78.32,0,1.0,1.0,1.0,1.0,1
4115606,PR,Sul,71.4,73.52,74.52,0,1.0,1.0,1.0,1.0,1
4207809,SC,Sul,71.4,73.89,74.83,0,1.0,1.0,1.0,1.0,1
4308250,RS,Sul,71.4,85.71,80.0,0,1.0,1.0,1.0,1.0,1
4309555,RS,Sul,71.4,85.53,80.0,0,1.0,1.0,1.0,1.0,1
4312757,RS,Sul,71.4,90.0,80.0,0,1.0,1.0,1.0,1.0,1
5103908,MT,Centro-Oeste,71.41,89.12,80.0,0,1.0,1.0,1.0,1.0,1
4106704,PR,Sul,71.42,71.43,72.78,0,1.0,1.0,1.0,1.0,1
3123528,MG,Sudeste,71.43,78.2,78.46,0,1.0,1.0,1.0,1.0,1
5212600,GO,Centro-Oeste,71.43,97.33,80.0,0,1.0,1.0,1.0,1.0,1
5103601,MT,Centro-Oeste,71.45,88.28,80.0,0,1.0,1.0,1.0,1.0,1
4108957,PR,Sul,71.55,79.53,79.6,0,1.0,1.0,1.0,1.0,1
4109708,PR,Sul,71.64,72.88,73.99,0,1.0,1.0,1.0,1.0,1
3162575,MG,Sudeste,71.7,79.89,79.91,0,1.0,1.0,1.0,1.0,1
3162559,MG,Sudeste,71.72,76.73,77.22,0,1.0,1.0,1.0,1.0,1
4107603,PR,Sul,71.76,83.44,80.0,0,1.0,1.0,1.0,1.0,1
4304655,RS,Sul,71.8,88.68,80.0,0,1.0,1.0,1.0,1.0,1
1507755,PA,Norte,71.84,79.88,79.9,0,1.0,1.0,1.0,1.0,1
4122404,PR,Sul,71.84,73.4,74.42,0,1.0,1.0,1.0,1.0,1
3514304,SP,Sudeste,71.85,71.5,72.84,0,1.0,1.0,1.0,1.0,1
3519501,SP,Sudeste,71.85,89.02,80.0,0,1.0,1.0,1.0,1.0,1
2101103,MA,Nordeste,71.88,81.88,80.0,0,1.0,1.0,1.0,1.0,1
3108206,MG,Sudeste,71.88,81.81,80.0,0,1.0,1.0,1.0,1.0,1
4318408,RS,Sul,71.9,81.83,80.0,0,1.0,1.0,1.0,1.0,1
4218509,SC,Sul,71.92,74.33,75.2,0,1.0,1.0,1.0,1.0,1
4203808,SC,Sul,71.93,73.93,74.87,0,1.0,1.0,1.0,1.0,1
1100924,RO,Norte,71.99,80.72,80.0,0,1.0,1.0,1.0,1.0,1
3162302,MG,Sudeste,72.0,78.13,78.4,0,1.0,1.0,1.0,1.0,1
4108304,PR,Sul,72.01,73.01,74.1,0,1.0,1.0,1.0,1.0,1
3205036,ES,Sudeste,72.05,70.93,72.36,0,1.0,1.0,1.0,1.0,1
3501202,SP,Sudeste,72.05,78.62,78.82,0,1.0,1.0,1.0,1.0,1
4215075,SC,Sul,72.07,83.43,80.0,0,1.0,1.0,1.0,1.0,1
4215406,SC,Sul,72.08,85.44,80.0,0,1.0,1.0,1.0,1.0,1
3121803,MG,Sudeste,72.13,82.4,80.0,0,1.0,1.0,1.0,1.0,1
4117222,PR,Sul,72.16,77.8,78.12,0,1.0,1.0,1.0,1.0,1
2207405,PI,Nordeste,72.22,70.83,72.28,0,1.0,1.0,1.0,0.0,1
3103207,MG,Sudeste,72.22,84.62,80.0,0,1.0,1.0,1.0,1.0,1
3527256,SP,Sudeste,72.22,74.02,74.94,0,1.0,1.0,1.0,1.0,1
3532843,SP,Sudeste,72.22,78.95,79.1,0,1.0,1.0,1.0,1.0,1
5207402,GO,Centro-Oeste,72.29,82.36,80.0,0,1.0,1.0,1.0,1.0,1
2114007,MA,Nordeste,72.3,81.54,80.0,0,1.0,1.0,1.0,1.0,1
3548104,SP,Sudeste,72.45,71.46,72.81,0,1.0,1.0,1.0,1.0,1
3114808,MG,Sudeste,72.5,80.29,80.0,0,1.0,1.0,1.0,1.0,1
3528205,SP,Sudeste,72.5,82.52,80.0,0,1.0,1.0,1.0,1.0,1
3512100,SP,Sudeste,72.63,90.59,80.0,0,1.0,1.0,1.0,1.0,1
2509339,PB,Nordeste,72.67,79.28,79.38,0,1.0,1.0,1.0,1.0,1
4109203,PR,Sul,72.67,72.75,73.88,0,1.0,1.0,1.0,1.0,1
3170438,MG,Sudeste,72.68,72.25,73.46,0,1.0,1.0,1.0,1.0,1
4308458,RS,Sul,72.7,100.0,80.0,0,1.0,1.0,1.0,1.0,1
3128501,MG,Sudeste,72.73,88.16,80.0,0,1.0,1.0,1.0,1.0,1
3157377,MG,Sudeste,72.73,83.36,80.0,0,1.0,1.0,1.0,1.0,1
5206602,GO,Centro-Oeste,72.73,76.19,76.76,0,1.0,1.0,1.0,1.0,1
4102406,PR,Sul,72.78,75.41,76.11,0,1.0,1.0,1.0,1.0,1
1100122,RO,Norte,72.81,81.83,80.0,0,1.0,1.0,1.0,1.0,1
4117255,PR,Sul,72.83,80.81,80.0,0,1.0,1.0,1.0,1.0,1
4113452,PR,Sul,72.9,86.49,80.0,0,1.0,1.0,1.0,1.0,1
2105351,MA,Nordeste,72.99,86.12,80.0,0,1.0,1.0,1.0,1.0,1
4113700,PR,Sul,72.99,73.87,74.82,0,1.0,1.0,1.0,1.0,1
2100402,MA,Nordeste,73.02,90.52,80.0,0,1.0,1.0,1.0,1.0,1
3517901,SP,Sudeste,73.02,73.82,74.77,0,1.0,1.0,1.0,1.0,1
2210359,PI,Nordeste,73.08,100.0,80.0,0,1.0,1.0,1.0,1.0,1
3514957,SP,Sudeste,73.08,88.89,80.0,0,1.0,1.0,1.0,1.0,1
4125555,PR,Sul,73.08,95.44,80.0,0,1.0,1.0,1.0,1.0,1
4114807,PR,Sul,73.09,73.24,74.29,0,1.0,1.0,1.0,1.0,1
4128203,PR,Sul,73.17,74.94,75.71,0,1.0,1.0,1.0,1.0,1
3507704,SP,Sudeste,73.18,93.87,80.0,0,1.0,1.0,1.0,1.0,1
5004007,MS,Centro-Oeste,73.2,78.91,79.07,0,1.0,1.0,1.0,1.0,1
4106407,PR,Sul,73.21,76.78,77.26,0,1.0,1.0,1.0,1.0,1
4217758,SC,Sul,73.21,76.19,76.76,0,1.0,1.0,1.0,1.0,1
5201108,GO,Centro-Oeste,73.22,72.21,73.43,0,1.0,1.0,1.0,1.0,1
2702108,AL,Nordeste,73.25,84.66,80.0,0,1.0,1.0,1.0,1.0,1
3111150,MG,Sudeste,73.26,84.73,80.0,0,1.0,1.0,1.0,1.0,1
3158409,MG,Sudeste,73.26,85.23,80.0,0,1.0,1.0,1.0,1.0,1
5203401,GO,Centro-Oeste,73.26,79.14,79.26,0,1.0,1.0,1.0,1.0,1
4319711,RS,Sul,73.3,94.12,80.0,0,1.0,1.0,1.0,1.0,1
3533304,SP,Sudeste,73.33,77.92,78.23,0,1.0,1.0,1.0,1.0,1
3122504,MG,Sudeste,73.35,74.74,75.54,0,1.0,1.0,1.0,1.0,1
4124608,PR,Sul,73.36,78.29,78.54,0,1.0,1.0,1.0,1.0,1
3536000,SP,Sudeste,73.38,75.58,76.25,0,1.0,1.0,1.0,1.0,1
4119608,PR,Sul,73.42,72.99,74.08,0,1.0,1.0,1.0,1.0,1
5001243,MS,Centro-Oeste,73.43,73.91,74.85,0,1.0,1.0,1.0,1.0,1
4106605,PR,Sul,73.47,74.06,74.97,0,1.0,1.0,1.0,1.0,1
3161304,MG,Sudeste,73.5,76.55,77.07,0,1.0,1.0,1.0,1.0,1
2205003,PI,Nordeste,73.67,74.15,75.05,0,1.0,1.0,1.0,1.0,1
2200806,PI,Nordeste,73.81,95.63,80.0,0,1.0,1.0,1.0,1.0,1
2301703,CE,Nordeste,73.84,72.85,73.96,0,1.0,1.0,1.0,1.0,1
4120333,PR,Sul,73.85,76.64,77.14,0,1.0,1.0,1.0,1.0,1
4111704,PR,Sul,73.86,82.7,80.0,0,1.0,1.0,1.0,1.0,1
4311601,RS,Sul,73.9,73.29,74.33,0,1.0,1.0,1.0,1.0,1
5211602,GO,Centro-Oeste,73.91,80.84,80.0,0,1.0,1.0,1.0,1.0,1
3100401,MG,Sudeste,73.93,87.39,80.0,0,1.0,1.0,1.0,1.0,1
4302204,RS,Sul,74.0,81.93,80.0,0,1.0,1.0,1.0,1.0,1
4107900,PR,Sul,74.01,76.39,76.93,0,1.0,1.0,1.0,1.0,1
4117107,PR,Sul,74.05,77.67,78.01,0,1.0,1.0,1.0,1.0,1
4119400,PR,Sul,74.06,72.99,74.08,0,1.0,1.0,1.0,0.0,1
4108551,PR,Sul,74.07,94.55,80.0,0,1.0,1.0,1.0,1.0,1
4121109,PR,Sul,74.15,76.75,77.24,0,1.0,1.0,1.0,1.0,1
3113602,MG,Sudeste,74.18,97.42,80.0,0,1.0,1.0,1.0,1.0,1
2307502,CE,Nordeste,74.29,75.38,76.08,0,1.0,1.0,1.0,1.0,1
5106802,MT,Centro-Oeste,74.29,75.58,76.25,0,1.0,1.0,1.0,1.0,1
4118402,PR,Sul,74.3,80.45,80.0,0,1.0,1.0,1.0,1.0,1
4104808,PR,Sul,74.34,80.11,80.0,0,1.0,1.0,1.0,1.0,1
4125456,PR,Sul,74.36,83.2,80.0,0,1.0,1.0,1.0,1.0,1
4128500,PR,Sul,74.37,81.05,80.0,0,1.0,1.0,1.0,1.0,1
5215652,GO,Centro-Oeste,74.42,79.55,79.61,0,1.0,1.0,1.0,1.0,1
3167905,MG,Sudeste,74.43,80.53,80.0,0,1.0,1.0,1.0,1.0,1
2100956,MA,Nordeste,74.44,76.25,76.81,0,1.0,1.0,1.0,1.0,1
2300903,CE,Nordeste,74.45,80.8,80.0,0,1.0,1.0,1.0,1.0,1
3532504,SP,Sudeste,74.47,90.57,80.0,0,1.0,1.0,1.0,1.0,1
4100459,PR,Sul,74.47,79.08,79.21,0,1.0,1.0,1.0,1.0,1
3204500,ES,Sudeste,74.54,83.8,80.0,0,1.0,1.0,1.0,1.0,1
2112852,MA,Nordeste,74.55,86.07,80.0,0,1.0,1.0,1.0,1.0,1
4104907,PR,Sul,74.56,74.26,75.14,0,1.0,1.0,1.0,1.0,1
4118600,PR,Sul,74.56,77.55,77.91,0,1.0,1.0,1.0,1.0,1
4106506,PR,Sul,74.6,80.52,80.0,0,1.0,1.0,1.0,1.0,1
2107704,MA,Nordeste,74.65,78.85,79.02,0,1.0,1.0,1.0,1.0,1
4116901,PR,Sul,74.65,74.13,75.03,0,1.0,1.0,1.0,1.0,1
4114005,PR,Sul,74.68,93.95,80.0,0,1.0,1.0,1.0,1.0,1
4308706,RS,Sul,74.7,78.81,78.98,0,1.0,1.0,1.0,1.0,1
2515906,PB,Nordeste,74.71,83.64,80.0,0,1.0,1.0,1.0,1.0,1
2109239,MA,Nordeste,74.73,75.46,76.15,0,1.0,1.0,1.0,1.0,1
5107297,MT,Centro-Oeste,74.75,80.66,80.0,0,1.0,1.0,1.0,1.0,1
2304400,CE,Nordeste,74.81,74.03,74.95,0,1.0,1.0,1.0,1.0,1
4113205,PR,Sul,74.83,81.08,80.0,0,1.0,1.0,1.0,1.0,1
3117405,MG,Sudeste,74.88,90.0,80.0,0,1.0,1.0,1.0,1.0,1
4201208,SC,Sul,74.89,74.47,75.32,0,1.0,1.0,1.0,1.0,1
4105508,PR,Sul,74.95,79.56,79.62,0,1.0,1.0,1.0,1.0,1
4116703,PR,Sul,74.99,82.25,80.0,0,1.0,1.0,1.0,1.0,1
2202075,PI,Nordeste,75.0,100.0,80.0,0,1.0,1.0,1.0,1.0,1
2210102,PI,Nordeste,75.0,76.0,76.6,0,1.0,1.0,1.0,1.0,1
3527504,SP,Sudeste,75.0,74.86,75.65,0,1.0,1.0,1.0,1.0,1
4120309,PR,Sul,75.0,84.62,80.0,0,1.0,1.0,1.0,1.0,1
4312351,RS,Sul,75.0,100.0,80.0,0,1.0,1.0,1.0,1.0,1
4312443,RS,Sul,75.0,80.01,80.0,0,1.0,1.0,1.0,1.0,1
4314068,RS,Sul,75.0,85.26,80.0,0,1.0,1.0,1.0,1.0,1
4315172,RS,Sul,75.0,79.98,79.98,0,1.0,1.0,1.0,1.0,1
3111101,MG,Sudeste,75.03,77.26,77.67,0,1.0,1.0,1.0,1.0,1
4103305,PR,Sul,75.03,87.15,80.0,0,1.0,1.0,1.0,1.0,1
5106190,MT,Centro-Oeste,75.07,79.22,79.33,0,1.0,1.0,1.0,1.0,1
4109005,PR,Sul,75.09,87.9,80.0,0,1.0,1.0,1.0,1.0,1
2612208,PE,Nordeste,75.13,75.94,76.55,0,1.0,1.0,1.0,1.0,1
4123709,PR,Sul,75.13,84.22,80.0,0,1.0,1.0,1.0,1.0,1
4102307,PR,Sul,75.18,75.83,76.46,0,1.0,1.0,1.0,1.0,1
4102109,PR,Sul,75.21,79.57,79.63,0,1.0,1.0,1.0,1.0,1
3162948,MG,Sudeste,75.22,85.61,80.0,0,1.0,1.0,1.0,1.0,1
4204301,SC,Sul,75.26,76.4,76.94,0,1.0,1.0,1.0,1.0,1
3119807,MG,Sudeste,75.27,84.09,80.0,0,1.0,1.0,1.0,1.0,1
4215356,SC,Sul,75.29,95.13,80.0,0,1.0,1.0,1.0,1.0,1
3120805,MG,Sudeste,75.3,97.18,80.0,0,1.0,1.0,1.0,1.0,1
4316204,RS,Sul,75.3,87.52,80.0,0,1.0,1.0,1.0,1.0,1
4115002,PR,Sul,75.36,84.46,80.0,0,1.0,1.0,1.0,1.0,1
4111209,PR,Sul,75.37,75.48,76.17,0,1.0,1.0,1.0,1.0,1
5218052,GO,Centro-Oeste,75.38,83.88,80.0,0,1.0,1.0,1.0,1.0,1
2305407,CE,Nordeste,75.41,80.08,80.0,0,1.0,1.0,1.0,1.0,1
5212303,GO,Centro-Oeste,75.41,77.67,78.01,0,1.0,1.0,1.0,1.0,1
4127858,PR,Sul,75.42,79.37,79.46,0,1.0,1.0,1.0,1.0,1
3539004,SP,Sudeste,75.61,83.68,80.0,0,1.0,1.0,1.0,1.0,1
4204152,SC,Sul,75.67,77.35,77.74,0,1.0,1.0,1.0,1.0,1
3147600,MG,Sudeste,75.75,85.63,80.0,0,1.0,1.0,1.0,1.0,1
5200308,GO,Centro-Oeste,75.79,76.28,76.84,0,1.0,1.0,1.0,1.0,1
2300408,CE,Nordeste,75.83,75.14,75.88,0,1.0,1.0,1.0,1.0,1
3551306,SP,Sudeste,75.86,83.75,80.0,0,1.0,1.0,1.0,1.0,1
3202603,ES,Sudeste,75.87,76.34,76.89,0,1.0,1.0,1.0,1.0,1
4119905,PR,Sul,75.9,75.79,76.43,0,1.0,1.0,1.0,1.0,1
3107802,MG,Sudeste,75.91,93.18,80.0,0,1.0,1.0,1.0,1.0,1
3109204,MG,Sudeste,75.91,82.01,80.0,0,1.0,1.0,1.0,1.0,1
2201919,PI,Nordeste,75.94,87.91,80.0,0,1.0,1.0,1.0,1.0,1
3168507,MG,Sudeste,75.97,75.5,76.18,0,1.0,1.0,1.0,1.0,1
4304903,RS,Sul,76.0,83.0,80.0,0,1.0,1.0,1.0,1.0,1
4316303,RS,Sul,76.0,75.71,76.36,0,1.0,1.0,1.0,1.0,1
3116209,MG,Sudeste,76.01,77.53,77.9,0,1.0,1.0,1.0,1.0,1
4200200,SC,Sul,76.03,81.23,80.0,0,1.0,1.0,1.0,1.0,1
4210506,SC,Sul,76.03,84.42,80.0,0,1.0,1.0,1.0,1.0,1
3534807,SP,Sudeste,76.07,82.02,80.0,0,1.0,1.0,1.0,1.0,1
1700350,TO,Norte,76.09,95.52,80.0,0,1.0,1.0,1.0,1.0,1
3162005,MG,Sudeste,76.14,76.27,76.83,0,1.0,1.0,1.0,1.0,1
4125407,PR,Sul,76.15,80.7,80.0,0,1.0,1.0,1.0,1.0,1
2211407,PI,Nordeste,76.19,93.66,80.0,0,1.0,1.0,1.0,1.0,1
4210001,SC,Sul,76.19,80.43,80.0,0,1.0,1.0,1.0,1.0,1
5212253,GO,Centro-Oeste,76.19,80.95,80.0,0,1.0,1.0,1.0,1.0,1
5215009,GO,Centro-Oeste,76.22,86.43,80.0,0,1.0,1.0,1.0,1.0,1
4201604,SC,Sul,76.24,92.0,80.0,0,1.0,1.0,1.0,1.0,1
2301851,CE,Nordeste,76.25,80.28,80.0,0,1.0,1.0,1.0,1.0,1
3121704,MG,Sudeste,76.25,78.42,78.65,0,1.0,1.0,1.0,1.0,1
4122503,PR,Sul,76.32,83.73,80.0,0,1.0,1.0,1.0,1.0,1
2305357,CE,Nordeste,76.34,82.16,80.0,0,1.0,1.0,1.0,1.0,1
4103701,PR,Sul,76.35,79.11,79.24,0,1.0,1.0,1.0,1.0,1
3205176,ES,Sudeste,76.41,83.46,80.0,0,1.0,1.0,1.0,1.0,1
4108403,PR,Sul,76.41,79.67,79.72,0,1.0,1.0,1.0,1.0,1
2203404,PI,Nordeste,76.45,77.13,77.56,0,1.0,1.0,1.0,1.0,1
4123006,PR,Sul,76.46,85.46,80.0,0,1.0,1.0,1.0,1.0,1
3137536,MG,Sudeste,76.48,81.75,80.0,0,1.0,1.0,1.0,1.0,1
4310579,RS,Sul,76.5,80.62,80.0,0,1.0,1.0,1.0,1.0,1
4301701,RS,Sul,76.6,92.23,80.0,0,1.0,1.0,1.0,1.0,1
3537701,SP,Sudeste,76.68,83.2,80.0,0,1.0,1.0,1.0,1.0,1
4115358,PR,Sul,76.69,80.97,80.0,0,1.0,1.0,1.0,1.0,1
3108552,MG,Sudeste,76.71,76.74,77.23,0,1.0,1.0,1.0,1.0,1
4104303,PR,Sul,76.77,77.59,77.95,0,1.0,1.0,1.0,1.0,1
3156502,MG,Sudeste,76.83,100.0,80.0,0,1.0,1.0,1.0,1.0,1
2210631,PI,Nordeste,76.86,93.5,80.0,0,1.0,1.0,1.0,1.0,1
4312385,RS,Sul,76.9,80.97,80.0,0,1.0,1.0,1.0,1.0,1
4314498,RS,Sul,76.9,85.11,80.0,0,1.0,1.0,1.0,1.0,1
4216107,SC,Sul,76.94,78.45,78.68,0,1.0,1.0,1.0,1.0,1
3155702,MG,Sudeste,76.96,77.01,77.46,0,1.0,1.0,1.0,1.0,1
3514502,SP,Sudeste,77.0,81.82,80.0,0,1.0,1.0,1.0,1.0,1
4121505,PR,Sul,77.0,86.33,80.0,0,1.0,1.0,1.0,1.0,1
4313391,RS,Sul,77.0,86.08,80.0,0,1.0,1.0,1.0,1.0,1
4204707,SC,Sul,77.07,93.9,80.0,0,1.0,1.0,1.0,1.0,1
4208955,SC,Sul,77.08,81.82,80.0,0,1.0,1.0,1.0,1.0,1
2201945,PI,Nordeste,77.1,96.48,80.0,0,1.0,1.0,1.0,1.0,1
4305009,RS,Sul,77.1,83.62,80.0,0,1.0,1.0,1.0,1.0,1
2107258,MA,Nordeste,77.14,85.65,80.0,0,1.0,1.0,1.0,1.0,1
4317756,RS,Sul,77.2,77.14,77.57,0,1.0,1.0,1.0,1.0,1
4121257,PR,Sul,77.23,88.1,80.0,0,1.0,1.0,1.0,1.0,1
3158904,MG,Sudeste,77.24,90.59,80.0,0,1.0,1.0,1.0,1.0,1
4111555,PR,Sul,77.24,84.34,80.0,0,1.0,1.0,1.0,1.0,1
5218391,GO,Centro-Oeste,77.25,81.62,80.0,0,1.0,1.0,1.0,1.0,1
2108900,MA,Nordeste,77.27,89.32,80.0,0,1.0,1.0,1.0,1.0,1
4219408,SC,Sul,77.27,79.96,79.97,0,1.0,1.0,1.0,1.0,1
5207105,GO,Centro-Oeste,77.27,100.0,80.0,0,1.0,1.0,1.0,1.0,1
4112207,PR,Sul,77.3,82.58,80.0,0,1.0,1.0,1.0,1.0,1
3136553,MG,Sudeste,77.36,79.09,79.22,0,1.0,1.0,1.0,1.0,1
3112208,MG,Sudeste,77.37,83.06,80.0,0,1.0,1.0,1.0,1.0,1
4106209,PR,Sul,77.37,78.38,78.62,0,1.0,1.0,1.0,1.0,1
3204401,ES,Sudeste,77.38,78.04,78.33,0,1.0,1.0,1.0,1.0,1
4126900,PR,Sul,77.42,90.52,80.0,0,1.0,1.0,1.0,1.0,1
3123858,MG,Sudeste,77.45,78.64,78.84,0,1.0,1.0,1.0,1.0,1
3535101,SP,Sudeste,77.46,82.65,80.0,0,1.0,1.0,1.0,1.0,1
3139201,MG,Sudeste,77.47,77.21,77.62,0,1.0,1.0,1.0,1.0,1
5005251,MS,Centro-Oeste,77.47,83.01,80.0,0,1.0,1.0,1.0,1.0,1
3150000,MG,Sudeste,77.59,88.06,80.0,0,1.0,1.0,1.0,1.0,1
4128005,PR,Sul,77.6,85.59,80.0,0,1.0,1.0,1.0,1.0,1
5204805,GO,Centro-Oeste,77.6,79.9,79.91,0,1.0,1.0,1.0,1.0,1
4102505,PR,Sul,77.65,91.0,80.0,0,1.0,1.0,1.0,1.0,1
3131208,MG,Sudeste,77.67,78.85,79.02,0,1.0,1.0,1.0,1.0,1
4103909,PR,Sul,77.67,80.15,80.0,0,1.0,1.0,1.0,1.0,1
4113809,PR,Sul,77.71,86.97,80.0,0,1.0,1.0,1.0,1.0,1
5210562,GO,Centro-Oeste,77.71,85.79,80.0,0,1.0,1.0,1.0,1.0,1
5106851,MT,Centro-Oeste,77.75,89.12,80.0,0,1.0,1.0,1.0,1.0,1
5215306,GO,Centro-Oeste,77.75,86.48,80.0,0,1.0,1.0,1.0,1.0,1
5216452,GO,Centro-Oeste,77.78,77.62,77.97,0,1.0,1.0,1.0,1.0,1
4127502,PR,Sul,77.79,77.76,78.09,0,1.0,1.0,1.0,1.0,1
5220686,GO,Centro-Oeste,77.79,86.31,80.0,0,1.0,1.0,1.0,1.0,1
4107751,PR,Sul,77.82,82.1,80.0,0,1.0,1.0,1.0,1.0,1
3128402,MG,Sudeste,77.84,80.48,80.0,0,1.0,1.0,1.0,1.0,1
5203203,GO,Centro-Oeste,77.88,80.55,80.0,0,1.0,1.0,1.0,1.0,1
2109700,MA,Nordeste,77.94,85.92,80.0,0,1.0,1.0,1.0,1.0,1
3166204,MG,Sudeste,77.94,100.0,80.0,0,1.0,1.0,1.0,1.0,1
5219357,GO,Centro-Oeste,77.97,79.49,79.56,0,1.0,1.0,1.0,1.0,1
4113106,PR,Sul,77.98,83.41,80.0,0,1.0,1.0,1.0,1.0,1
5104542,MT,Centro-Oeste,77.99,89.0,80.0,0,1.0,1.0,1.0,1.0,1
4116109,PR,Sul,78.01,79.33,79.43,0,1.0,1.0,1.0,1.0,1
4110102,PR,Sul,78.04,80.43,80.0,0,1.0,1.0,1.0,1.0,1
3532058,SP,Sudeste,78.09,79.93,79.94,0,1.0,1.0,1.0,1.0,1
4108452,PR,Sul,78.1,83.19,80.0,0,1.0,1.0,1.0,1.0,1
3508306,SP,Sudeste,78.11,79.41,79.5,0,1.0,1.0,1.0,1.0,1
4103453,PR,Sul,78.14,87.02,80.0,0,1.0,1.0,1.0,1.0,1
3117702,MG,Sudeste,78.17,89.94,80.0,0,1.0,1.0,1.0,1.0,1
2104503,MA,Nordeste,78.21,88.98,80.0,0,1.0,1.0,1.0,1.0,1
4105904,PR,Sul,78.22,84.01,80.0,0,1.0,1.0,1.0,1.0,1
2209450,PI,Nordeste,78.26,96.15,80.0,0,1.0,1.0,1.0,1.0,1
3203353,ES,Sudeste,78.31,78.51,78.73,0,1.0,1.0,1.0,1.0,1
4212908,SC,Sul,78.35,78.25,78.51,0,1.0,1.0,1.0,1.0,1
4115200,PR,Sul,78.37,80.49,80.0,0,1.0,1.0,1.0,1.0,1
3147709,MG,Sudeste,78.42,80.61,80.0,0,1.0,1.0,1.0,1.0,1
2105922,MA,Nordeste,78.44,85.96,80.0,0,1.0,1.0,1.0,1.0,1
3141306,MG,Sudeste,78.57,82.24,80.0,0,1.0,1.0,1.0,1.0,1
5222203,GO,Centro-Oeste,78.69,83.76,80.0,0,1.0,1.0,1.0,1.0,1
4101408,PR,Sul,78.78,82.14,80.0,0,1.0,1.0,1.0,1.0,1
3112802,MG,Sudeste,78.93,83.44,80.0,0,1.0,1.0,1.0,1.0,1
4119806,PR,Sul,78.93,87.64,80.0,0,1.0,1.0,1.0,1.0,1
4122701,PR,Sul,78.98,81.51,80.0,0,1.0,1.0,1.0,1.0,1
3547700,SP,Sudeste,79.01,79.99,79.99,0,1.0,1.0,1.0,1.0,1
4115804,PR,Sul,79.1,79.22,79.33,0,1.0,1.0,1.0,1.0,1
4112009,PR,Sul,79.14,80.92,80.0,0,1.0,1.0,1.0,1.0,1
2105708,MA,Nordeste,79.18,92.18,80.0,0,1.0,1.0,1.0,1.0,1
4117214,PR,Sul,79.18,84.94,80.0,0,1.0,1.0,1.0,1.0,1
3142205,MG,Sudeste,79.2,96.19,80.0,0,1.0,1.0,1.0,1.0,1
2110500,MA,Nordeste,79.26,93.75,80.0,0,1.0,1.0,1.0,1.0,1
4200606,SC,Sul,79.3,81.28,80.0,0,1.0,1.0,1.0,1.0,1
2111722,MA,Nordeste,79.32,100.0,80.0,0,1.0,1.0,1.0,1.0,1
3125408,MG,Sudeste,79.38,82.12,80.0,0,1.0,1.0,1.0,1.0,1
4124053,PR,Sul,79.46,81.3,80.0,0,1.0,1.0,1.0,1.0,1
2203008,PI,Nordeste,79.55,79.93,79.94,0,1.0,1.0,1.0,1.0,1
4120358,PR,Sul,79.55,84.27,80.0,0,1.0,1.0,1.0,1.0,1
4117008,PR,Sul,79.65,81.68,80.0,0,1.0,1.0,1.0,1.0,1
5208152,GO,Centro-Oeste,79.76,98.15,80.0,0,1.0,1.0,1.0,1.0,1
3204559,ES,Sudeste,79.8,85.82,80.0,0,1.0,1.0,1.0,1.0,1
4107736,PR,Sul,79.81,80.92,80.0,0,1.0,1.0,1.0,1.0,1
4121406,PR,Sul,79.84,88.32,80.0,0,1.0,1.0,1.0,1.0,1
3518909,SP,Sudeste,79.92,88.59,80.0,0,1.0,1.0,1.0,1.0,1
4212007,SC,Sul,79.92,80.08,80.0,0,1.0,1.0,1.0,1.0,1
3121407,MG,Sudeste,79.93,80.91,80.0,0,1.0,1.0,1.0,1.0,1
2919900,BA,Nordeste,12.5,4.65,8.39,1,1.0,0.0,1.0,1.0,0
1703073,TO,Norte,18.26,11.92,18.0,1,1.0,1.0,1.0,1.0,0
2907202,BA,Nordeste,20.93,13.13,19.44,1,1.0,0.0,1.0,1.0,0
2400604,RN,Nordeste,21.43,11.11,17.02,1,1.0,0.0,1.0,0.0,0
2804300,SE,Nordeste,22.01,10.0,15.64,1,1.0,0.0,1.0,0.0,0
2505238,PB,Nordeste,22.16,10.33,16.05,1,1.0,0.0,1.0,0.0,0
2916302,BA,Nordeste,23.44,14.97,21.57,1,1.0,0.0,1.0,1.0,0
2414209,RN,Nordeste,24.98,17.6,24.51,1,1.0,1.0,1.0,1.0,0
2407609,RN,Nordeste,26.32,17.11,23.97,1,1.0,0.0,1.0,0.0,0
2805406,SE,Nordeste,26.61,16.91,23.75,1,1.0,0.0,1.0,0.0,0
2803609,SE,Nordeste,27.35,16.28,23.05,1,1.0,0.0,1.0,0.0,0
2911105,BA,Nordeste,28.21,19.66,26.73,1,1.0,0.0,1.0,1.0,0
2804904,SE,Nordeste,28.56,16.9,23.74,1,1.0,0.0,1.0,0.0,0
2401602,RN,Nordeste,29.29,14.89,21.48,1,1.0,0.0,1.0,0.0,0
2805703,SE,Nordeste,29.59,19.64,26.71,1,1.0,0.0,1.0,0.0,0
2804805,SE,Nordeste,29.8,19.85,26.93,1,1.0,0.0,1.0,0.0,0
2903607,BA,Nordeste,29.82,22.22,29.4,1,1.0,1.0,1.0,1.0,0
2906824,BA,Nordeste,30.13,18.85,25.86,1,1.0,0.0,1.0,0.0,0
2919603,BA,Nordeste,30.14,18.56,25.55,1,1.0,0.0,1.0,0.0,0
2905305,BA,Nordeste,30.37,21.63,28.79,1,1.0,0.0,1.0,0.0,0
2900405,BA,Nordeste,30.43,21.0,28.14,1,1.0,0.0,1.0,0.0,0
2931103,BA,Nordeste,30.67,18.93,25.95,1,1.0,0.0,1.0,0.0,0
1505205,PA,Norte,31.03,18.54,25.53,1,1.0,0.0,1.0,0.0,0
2804003,SE,Nordeste,31.19,21.39,28.54,1,1.0,0.0,1.0,0.0,0
1718865,TO,Norte,31.33,16.67,23.48,1,1.0,0.0,1.0,0.0,0
2922904,BA,Nordeste,31.41,22.14,29.32,1,1.0,0.0,1.0,0.0,0
1703909,TO,Norte,31.53,17.04,23.89,1,1.0,0.0,1.0,0.0,0
2405504,RN,Nordeste,31.58,16.62,23.43,1,1.0,0.0,1.0,0.0,0
2927507,BA,Nordeste,31.58,21.01,28.15,1,1.0,0.0,1.0,0.0,0
2411205,RN,Nordeste,32.73,21.35,28.5,1,1.0,0.0,1.0,0.0,0
2915353,BA,Nordeste,32.8,20.89,28.02,1,1.0,0.0,1.0,0.0,0
2200509,PI,Nordeste,32.94,22.26,29.44,1,1.0,0.0,1.0,0.0,0
2800670,SE,Nordeste,33.02,22.76,29.96,1,1.0,0.0,1.0,0.0,0
2904902,BA,Nordeste,33.06,24.85,32.07,1,1.0,0.0,1.0,0.0,0
5005202,MS,Centro-Oeste,33.36,25.17,32.39,1,1.0,0.0,1.0,0.0,0
2803104,SE,Nordeste,33.65,19.35,26.4,1,1.0,0.0,1.0,0.0,0
2920205,BA,Nordeste,33.68,25.23,32.45,1,1.0,0.0,1.0,0.0,0
4304101,RS,Sul,33.9,26.46,33.67,1,1.0,1.0,1.0,1.0,0
2923357,BA,Nordeste,34.04,22.65,29.85,1,1.0,0.0,1.0,0.0,0
2930774,BA,Nordeste,34.44,26.44,33.65,1,1.0,0.0,1.0,0.0,0
2800704,SE,Nordeste,34.6,27.27,34.46,1,1.0,1.0,1.0,1.0,0
2801702,SE,Nordeste,34.73,24.74,31.96,1,1.0,0.0,1.0,0.0,0
2804201,SE,Nordeste,35.07,24.77,31.99,1,1.0,0.0,1.0,0.0,0
2211100,PI,Nordeste,35.21,26.82,34.02,1,1.0,0.0,1.0,0.0,0
2926004,BA,Nordeste,35.26,25.1,32.32,1,1.0,0.0,1.0,0.0,0
2404200,RN,Nordeste,35.33,22.54,29.73,1,1.0,0.0,1.0,0.0,0
2401404,RN,Nordeste,35.36,26.01,33.22,1,1.0,0.0,1.0,0.0,0
1711902,TO,Norte,35.66,26.02,33.23,1,1.0,0.0,1.0,0.0,0
1705607,TO,Norte,35.8,27.6,34.78,1,1.0,0.0,1.0,0.0,0
2405801,RN,Nordeste,35.88,22.55,29.74,1,1.0,0.0,1.0,0.0,0
1303601,AM,Norte,36.02,26.71,33.91,1,1.0,0.0,1.0,0.0,0
2909208,BA,Nordeste,36.04,28.7,35.85,1,1.0,1.0,1.0,0.0,0
2501153,PB,Nordeste,36.36,25.0,32.22,1,1.0,0.0,1.0,0.0,0
2507200,PB,Nordeste,36.64,23.32,30.53,1,1.0,0.0,1.0,0.0,0
1712504,TO,Norte,36.72,24.15,31.37,1,1.0,0.0,1.0,0.0,0
2929404,BA,Nordeste,36.76,28.76,35.91,1,1.0,0.0,1.0,0.0,0
2911659,BA,Nordeste,36.78,29.2,36.33,1,1.0,0.0,1.0,0.0,0
2110658,MA,Nordeste,36.83,22.32,29.51,1,1.0,0.0,1.0,0.0,0
1720200,TO,Norte,36.9,26.98,34.18,1,1.0,0.0,1.0,0.0,0
2925253,BA,Nordeste,36.99,23.17,30.38,1,1.0,0.0,1.0,0.0,0
2410702,RN,Nordeste,37.5,25.0,32.22,1,1.0,0.0,1.0,0.0,0
2400901,RN,Nordeste,37.67,25.23,32.45,1,1.0,0.0,1.0,0.0,0
2805307,SE,Nordeste,37.68,25.81,33.03,1,1.0,0.0,1.0,0.0,0
1508209,PA,Norte,37.71,29.77,36.87,1,1.0,0.0,1.0,0.0,0
2405207,RN,Nordeste,37.93,23.48,30.69,1,1.0,0.0,1.0,0.0,0
1501204,PA,Norte,38.16,27.52,34.71,1,1.0,0.0,1.0,0.0,0
1500305,PA,Norte,38.18,30.81,37.86,1,1.0,0.0,1.0,0.0,0
2414407,RN,Nordeste,38.35,24.69,31.91,1,1.0,0.0,1.0,0.0,0
2207702,PI,Nordeste,38.42,31.0,38.04,1,1.0,0.0,1.0,0.0,0
2928208,BA,Nordeste,38.7,29.91,37.01,1,1.0,0.0,1.0,0.0,0
5005608,MS,Centro-Oeste,38.78,26.61,33.82,1,1.0,0.0,1.0,0.0,0
1500503,PA,Norte,38.92,30.68,37.74,1,1.0,0.0,1.0,0.0,0
2700607,AL,Nordeste,39.04,31.79,38.79,1,1.0,0.0,1.0,0.0,0
2100832,MA,Nordeste,39.08,31.51,38.52,1,1.0,0.0,1.0,0.0,0
2204402,PI,Nordeste,39.2,31.29,38.32,1,1.0,0.0,1.0,0.0,0
2803401,SE,Nordeste,39.3,26.06,33.27,1,1.0,0.0,1.0,0.0,0
2807600,SE,Nordeste,39.34,25.4,32.62,1,1.0,0.0,1.0,0.0,0
2803203,SE,Nordeste,39.49,24.31,31.53,1,1.0,0.0,1.0,0.0,0
2402303,RN,Nordeste,39.56,25.23,32.45,1,1.0,0.0,1.0,0.0,0
1718881,TO,Norte,39.73,24.56,31.78,1,1.0,0.0,1.0,0.0,0
2705606,AL,Nordeste,39.85,27.37,34.56,1,1.0,0.0,1.0,0.0,0
2206670,PI,Nordeste,40.04,28.84,35.98,1,1.0,0.0,1.0,0.0,0
1702901,TO,Norte,40.2,30.34,37.42,1,1.0,0.0,1.0,0.0,0
1503200,PA,Norte,40.43,32.77,39.7,1,1.0,0.0,1.0,0.0,0
3515004,SP,Sudeste,40.5,32.6,39.54,1,1.0,0.0,1.0,0.0,0
2805505,SE,Nordeste,40.54,30.77,37.82,1,1.0,0.0,1.0,0.0,0
1714880,TO,Norte,40.7,25.45,32.67,1,1.0,0.0,1.0,0.0,0
1507474,PA,Norte,40.76,29.84,36.94,1,1.0,0.0,1.0,0.0,0
2917706,BA,Nordeste,40.77,30.56,37.63,1,1.0,0.0,1.0,0.0,0
2928703,BA,Nordeste,40.9,33.47,40.35,1,1.0,0.0,1.0,0.0,0
5000708,MS,Centro-Oeste,40.97,27.37,34.56,1,1.0,0.0,1.0,0.0,0
2411007,RN,Nordeste,41.06,31.19,38.22,1,1.0,0.0,1.0,0.0,0
2511806,PB,Nordeste,41.49,34.62,41.41,1,1.0,1.0,1.0,0.0,0
2802908,SE,Nordeste,41.79,26.63,33.84,1,1.0,0.0,1.0,0.0,0
2931301,BA,Nordeste,41.82,33.06,39.97,1,1.0,0.0,1.0,0.0,0
2705200,AL,Nordeste,41.87,30.81,37.86,1,1.0,0.0,1.0,0.0,0
2932309,BA,Nordeste,41.9,31.43,38.45,1,1.0,0.0,1.0,0.0,0
5102702,MT,Centro-Oeste,42.06,32.45,39.4,1,1.0,0.0,1.0,0.0,0
2413300,RN,Nordeste,42.09,26.92,34.12,1,1.0,0.0,1.0,0.0,0
2402501,RN,Nordeste,42.31,27.39,34.58,1,1.0,0.0,1.0,0.0,0
2706802,AL,Nordeste,42.39,31.74,38.74,1,1.0,0.0,1.0,0.0,0
2900108,BA,Nordeste,42.42,34.57,41.37,1,1.0,0.0,1.0,0.0,0
2201960,PI,Nordeste,42.58,33.17,40.07,1,1.0,0.0,1.0,0.0,0
5007109,MS,Centro-Oeste,42.87,34.35,41.16,1,1.0,0.0,1.0,0.0,0
2901155,BA,Nordeste,43.23,32.19,39.16,1,1.0,0.0,1.0,0.0,0
4216503,SC,Sul,43.26,34.45,41.26,1,1.0,0.0,1.0,0.0,0
2930907,BA,Nordeste,43.31,35.84,42.53,1,1.0,0.0,1.0,0.0,0
2913457,BA,Nordeste,43.64,30.3,37.38,1,1.0,0.0,1.0,0.0,0
2403806,RN,Nordeste,43.75,36.26,42.91,1,1.0,0.0,1.0,0.0,0
2401305,RN,Nordeste,43.77,36.13,42.79,1,1.0,0.0,1.0,0.0,0
2111052,MA,Nordeste,43.97,33.48,40.36,1,1.0,0.0,1.0,0.0,0
2708006,AL,Nordeste,44.16,34.79,41.57,1,1.0,0.0,1.0,0.0,0
2915205,BA,Nordeste,44.21,36.92,43.51,1,1.0,0.0,1.0,0.0,0
1600402,AP,Norte,44.22,29.38,36.5,1,1.0,0.0,1.0,0.0,0
2700409,AL,Nordeste,44.27,32.36,39.32,1,1.0,0.0,1.0,0.0,0
2703908,AL,Nordeste,44.34,34.6,41.39,1,1.0,0.0,1.0,0.0,0
2702603,AL,Nordeste,44.46,35.2,41.94,1,1.0,0.0,1.0,0.0,0
2401453,RN,Nordeste,44.48,32.01,38.99,1,1.0,0.0,1.0,0.0,0
2402006,RN,Nordeste,44.58,35.59,42.3,1,1.0,0.0,1.0,0.0,0
1508100,PA,Norte,44.7,37.28,43.83,1,1.0,0.0,1.0,0.0,0
1505494,PA,Norte,44.75,33.8,40.66,1,1.0,0.0,1.0,0.0,0
2806206,SE,Nordeste,44.89,33.77,40.63,1,1.0,0.0,1.0,0.0,0
5004908,MS,Centro-Oeste,45.19,38.46,44.9,1,1.0,0.0,1.0,0.0,0
2408003,RN,Nordeste,45.41,38.06,44.54,1,1.0,0.0,1.0,0.0,0
2906857,BA,Nordeste,45.45,35.87,42.56,1,1.0,0.0,1.0,0.0,0
1505486,PA,Norte,45.49,37.32,43.87,1,1.0,0.0,1.0,0.0,0
2704500,AL,Nordeste,45.6,32.4,39.36,1,1.0,0.0,1.0,0.0,0
1706506,TO,Norte,45.61,31.21,38.24,1,1.0,0.0,1.0,0.0,0
3502309,SP,Sudeste,45.69,38.57,44.99,1,1.0,0.0,1.0,0.0,0
2706901,AL,Nordeste,45.81,37.59,44.11,1,1.0,0.0,1.0,0.0,0
2702702,AL,Nordeste,45.9,37.55,44.08,1,1.0,0.0,1.0,0.0,0
2700706,AL,Nordeste,45.96,33.15,40.06,1,1.0,0.0,1.0,0.0,0
3537206,SP,Sudeste,45.97,35.12,41.87,1,1.0,0.0,1.0,0.0,0
2707305,AL,Nordeste,45.99,36.55,43.17,1,1.0,0.0,1.0,0.0,0
2921302,BA,Nordeste,46.05,33.87,40.72,1,1.0,0.0,1.0,0.0,0
2807006,SE,Nordeste,46.34,38.64,45.06,1,1.0,0.0,1.0,0.0,0
1506351,PA,Norte,46.35,37.63,44.15,1,1.0,0.0,1.0,0.0,0
5105309,MT,Centro-Oeste,46.43,37.65,44.17,1,1.0,0.0,1.0,0.0,0
2913804,BA,Nordeste,46.51,34.83,41.61,1,1.0,0.0,1.0,0.0,0
1701002,TO,Norte,46.69,39.94,46.22,1,1.0,0.0,1.0,0.0,0
1303569,AM,Norte,46.76,35.31,42.05,1,1.0,0.0,1.0,0.0,0
3536703,SP,Sudeste,46.77,36.42,43.06,1,1.0,0.0,1.0,0.0,0
3537602,SP,Sudeste,46.81,39.63,45.94,1,1.0,0.0,1.0,0.0,0
2901106,BA,Nordeste,47.14,37.49,44.02,1,1.0,0.0,1.0,0.0,0
2911204,BA,Nordeste,47.2,33.26,40.16,1,1.0,0.0,1.0,0.0,0
2516102,PB,Nordeste,47.26,33.51,40.39,1,1.0,0.0,1.0,0.0,0
2207934,PI,Nordeste,47.35,37.77,44.28,1,1.0,0.0,1.0,0.0,0
2931202,BA,Nordeste,47.52,38.83,45.23,1,1.0,0.0,1.0,0.0,0
1707405,TO,Norte,47.82,40.82,47.0,1,1.0,0.0,1.0,0.0,0
3513801,SP,Sudeste,48.02,40.88,47.05,1,1.0,0.0,1.0,0.0,0
1709302,TO,Norte,48.16,36.07,42.74,1,1.0,0.0,1.0,0.0,0
3550308,SP,Sudeste,48.25,37.87,44.37,1,1.0,0.0,1.0,0.0,0
2514107,PB,Nordeste,48.38,36.73,43.34,1,1.0,0.0,1.0,0.0,0
1303502,AM,Norte,48.43,38.95,45.33,1,1.0,0.0,1.0,0.0,0
2511202,PB,Nordeste,48.58,37.3,43.85,1,1.0,0.0,1.0,0.0,0
3304805,RJ,Sudeste,48.7,39.79,46.08,1,1.0,0.0,1.0,0.0,0
2705101,AL,Nordeste,48.77,35.25,41.99,1,1.0,0.0,1.0,0.0,0
2401008,RN,Nordeste,48.86,36.86,43.46,1,1.0,0.0,1.0,0.0,0
5007505,MS,Centro-Oeste,48.97,38.71,45.12,1,1.0,0.0,1.0,0.0,0
2514909,PB,Nordeste,49.02,37.65,44.17,1,1.0,0.0,1.0,0.0,0
1711803,TO,Norte,49.1,35.36,42.09,1,1.0,0.0,1.0,0.0,0
1701903,TO,Norte,49.27,38.62,45.04,1,1.0,0.0,1.0,0.0,0
1703701,TO,Norte,49.45,38.1,44.57,1,1.0,0.0,1.0,0.0,0
3136702,MG,Sudeste,49.55,43.63,49.46,1,1.0,0.0,1.0,0.0,0
2910750,BA,Nordeste,49.57,42.51,48.48,1,1.0,0.0,1.0,0.0,0
1507607,PA,Norte,49.59,38.69,45.1,1,1.0,0.0,1.0,0.0,0
3546009,SP,Sudeste,49.71,40.78,46.96,1,1.0,0.0,1.0,0.0,0
2906907,BA,Nordeste,49.78,40.91,47.08,1,1.0,0.0,1.0,0.0,0
5106828,MT,Centro-Oeste,49.8,43.95,49.74,1,1.0,0.0,1.0,0.0,0
1507961,PA,Norte,49.88,41.96,48.0,1,1.0,0.0,1.0,0.0,0
2709400,AL,Nordeste,49.91,40.03,46.3,1,1.0,0.0,1.0,0.0,0
2800100,SE,Nordeste,50.0,41.18,47.31,1,1.0,0.0,1.0,0.0,0
2110708,MA,Nordeste,50.11,41.82,47.88,1,1.0,0.0,1.0,0.0,0
2500577,PB,Nordeste,50.16,44.32,50.06,1,1.0,0.0,1.0,0.0,0
1506203,PA,Norte,50.44,43.26,49.14,1,1.0,0.0,1.0,0.0,0
3506003,SP,Sudeste,50.56,43.75,49.57,1,1.0,0.0,1.0,0.0,0
1720804,TO,Norte,50.64,39.53,45.85,1,1.0,0.0,1.0,0.0,0
1502707,PA,Norte,50.69,38.67,45.08,1,1.0,0.0,1.0,0.0,0
2408904,RN,Nordeste,50.73,43.33,49.2,1,1.0,0.0,1.0,0.0,0
3103405,MG,Sudeste,50.75,44.27,50.02,1,1.0,0.0,1.0,0.0,0
2201309,PI,Nordeste,50.77,38.39,44.83,1,1.0,0.0,1.0,0.0,0
3522307,SP,Sudeste,50.81,42.15,48.17,1,1.0,0.0,1.0,0.0,0
2505352,PB,Nordeste,50.86,37.73,44.24,1,1.0,0.0,1.0,0.0,0
2102804,MA,Nordeste,50.96,44.54,50.25,1,1.0,0.0,1.0,0.0,0
2108504,MA,Nordeste,51.09,40.94,47.1,1,1.0,0.0,1.0,0.0,0
1721109,TO,Norte,51.16,42.96,48.88,1,1.0,0.0,1.0,0.0,0
2101202,MA,Nordeste,51.38,45.66,51.22,1,1.0,0.0,1.0,0.0,0
3525003,SP,Sudeste,51.39,44.87,50.54,1,1.0,0.0,1.0,0.0,0
3524402,SP,Sudeste,51.48,45.56,51.14,1,1.0,0.0,1.0,0.0,0
3557303,SP,Sudeste,51.48,45.14,50.77,1,1.0,0.0,1.0,0.0,0
2101509,MA,Nordeste,51.56,41.6,47.68,1,1.0,0.0,1.0,0.0,0
3540259,SP,Sudeste,51.66,44.63,50.33,1,1.0,0.0,1.0,0.0,0
2701902,AL,Nordeste,51.71,43.85,49.65,1,1.0,0.0,1.0,0.0,0
5002704,MS,Centro-Oeste,51.76,41.61,47.69,1,1.0,0.0,1.0,0.0,0
3145059,MG,Sudeste,51.93,41.56,47.65,1,1.0,0.0,1.0,0.0,0
1507458,PA,Norte,52.06,46.49,51.94,1,1.0,0.0,1.0,0.0,0
3506607,SP,Sudeste,52.19,42.57,48.54,1,1.0,0.0,1.0,0.0,0
3509007,SP,Sudeste,52.21,43.89,49.69,1,1.0,0.0,1.0,0.0,0
2503308,PB,Nordeste,52.23,42.05,48.08,1,1.0,0.0,1.0,0.0,0
2414100,RN,Nordeste,52.25,42.88,48.81,1,1.0,0.0,1.0,0.0,0
5105507,MT,Centro-Oeste,52.38,46.76,52.17,1,1.0,0.0,1.0,0.0,0
4312708,RS,Sul,52.4,42.12,48.14,1,1.0,0.0,1.0,0.0,0
2926400,BA,Nordeste,52.53,42.15,48.17,1,1.0,0.0,1.0,0.0,0
1504976,PA,Norte,52.55,44.35,50.09,1,1.0,0.0,1.0,0.0,0
2926657,BA,Nordeste,52.63,47.25,52.59,1,1.0,0.0,1.0,0.0,0
2929750,BA,Nordeste,52.63,43.18,49.07,1,1.0,0.0,1.0,0.0,0
5007208,MS,Centro-Oeste,52.67,40.18,46.43,1,1.0,0.0,1.0,0.0,0
5100409,MT,Centro-Oeste,52.91,40.74,46.93,1,1.0,0.0,1.0,0.0,0
1720101,TO,Norte,52.93,43.97,49.76,1,1.0,0.0,1.0,0.0,0
3519709,SP,Sudeste,53.06,44.73,50.42,1,1.0,0.0,1.0,0.0,0
2613107,PE,Nordeste,53.17,45.1,50.74,1,1.0,0.0,1.0,0.0,0
4203402,SC,Sul,53.29,41.77,47.83,1,1.0,0.0,1.0,0.0,0
1501105,PA,Norte,53.31,46.7,52.12,1,1.0,0.0,1.0,0.0,0
2613701,PE,Nordeste,53.32,44.07,49.84,1,1.0,0.0,1.0,0.0,0
3551108,SP,Sudeste,53.32,41.43,47.53,1,1.0,0.0,1.0,0.0,0
1600212,AP,Norte,53.36,47.0,52.37,1,1.0,0.0,1.0,0.0,0
2410801,RN,Nordeste,53.36,47.5,52.8,1,1.0,0.0,1.0,0.0,0
2709004,AL,Nordeste,53.45,42.05,48.08,1,1.0,0.0,1.0,0.0,0
2601052,PE,Nordeste,53.49,45.71,51.26,1,1.0,0.0,1.0,0.0,0
1718840,TO,Norte,53.5,45.7,51.26,1,1.0,0.0,1.0,0.0,0
5219753,GO,Centro-Oeste,53.64,42.71,48.66,1,1.0,0.0,1.0,0.0,0
2917607,BA,Nordeste,53.7,46.31,51.78,1,1.0,0.0,1.0,0.0,0
3502507,SP,Sudeste,53.75,43.48,49.33,1,1.0,0.0,1.0,0.0,0
3127339,MG,Sudeste,53.85,41.67,47.75,1,1.0,0.0,1.0,0.0,0
2600609,PE,Nordeste,53.87,42.86,48.79,1,1.0,0.0,1.0,0.0,0
3554102,SP,Sudeste,53.88,44.37,50.1,1,1.0,0.0,1.0,0.0,0
3130705,MG,Sudeste,53.9,43.12,49.02,1,1.0,0.0,1.0,0.0,0
1505106,PA,Norte,53.98,48.83,53.94,1,1.0,0.0,1.0,0.0,0
2928901,BA,Nordeste,54.07,44.69,50.38,1,1.0,0.0,1.0,0.0,0
2512002,PB,Nordeste,54.09,42.15,48.17,1,1.0,0.0,1.0,0.0,0
2103554,MA,Nordeste,54.26,43.89,49.69,1,1.0,0.0,1.0,0.0,0
2911303,BA,Nordeste,54.32,45.07,50.71,1,1.0,0.0,1.0,0.0,0
1709500,TO,Norte,54.37,44.44,50.17,1,1.0,0.0,1.0,0.0,0
2920601,BA,Nordeste,54.49,47.43,52.74,1,1.0,0.0,1.0,0.0,0
2801900,SE,Nordeste,54.53,44.12,49.89,1,1.0,0.0,1.0,0.0,0
3163300,MG,Sudeste,54.62,45.36,50.96,1,1.0,0.0,1.0,0.0,0
3557006,SP,Sudeste,54.69,48.87,53.97,1,1.0,0.0,1.0,0.0,0
2105302,MA,Nordeste,54.73,45.19,50.82,1,1.0,0.0,1.0,0.0,0
3554805,SP,Sudeste,54.73,42.84,48.77,1,1.0,0.0,1.0,0.0,0
3504008,SP,Sudeste,54.85,43.37,49.23,1,1.0,0.0,1.0,0.0,0
2610806,PE,Nordeste,54.87,47.04,52.41,1,1.0,0.0,1.0,0.0,0
2112001,MA,Nordeste,54.9,45.1,50.74,1,1.0,0.0,1.0,0.0,0
2103000,MA,Nordeste,55.15,43.75,49.57,1,1.0,0.0,1.0,0.0,0
5108600,MT,Centro-Oeste,55.24,47.89,53.14,1,1.0,0.0,1.0,0.0,0
2706406,AL,Nordeste,55.26,47.65,52.93,1,1.0,0.0,1.0,0.0,0
2508505,PB,Nordeste,55.32,43.81,49.62,1,1.0,0.0,1.0,0.0,0
3134707,MG,Sudeste,55.44,45.37,50.97,1,1.0,0.0,1.0,0.0,0
3522505,SP,Sudeste,55.46,50.26,55.16,1,1.0,0.0,1.0,0.0,0
2107506,MA,Nordeste,55.55,50.71,55.54,1,1.0,0.0,1.0,0.0,0
3520103,SP,Sudeste,55.6,47.11,52.47,1,1.0,0.0,1.0,0.0,0
5002803,MS,Centro-Oeste,55.67,49.46,54.48,1,1.0,0.0,1.0,0.0,0
2924652,BA,Nordeste,55.7,44.93,50.59,1,1.0,0.0,1.0,0.0,0
2926707,BA,Nordeste,55.74,50.44,55.31,1,1.0,0.0,1.0,0.0,0
3506102,SP,Sudeste,55.75,48.69,53.82,1,1.0,0.0,1.0,0.0,0
1705508,TO,Norte,55.82,51.01,55.79,1,1.0,0.0,1.0,0.0,0
4209300,SC,Sul,55.85,48.56,53.71,1,1.0,0.0,1.0,0.0,0
2507507,PB,Nordeste,55.87,46.71,52.13,1,1.0,0.0,1.0,0.0,0
3300209,RJ,Sudeste,55.89,50.86,55.66,1,1.0,0.0,1.0,0.0,0
3556701,SP,Sudeste,56.12,51.4,56.12,1,1.0,0.0,1.0,0.0,0
3502903,SP,Sudeste,56.16,49.39,54.42,1,1.0,0.0,1.0,0.0,0
3301405,RJ,Sudeste,56.17,49.73,54.71,1,1.0,0.0,1.0,0.0,0
1505403,PA,Norte,56.24,48.52,53.68,1,1.0,0.0,1.0,0.0,0
3555505,SP,Sudeste,56.25,48.79,53.91,1,1.0,0.0,1.0,0.0,0
3539301,SP,Sudeste,56.4,45.9,51.43,1,1.0,0.0,1.0,0.0,0
3166105,MG,Sudeste,56.52,46.56,52.0,1,1.0,0.0,1.0,0.0,0
5105150,MT,Centro-Oeste,56.58,45.51,51.09,1,1.0,0.0,1.0,0.0,0
5007950,MS,Centro-Oeste,56.62,51.61,56.3,1,1.0,0.0,1.0,0.0,0
2111300,MA,Nordeste,56.69,47.49,52.79,1,1.0,0.0,1.0,0.0,0
2601904,PE,Nordeste,56.84,51.47,56.18,1,1.0,0.0,1.0,0.0,0
3549805,SP,Sudeste,56.85,52.06,56.68,1,1.0,0.0,1.0,0.0,0
3535507,SP,Sudeste,56.93,48.18,53.39,1,1.0,0.0,1.0,0.0,0
3132701,MG,Sudeste,56.95,51.6,56.29,1,1.0,0.0,1.0,0.0,0
1302702,AM,Norte,57.02,51.77,56.43,1,1.0,0.0,1.0,0.0,0
2200707,PI,Nordeste,57.02,46.55,51.99,1,1.0,0.0,1.0,0.0,0
2708956,AL,Nordeste,57.08,51.9,56.54,1,1.0,0.0,1.0,0.0,0
3509700,SP,Sudeste,57.12,51.23,55.98,1,1.0,0.0,1.0,0.0,0
3552304,SP,Sudeste,57.15,51.78,56.44,1,1.0,0.0,1.0,0.0,0
2708600,AL,Nordeste,57.17,50.08,55.0,1,1.0,0.0,1.0,0.0,0
1301704,AM,Norte,57.23,50.25,55.15,1,1.0,0.0,1.0,0.0,0
2211001,PI,Nordeste,57.25,48.21,53.41,1,1.0,0.0,1.0,0.0,0
2503209,PB,Nordeste,57.26,48.92,54.02,1,1.0,0.0,1.0,0.0,0
3516705,SP,Sudeste,57.27,51.91,56.55,1,1.0,0.0,1.0,0.0,0
5106232,MT,Centro-Oeste,57.29,50.74,55.56,1,1.0,0.0,1.0,0.0,0
2607802,PE,Nordeste,57.35,48.29,53.48,1,1.0,0.0,1.0,0.0,0
5215231,GO,Centro-Oeste,57.35,52.29,56.87,1,1.0,0.0,1.0,0.0,0
4103107,PR,Sul,57.37,49.13,54.2,1,1.0,0.0,1.0,0.0,0
2608800,PE,Nordeste,57.42,47.71,52.98,1,1.0,0.0,1.0,0.0,0
5001003,MS,Centro-Oeste,57.5,51.45,56.16,1,1.0,0.0,1.0,0.0,0
2709152,AL,Nordeste,57.59,52.48,57.03,1,1.0,0.0,1.0,0.0,0
3101102,MG,Sudeste,57.63,48.78,53.9,1,1.0,0.0,1.0,0.0,0
3144300,MG,Sudeste,57.67,51.97,56.6,1,1.0,0.0,1.0,0.0,0
1707553,TO,Norte,57.84,52.54,57.08,1,1.0,0.0,1.0,0.0,0
3141108,MG,Sudeste,57.88,47.48,52.79,1,1.0,0.0,1.0,0.0,0
3524303,SP,Sudeste,57.94,53.01,57.48,1,1.0,0.0,1.0,0.0,0
3300258,RJ,Sudeste,58.05,50.49,55.35,1,1.0,0.0,1.0,0.0,0
2102101,MA,Nordeste,58.08,50.31,55.2,1,1.0,0.0,1.0,0.0,0
3513603,SP,Sudeste,58.09,49.94,54.88,1,1.0,0.0,1.0,0.0,0
2611507,PE,Nordeste,58.1,48.12,53.33,1,1.0,0.0,1.0,0.0,0
3550407,SP,Sudeste,58.16,51.93,56.57,1,1.0,0.0,1.0,0.0,0
3305000,RJ,Sudeste,58.22,52.12,56.73,1,1.0,0.0,1.0,0.0,0
4214102,SC,Sul,58.33,51.67,56.35,1,1.0,0.0,1.0,0.0,0
2110005,MA,Nordeste,58.7,54.43,58.67,1,1.0,0.0,1.0,0.0,0
5002209,MS,Centro-Oeste,58.78,53.37,57.78,1,1.0,0.0,1.0,0.0,0
5107040,MT,Centro-Oeste,58.79,49.15,54.21,1,1.0,0.0,1.0,0.0,0
2107407,MA,Nordeste,58.91,53.93,58.25,1,1.0,0.0,1.0,0.0,0
3515202,SP,Sudeste,58.91,53.96,58.28,1,1.0,0.0,1.0,0.0,0
4110003,PR,Sul,58.96,50.91,55.71,1,1.0,0.0,1.0,0.0,0
1703206,TO,Norte,59.26,52.8,57.3,1,1.0,0.0,1.0,0.0,0
2616001,PE,Nordeste,59.29,53.25,57.68,1,1.0,0.0,1.0,0.0,0
3154606,MG,Sudeste,59.36,54.99,59.14,1,1.0,0.0,1.0,0.0,0
3526407,SP,Sudeste,59.37,54.22,58.49,1,1.0,0.0,1.0,0.0,0
3300936,RJ,Sudeste,59.54,51.01,55.79,1,1.0,0.0,1.0,0.0,0
3512803,SP,Sudeste,59.61,52.95,57.43,1,1.0,0.0,1.0,0.0,0
2614006,PE,Nordeste,59.7,53.72,58.07,1,1.0,0.0,1.0,0.0,0
3552106,SP,Sudeste,59.71,50.82,55.63,1,1.0,0.0,1.0,0.0,0
2104057,MA,Nordeste,59.79,54.89,59.05,1,1.0,0.0,1.0,0.0,0
4206702,SC,Sul,59.83,53.21,57.65,1,1.0,0.0,1.0,0.0,0
2600203,PE,Nordeste,59.87,54.58,58.8,1,1.0,0.0,1.0,0.0,0
3501905,SP,Sudeste,59.94,52.41,56.97,1,1.0,0.0,1.0,0.0,0
3517208,SP,Sudeste,60.0,50.64,55.48,1,1.0,0.0,1.0,0.0,0
4304622,RS,Sul,60.0,53.85,58.18,1,1.0,0.0,1.0,0.0,0
1504109,PA,Norte,60.05,54.01,58.32,1,1.0,0.0,1.0,0.0,0
5105622,MT,Centro-Oeste,60.12,51.68,56.36,1,1.0,0.0,1.0,0.0,0
2201200,PI,Nordeste,60.13,55.68,59.72,1,1.0,0.0,1.0,0.0,0
3167202,MG,Sudeste,60.35,53.59,57.97,1,1.0,0.0,1.0,0.0,0
2504033,PB,Nordeste,60.4,56.03,60.01,1,1.0,0.0,1.0,0.0,0
2105401,MA,Nordeste,60.47,53.35,57.76,1,1.0,0.0,1.0,0.0,0
5107602,MT,Centro-Oeste,60.49,52.75,57.26,1,1.0,0.0,1.0,0.0,0
3545209,SP,Sudeste,60.52,56.22,60.17,1,1.0,0.0,1.0,0.0,0
3532207,SP,Sudeste,60.6,53.17,57.61,1,1.0,0.0,1.0,0.0,0
2608404,PE,Nordeste,60.64,53.46,57.86,1,1.0,0.0,1.0,0.0,0
3517802,SP,Sudeste,60.72,54.35,58.6,1,1.0,0.0,1.0,0.0,0
5002308,MS,Centro-Oeste,60.76,51.72,56.39,1,1.0,0.0,1.0,0.0,0
2403004,RN,Nordeste,60.81,51.8,56.46,1,1.0,0.0,1.0,0.0,0
3527801,SP,Sudeste,60.96,55.64,59.68,1,1.0,0.0,1.0,0.0,0
3153608,MG,Sudeste,60.98,52.93,57.41,1,1.0,0.0,1.0,0.0,0
5005806,MS,Centro-Oeste,60.98,53.94,58.26,1,1.0,0.0,1.0,0.0,0
2509701,PB,Nordeste,61.09,55.03,59.17,1,1.0,0.0,1.0,0.0,0
3541406,SP,Sudeste,61.12,54.07,58.37,1,1.0,0.0,1.0,0.0,0
2102903,MA,Nordeste,61.21,55.58,59.63,1,1.0,0.0,1.0,0.0,0
3504602,SP,Sudeste,61.39,55.64,59.68,1,1.0,0.0,1.0,0.0,0
3549102,SP,Sudeste,61.6,54.57,58.79,1,1.0,0.0,1.0,0.0,0
3520301,SP,Sudeste,61.67,57.18,60.97,1,1.0,0.0,1.0,0.0,0
3545100,SP,Sudeste,61.69,57.11,60.91,1,1.0,0.0,1.0,0.0,0
3526704,SP,Sudeste,61.7,52.84,57.33,1,1.0,0.0,1.0,0.0,0
3302056,RJ,Sudeste,61.79,54.49,58.72,1,1.0,0.0,1.0,0.0,0
3503208,SP,Sudeste,62.01,55.9,59.9,1,1.0,0.0,1.0,0.0,0
3548005,SP,Sudeste,62.07,54.29,58.55,1,1.0,0.0,1.0,0.0,0
2107357,MA,Nordeste,62.23,57.16,60.95,1,1.0,0.0,1.0,0.0,0
5221080,GO,Centro-Oeste,62.3,56.82,60.67,1,1.0,0.0,1.0,0.0,0
3519055,SP,Sudeste,62.59,58.34,61.93,1,1.0,0.0,1.0,0.0,0
2413557,RN,Nordeste,62.68,57.44,61.18,1,1.0,0.0,1.0,0.0,0
3105400,MG,Sudeste,62.71,58.76,62.28,1,1.0,0.0,1.0,0.0,0
5103379,MT,Centro-Oeste,62.71,58.35,61.94,1,1.0,0.0,1.0,0.0,0
3520509,SP,Sudeste,62.82,58.5,62.07,1,1.0,0.0,1.0,0.0,0
5201801,GO,Centro-Oeste,62.84,54.97,59.12,1,1.0,0.0,1.0,0.0,0
3500907,SP,Sudeste,62.85,55.84,59.85,1,1.0,0.0,1.0,0.0,0
3144201,MG,Sudeste,62.86,58.67,62.21,1,1.0,0.0,1.0,0.0,0
3200508,ES,Sudeste,62.88,58.4,61.98,1,1.0,0.0,1.0,0.0,0
5204508,GO,Centro-Oeste,62.94,58.83,62.34,1,1.0,0.0,1.0,0.0,0
3123700,MG,Sudeste,63.03,58.22,61.83,1,1.0,0.0,1.0,0.0,0
3537800,SP,Sudeste,63.25,58.57,62.12,1,1.0,0.0,1.0,0.0,0
3537909,SP,Sudeste,63.33,56.68,60.55,1,1.0,0.0,1.0,0.0,0
2305506,CE,Nordeste,63.35,56.55,60.44,1,1.0,0.0,1.0,0.0,0
4112959,PR,Sul,63.48,59.77,63.12,1,1.0,0.0,1.0,0.0,0
2603108,PE,Nordeste,63.59,56.69,60.56,1,1.0,0.0,1.0,0.0,0
4303608,RS,Sul,63.6,60.0,63.31,1,1.0,0.0,1.0,0.0,0
3304557,RJ,Sudeste,63.75,56.19,60.14,1,1.0,0.0,1.0,0.0,0
3300407,RJ,Sudeste,63.88,59.19,62.64,1,1.0,0.0,1.0,0.0,0
4205456,SC,Sul,63.94,58.71,62.24,1,1.0,0.0,1.0,0.0,0
3546702,SP,Sudeste,64.05,59.66,63.03,1,1.0,0.0,1.0,0.0,0
4219309,SC,Sul,64.11,57.29,61.06,1,1.0,0.0,1.0,0.0,0
3301504,RJ,Sudeste,64.16,59.21,62.66,1,1.0,0.0,1.0,0.0,0
3305802,RJ,Sudeste,64.17,59.73,63.09,1,1.0,0.0,1.0,0.0,0
5221858,GO,Centro-Oeste,64.23,56.69,60.56,1,1.0,0.0,1.0,0.0,0
2209708,PI,Nordeste,64.27,58.13,61.76,1,1.0,0.0,1.0,0.0,0
3529005,SP,Sudeste,64.28,59.16,62.61,1,1.0,0.0,1.0,0.0,0
3545605,SP,Sudeste,64.33,60.7,63.89,1,1.0,0.0,1.0,0.0,0
3501608,SP,Sudeste,64.36,58.55,62.11,1,1.0,0.0,1.0,0.0,0
1501006,PA,Norte,64.37,57.23,61.01,1,1.0,0.0,1.0,0.0,0
2610905,PE,Nordeste,64.38,59.65,63.02,1,1.0,0.0,1.0,0.0,0
4212106,SC,Sul,64.41,58.21,61.82,1,1.0,0.0,1.0,0.0,0
5200050,GO,Centro-Oeste,64.46,59.84,63.18,1,1.0,0.0,1.0,0.0,0
3540200,SP,Sudeste,64.47,60.04,63.34,1,1.0,0.0,1.0,0.0,0
3516200,SP,Sudeste,64.54,57.72,61.42,1,1.0,0.0,1.0,0.0,0
3201308,ES,Sudeste,64.57,57.15,60.94,1,1.0,0.0,1.0,0.0,0
3500709,SP,Sudeste,64.6,57.23,61.01,1,1.0,0.0,1.0,0.0,0
4123402,PR,Sul,64.71,58.68,62.22,1,1.0,0.0,1.0,0.0,0
3549904,SP,Sudeste,64.75,57.44,61.18,1,1.0,0.0,1.0,0.0,0
3123601,MG,Sudeste,64.98,57.91,61.57,1,1.0,0.0,1.0,0.0,0
1502152,PA,Norte,65.12,62.1,65.05,1,1.0,0.0,1.0,0.0,0
3138401,MG,Sudeste,65.18,58.67,62.21,1,1.0,0.0,1.0,0.0,0
3111507,MG,Sudeste,65.27,58.27,61.87,1,1.0,0.0,1.0,0.0,0
1501501,PA,Norte,65.29,60.59,63.8,1,1.0,0.0,1.0,0.0,0
5105580,MT,Centro-Oeste,65.36,62.31,65.23,1,1.0,0.0,1.0,0.0,0
2512101,PB,Nordeste,65.57,58.65,62.19,1,1.0,0.0,1.0,0.0,0
1100023,RO,Norte,65.62,62.3,65.22,1,1.0,0.0,1.0,0.0,0
3528601,SP,Sudeste,65.64,62.2,65.13,1,1.0,0.0,1.0,0.0,0
2611804,PE,Nordeste,65.68,61.57,64.61,1,1.0,0.0,1.0,0.0,0
5213772,GO,Centro-Oeste,65.74,59.37,62.79,1,1.0,0.0,1.0,0.0,0
5201504,GO,Centro-Oeste,65.8,61.96,64.94,1,1.0,0.0,1.0,0.0,0
1100049,RO,Norte,65.81,62.51,65.39,1,1.0,0.0,1.0,0.0,0
5213806,GO,Centro-Oeste,65.87,62.28,65.2,1,1.0,0.0,1.0,0.0,0
2105989,MA,Nordeste,65.92,60.63,63.83,1,1.0,0.0,1.0,0.0,0
3138906,MG,Sudeste,65.94,62.01,64.98,1,1.0,0.0,1.0,0.0,0
3112059,MG,Sudeste,65.99,60.18,63.46,1,1.0,0.0,1.0,0.0,0
2610608,PE,Nordeste,66.03,62.99,65.79,1,1.0,0.0,1.0,0.0,0
1101500,RO,Norte,66.06,63.02,65.81,1,1.0,0.0,1.0,0.0,0
3548807,SP,Sudeste,66.12,60.95,64.1,1,1.0,0.0,1.0,0.0,0
3151107,MG,Sudeste,66.15,62.67,65.52,1,1.0,0.0,1.0,0.0,0
4205001,SC,Sul,66.23,59.65,63.02,1,1.0,0.0,1.0,0.0,0
3134202,MG,Sudeste,66.72,62.99,65.79,1,1.0,0.0,1.0,0.0,0
3158201,MG,Sudeste,66.73,61.58,64.62,1,1.0,0.0,1.0,0.0,0
2606804,PE,Nordeste,66.97,62.61,65.47,1,1.0,0.0,1.0,0.0,0
3544301,SP,Sudeste,67.2,63.56,66.26,1,1.0,0.0,1.0,0.0,0
3539509,SP,Sudeste,67.24,62.9,65.71,1,1.0,0.0,1.0,0.0,0
3169802,MG,Sudeste,67.31,61.67,64.7,1,1.0,0.0,1.0,0.0,0
3203205,ES,Sudeste,67.59,64.16,66.76,1,1.0,0.0,1.0,0.0,0
3302254,RJ,Sudeste,67.6,65.0,67.45,1,1.0,0.0,1.0,0.0,0
3122405,MG,Sudeste,67.64,64.28,66.86,1,1.0,0.0,1.0,0.0,0
4219176,SC,Sul,67.69,64.24,66.82,1,1.0,0.0,1.0,0.0,0
1100015,RO,Norte,67.79,64.55,67.08,1,1.0,0.0,1.0,0.0,0
3508108,SP,Sudeste,67.83,64.02,66.64,1,1.0,0.0,1.0,0.0,0
3547502,SP,Sudeste,67.97,62.35,65.26,1,1.0,0.0,1.0,0.0,0
3118809,MG,Sudeste,68.05,65.6,67.95,1,1.0,0.0,1.0,0.0,0
2611705,PE,Nordeste,68.11,63.97,66.6,1,1.0,0.0,1.0,0.0,0
3505708,SP,Sudeste,68.13,62.8,65.63,1,1.0,0.0,1.0,0.0,0
4211702,SC,Sul,68.14,65.83,68.14,1,1.0,0.0,1.0,0.0,0
3527405,SP,Sudeste,68.26,64.53,67.06,1,1.0,0.0,1.0,0.0,0
3114402,MG,Sudeste,68.35,63.2,65.96,1,1.0,0.0,1.0,0.0,0
3167608,MG,Sudeste,68.54,65.64,67.98,1,1.0,0.0,1.0,0.0,0
4217006,SC,Sul,68.64,65.85,68.15,1,1.0,0.0,1.0,0.0,0
3550803,SP,Sudeste,68.66,64.77,67.26,1,1.0,0.0,1.0,0.0,0
3304524,RJ,Sudeste,68.67,65.82,68.13,1,1.0,0.0,1.0,0.0,0
4209102,SC,Sul,68.79,65.94,68.23,1,1.0,0.0,1.0,0.0,0
3303401,RJ,Sudeste,68.84,65.29,67.69,1,1.0,0.0,1.0,0.0,0
2108058,MA,Nordeste,68.89,64.86,67.34,1,1.0,0.0,1.0,0.0,0
4110607,PR,Sul,68.95,64.15,66.75,1,1.0,0.0,1.0,0.0,0
2105104,MA,Nordeste,68.98,66.57,68.75,1,1.0,0.0,1.0,0.0,0
4213807,SC,Sul,69.36,65.61,67.96,1,1.0,0.0,1.0,0.0,0
5208707,GO,Centro-Oeste,69.49,66.56,68.74,1,1.0,0.0,1.0,0.0,0
3204906,ES,Sudeste,69.53,67.19,69.26,1,1.0,0.0,1.0,0.0,0
3538501,SP,Sudeste,69.56,65.49,67.86,1,1.0,0.0,1.0,0.0,0
2103752,MA,Nordeste,69.82,66.75,68.9,1,1.0,0.0,1.0,0.0,0
3154507,MG,Sudeste,70.0,67.54,69.55,1,1.0,0.0,1.0,0.0,0
4217105,SC,Sul,70.0,68.0,69.93,1,1.0,0.0,1.0,0.0,0
4101002,PR,Sul,70.06,65.51,67.87,1,1.0,0.0,1.0,0.0,0
4214201,SC,Sul,70.08,67.13,69.21,1,1.0,0.0,1.0,0.0,0
3304151,RJ,Sudeste,70.11,66.22,68.46,1,1.0,0.0,1.0,0.0,0
2600104,PE,Nordeste,70.19,66.59,68.77,1,1.0,0.0,1.0,0.0,0
2611101,PE,Nordeste,70.25,66.17,68.42,1,1.0,0.0,1.0,0.0,0
3170057,MG,Sudeste,70.42,68.47,70.32,1,1.0,0.0,1.0,0.0,0
3554300,SP,Sudeste,70.49,66.81,68.95,1,1.0,0.0,1.0,0.0,0
2605806,PE,Nordeste,70.68,68.03,69.96,1,1.0,0.0,1.0,0.0,0
3546900,SP,Sudeste,70.68,66.83,68.96,1,1.0,0.0,1.0,0.0,0
2708204,AL,Nordeste,70.72,67.19,69.26,1,1.0,0.0,1.0,0.0,0
3205010,ES,Sudeste,70.81,67.21,69.28,1,1.0,0.0,1.0,0.0,0
4211454,SC,Sul,71.17,67.4,69.44,1,1.0,0.0,1.0,0.0,0
5214507,GO,Centro-Oeste,71.18,68.08,70.0,1,1.0,0.0,1.0,0.0,0
3115359,MG,Sudeste,71.35,67.35,69.4,1,1.0,0.0,1.0,0.0,0
3550506,SP,Sudeste,71.42,69.21,70.94,1,1.0,0.0,1.0,0.0,0
2205516,PI,Nordeste,71.43,68.69,70.51,1,1.0,0.0,1.0,0.0,0
5217104,GO,Centro-Oeste,71.69,67.96,69.9,1,1.0,0.0,1.0,0.0,0
4219002,SC,Sul,71.86,68.86,70.65,1,1.0,0.0,1.0,0.0,0
4100806,PR,Sul,72.48,69.39,71.09,1,1.0,0.0,1.0,0.0,0
3115706,MG,Sudeste,72.79,71.27,72.65,1,1.0,0.0,1.0,0.0,0
3154457,MG,Sudeste,72.81,69.58,71.24,1,1.0,0.0,1.0,0.0,0
4113502,PR,Sul,73.8,72.42,73.6,1,1.0,0.0,1.0,0.0,0
4102604,PR,Sul,73.99,72.57,73.73,1,1.0,0.0,1.0,0.0,0
4105706,PR,Sul,74.84,73.11,74.18,1,1.0,0.0,1.0,0.0,0
1600238,AP,Norte,74.96,73.43,74.45,1,1.0,0.0,1.0,0.0,0
4302253,RS,Sul,75.0,73.33,74.36,1,1.0,0.0,1.0,0.0,0
3547601,SP,Sudeste,75.32,74.36,75.23,1,1.0,0.0,1.0,0.0,0
5100300,MT,Centro-Oeste,75.59,73.84,74.79,1,1.0,0.0,1.0,0.0,0
1100148,RO,Norte,75.61,74.81,75.6,1,1.0,0.0,1.0,0.0,0
2610509,PE,Nordeste,76.23,74.89,75.67,1,1.0,0.0,1.0,0.0,0
3108602,MG,Sudeste,76.32,75.06,75.81,1,1.0,0.0,1.0,0.0,0
3131406,MG,Sudeste,76.42,75.16,75.9,1,1.0,0.0,1.0,0.0,0
4114609,PR,Sul,76.44,75.3,76.01,1,1.0,0.0,1.0,0.0,0
4123501,PR,Sul,79.37,79.21,79.32,1,1.0,0.0,1.0,0.0,0
2907400,BA,Nordeste,25.71,10.48,16.24,1,0.0,0.0,1.0,0.0,0
2514602,PB,Nordeste,29.62,11.97,18.06,1,0.0,0.0,1.0,0.0,0
2929701,BA,Nordeste,30.68,15.36,22.02,1,0.0,0.0,1.0,0.0,0
1715705,TO,Norte,31.27,9.01,14.38,1,0.0,0.0,1.0,0.0,0
2405405,RN,Nordeste,31.34,15.32,21.97,1,0.0,0.0,1.0,0.0,0
2805901,SE,Nordeste,31.48,11.32,17.27,1,0.0,0.0,1.0,0.0,0
2408953,RN,Nordeste,31.56,14.85,21.44,1,0.0,0.0,1.0,0.0,0
2802403,SE,Nordeste,36.4,19.42,26.47,1,0.0,0.0,1.0,0.0,0
2202307,PI,Nordeste,36.45,13.66,20.06,1,0.0,0.0,1.0,0.0,0
2910859,BA,Nordeste,36.76,18.28,25.25,1,0.0,0.0,1.0,0.0,0
1718907,TO,Norte,36.92,20.86,27.99,1,0.0,0.0,1.0,0.0,0
2802304,SE,Nordeste,37.21,19.23,26.27,1,0.0,0.0,1.0,0.0,0
2412906,RN,Nordeste,37.72,20.09,27.18,1,0.0,0.0,1.0,0.0,0
1718006,TO,Norte,37.89,7.57,12.49,1,0.0,0.0,1.0,0.0,0
1716307,TO,Norte,37.96,6.51,11.05,1,0.0,0.0,1.0,0.0,0
1709005,TO,Norte,38.49,12.54,18.74,1,0.0,0.0,1.0,0.0,0
1718303,TO,Norte,38.49,18.07,25.02,1,0.0,0.0,1.0,0.0,0
1703842,TO,Norte,38.52,16.16,22.91,1,0.0,0.0,1.0,0.0,0
2415008,RN,Nordeste,39.06,19.38,26.43,1,0.0,0.0,1.0,0.0,0
2923050,BA,Nordeste,39.06,21.75,28.92,1,0.0,0.0,1.0,0.0,0
2402105,RN,Nordeste,39.72,24.04,31.26,1,0.0,0.0,1.0,0.0,0
2414308,RN,Nordeste,40.0,20.83,27.96,1,0.0,0.0,1.0,0.0,0
2805208,SE,Nordeste,40.26,16.22,22.98,1,0.0,0.0,1.0,0.0,0
2908804,BA,Nordeste,40.62,24.0,31.22,1,0.0,0.0,1.0,0.0,0
2918308,BA,Nordeste,40.82,24.15,31.37,1,0.0,0.0,1.0,0.0,0
1700301,TO,Norte,40.89,25.2,32.42,1,0.0,0.0,1.0,0.0,0
1718451,TO,Norte,40.91,20.72,27.85,1,0.0,0.0,1.0,0.0,0
2911006,BA,Nordeste,41.03,15.12,21.74,1,0.0,0.0,1.0,0.0,0
3139300,MG,Sudeste,41.04,24.02,31.24,1,0.0,0.0,1.0,0.0,0
2409100,RN,Nordeste,41.07,24.57,31.79,1,0.0,0.0,1.0,0.0,0
5004809,MS,Centro-Oeste,41.76,12.68,18.91,1,0.0,0.0,1.0,0.0,0
2207900,PI,Nordeste,41.98,25.09,32.31,1,0.0,0.0,1.0,0.0,0
2807303,SE,Nordeste,42.47,17.39,24.28,1,0.0,0.0,1.0,0.0,0
1722107,TO,Norte,42.82,22.0,29.18,1,0.0,0.0,1.0,0.0,0
2406908,RN,Nordeste,42.86,4.35,7.94,1,0.0,0.0,1.0,0.0,0
2100550,MA,Nordeste,43.0,22.97,30.17,1,0.0,0.0,1.0,0.0,0
2404705,RN,Nordeste,43.03,13.69,20.1,1,0.0,0.0,1.0,0.0,0
1717503,TO,Norte,43.07,21.88,29.05,1,0.0,0.0,1.0,0.0,0
2209872,PI,Nordeste,43.37,26.94,34.14,1,0.0,0.0,1.0,0.0,0
2918506,BA,Nordeste,43.44,23.19,30.4,1,0.0,0.0,1.0,0.0,0
2406106,RN,Nordeste,43.69,27.56,34.74,1,0.0,0.0,1.0,0.0,0
1714203,TO,Norte,43.89,28.21,35.38,1,0.0,0.0,1.0,0.0,0
1717800,TO,Norte,44.56,9.52,15.03,1,0.0,0.0,1.0,0.0,0
3551405,SP,Sudeste,44.65,23.94,31.16,1,0.0,0.0,1.0,0.0,0
2501401,PB,Nordeste,44.76,21.73,28.9,1,0.0,0.0,1.0,0.0,0
1713700,TO,Norte,44.77,29.33,36.45,1,0.0,0.0,1.0,0.0,0
2800506,SE,Nordeste,44.81,27.09,34.29,1,0.0,0.0,1.0,0.0,0
2205581,PI,Nordeste,44.87,7.17,11.95,1,0.0,0.0,1.0,0.0,0
3115904,MG,Sudeste,44.9,28.81,35.95,1,0.0,0.0,1.0,0.0,0
2210409,PI,Nordeste,45.19,29.86,36.96,1,0.0,0.0,1.0,0.0,0
2801603,SE,Nordeste,45.3,22.22,29.4,1,0.0,0.0,1.0,0.0,0
1503408,PA,Norte,45.41,21.83,29.0,1,0.0,0.0,1.0,0.0,0
1504406,PA,Norte,45.42,28.74,35.89,1,0.0,0.0,1.0,0.0,0
2414704,RN,Nordeste,45.68,17.25,24.12,1,0.0,0.0,1.0,0.0,0
3149150,MG,Sudeste,46.09,28.66,35.81,1,0.0,0.0,1.0,0.0,0
2202653,PI,Nordeste,46.21,20.36,27.47,1,0.0,0.0,1.0,0.0,0
2905156,BA,Nordeste,46.43,24.86,32.08,1,0.0,0.0,1.0,0.0,0
1718709,TO,Norte,46.58,17.52,24.42,1,0.0,0.0,1.0,0.0,0
2917805,BA,Nordeste,46.85,25.85,33.07,1,0.0,0.0,1.0,0.0,0
2404002,RN,Nordeste,47.06,20.0,27.09,1,0.0,0.0,1.0,0.0,0
3135209,MG,Sudeste,47.12,20.14,27.24,1,0.0,0.0,1.0,0.0,0
2800308,SE,Nordeste,47.18,29.69,36.8,1,0.0,0.0,1.0,0.0,0
4202602,SC,Sul,47.34,32.45,39.4,1,0.0,0.0,1.0,0.0,0
2709202,AL,Nordeste,47.49,31.62,38.63,1,0.0,0.0,1.0,0.0,0
5005152,MS,Centro-Oeste,47.67,22.63,29.82,1,0.0,0.0,1.0,0.0,0
2502102,PB,Nordeste,47.71,28.58,35.73,1,0.0,0.0,1.0,0.0,0
2402907,RN,Nordeste,47.83,23.86,31.08,1,0.0,0.0,1.0,0.0,0
2503555,PB,Nordeste,47.9,32.54,39.49,1,0.0,0.0,1.0,0.0,0
2208601,PI,Nordeste,47.93,14.28,20.78,1,0.0,0.0,1.0,0.0,0
2513158,PB,Nordeste,48.11,13.38,19.74,1,0.0,0.0,1.0,0.0,0
2707008,AL,Nordeste,48.15,29.05,36.18,1,0.0,0.0,1.0,0.0,0
1700400,TO,Norte,48.18,15.92,22.65,1,0.0,0.0,1.0,0.0,0
3167509,MG,Sudeste,48.25,8.82,14.14,1,0.0,0.0,1.0,0.0,0
2203271,PI,Nordeste,48.34,16.11,22.86,1,0.0,0.0,1.0,0.0,0
1302801,AM,Norte,48.41,20.95,28.09,1,0.0,0.0,1.0,0.0,0
2507002,PB,Nordeste,48.7,17.96,24.9,1,0.0,0.0,1.0,0.0,0
2413706,RN,Nordeste,48.74,28.73,35.88,1,0.0,0.0,1.0,0.0,0
2707206,AL,Nordeste,48.87,33.38,40.27,1,0.0,0.0,1.0,0.0,0
1712454,TO,Norte,48.91,25.0,32.22,1,0.0,0.0,1.0,0.0,0
2515609,PB,Nordeste,48.92,17.39,24.28,1,0.0,0.0,1.0,0.0,0
2501575,PB,Nordeste,49.18,28.04,35.21,1,0.0,0.0,1.0,0.0,0
1713957,TO,Norte,49.28,17.89,24.82,1,0.0,0.0,1.0,0.0,0
2102150,MA,Nordeste,49.3,33.25,40.15,1,0.0,0.0,1.0,0.0,0
2702801,AL,Nordeste,49.34,34.71,41.5,1,0.0,0.0,1.0,0.0,0
2412302,RN,Nordeste,49.42,18.05,25.0,1,0.0,0.0,1.0,0.0,0
1713809,TO,Norte,49.53,18.11,25.06,1,0.0,0.0,1.0,0.0,0
3506805,SP,Sudeste,49.59,32.75,39.68,1,0.0,0.0,1.0,0.0,0
2408201,RN,Nordeste,49.76,32.17,39.14,1,0.0,0.0,1.0,0.0,0
4204178,SC,Sul,49.84,28.93,36.07,1,0.0,0.0,1.0,0.0,0
2210623,PI,Nordeste,50.0,26.0,33.21,1,0.0,0.0,1.0,0.0,0
2911501,BA,Nordeste,50.0,27.74,34.92,1,0.0,0.0,1.0,0.0,0
2922706,BA,Nordeste,50.0,29.48,36.6,1,0.0,0.0,1.0,0.0,0
4311759,RS,Sul,50.0,28.57,35.72,1,0.0,0.0,1.0,0.0,0
1504950,PA,Norte,50.02,35.64,42.35,1,0.0,0.0,1.0,0.0,0
1718501,TO,Norte,50.29,4.56,8.25,1,0.0,0.0,1.0,0.0,0
1702208,TO,Norte,50.5,35.15,41.9,1,0.0,0.0,1.0,0.0,0
1702109,TO,Norte,50.51,35.44,42.16,1,0.0,0.0,1.0,0.0,0
2922607,BA,Nordeste,50.52,36.06,42.73,1,0.0,0.0,1.0,0.0,0
1501782,PA,Norte,50.55,31.24,38.27,1,0.0,0.0,1.0,0.0,0
2923308,BA,Nordeste,50.59,35.94,42.62,1,0.0,0.0,1.0,0.0,0
2708709,AL,Nordeste,50.67,34.51,41.31,1,0.0,0.0,1.0,0.0,0
2507309,PB,Nordeste,51.18,34.78,41.56,1,0.0,0.0,1.0,0.0,0
2706208,AL,Nordeste,51.18,33.73,40.59,1,0.0,0.0,1.0,0.0,0
2916500,BA,Nordeste,51.23,28.08,35.25,1,0.0,0.0,1.0,0.0,0
1500347,PA,Norte,51.4,27.76,34.94,1,0.0,0.0,1.0,0.0,0
3557204,SP,Sudeste,51.58,38.04,44.52,1,0.0,0.0,1.0,0.0,0
2605707,PE,Nordeste,51.67,33.42,40.31,1,0.0,0.0,1.0,0.0,0
5004403,MS,Centro-Oeste,51.7,33.64,40.51,1,0.0,0.0,1.0,0.0,0
2922300,BA,Nordeste,51.72,23.34,30.55,1,0.0,0.0,1.0,0.0,0
2400802,RN,Nordeste,51.81,19.34,26.39,1,0.0,0.0,1.0,0.0,0
2411403,RN,Nordeste,51.92,21.7,28.87,1,0.0,0.0,1.0,0.0,0
2203750,PI,Nordeste,52.0,36.65,43.27,1,0.0,0.0,1.0,0.0,0
1703867,TO,Norte,52.01,15.77,22.48,1,0.0,0.0,1.0,0.0,0
2206100,PI,Nordeste,52.06,24.43,31.65,1,0.0,0.0,1.0,0.0,0
5001904,MS,Centro-Oeste,52.31,37.66,44.18,1,0.0,0.0,1.0,0.0,0
2202059,PI,Nordeste,52.34,19.85,26.93,1,0.0,0.0,1.0,0.0,0
3304102,RJ,Sudeste,52.38,35.38,42.11,1,0.0,0.0,1.0,0.0,0
5001508,MS,Centro-Oeste,52.42,25.95,33.17,1,0.0,0.0,1.0,0.0,0
2706109,AL,Nordeste,52.43,20.41,27.52,1,0.0,0.0,1.0,0.0,0
1701309,TO,Norte,52.57,24.61,31.83,1,0.0,0.0,1.0,0.0,0
2513604,PB,Nordeste,52.77,32.69,39.63,1,0.0,0.0,1.0,0.0,0
4209151,SC,Sul,52.77,37.11,43.68,1,0.0,0.0,1.0,0.0,0
5108501,MT,Centro-Oeste,52.77,34.76,41.54,1,0.0,0.0,1.0,0.0,0
3549607,SP,Sudeste,52.78,37.89,44.38,1,0.0,0.0,1.0,0.0,0
2500908,PB,Nordeste,52.9,35.35,42.08,1,0.0,0.0,1.0,0.0,0
2928950,BA,Nordeste,52.94,25.27,32.49,1,0.0,0.0,1.0,0.0,0
3522901,SP,Sudeste,53.04,35.02,41.78,1,0.0,0.0,1.0,0.0,0
2918357,BA,Nordeste,53.15,34.64,41.43,1,0.0,0.0,1.0,0.0,0
5106778,MT,Centro-Oeste,53.25,31.09,38.13,1,0.0,0.0,1.0,0.0,0
5003702,MS,Centro-Oeste,53.43,40.43,46.65,1,0.0,0.0,1.0,0.0,0
2111078,MA,Nordeste,53.45,24.38,31.6,1,0.0,0.0,1.0,0.0,0
1300086,AM,Norte,53.48,33.26,40.16,1,0.0,0.0,1.0,0.0,0
1710904,TO,Norte,53.53,35.09,41.84,1,0.0,0.0,1.0,0.0,0
2204352,PI,Nordeste,53.59,19.5,26.56,1,0.0,0.0,1.0,0.0,0
2708501,AL,Nordeste,53.64,39.59,45.9,1,0.0,0.0,1.0,0.0,0
5005004,MS,Centro-Oeste,53.84,35.28,42.02,1,0.0,0.0,1.0,0.0,0
1721307,TO,Norte,53.85,25.0,32.22,1,0.0,0.0,1.0,0.0,0
2414753,RN,Nordeste,53.85,41.18,47.31,1,0.0,0.0,1.0,0.0,0
2407401,RN,Nordeste,53.91,41.62,47.7,1,0.0,0.0,1.0,0.0,0
3120300,MG,Sudeste,54.17,26.36,33.57,1,0.0,0.0,1.0,0.0,0
2701209,AL,Nordeste,54.19,30.55,37.62,1,0.0,0.0,1.0,0.0,0
1502756,PA,Norte,54.24,40.62,46.82,1,0.0,0.0,1.0,0.0,0
5103353,MT,Centro-Oeste,54.24,35.6,42.31,1,0.0,0.0,1.0,0.0,0
2211704,PI,Nordeste,54.29,37.6,44.12,1,0.0,0.0,1.0,0.0,0
1718550,TO,Norte,54.32,21.31,28.46,1,0.0,0.0,1.0,0.0,0
2506905,PB,Nordeste,54.38,25.33,32.55,1,0.0,0.0,1.0,0.0,0
5002902,MS,Centro-Oeste,54.38,37.72,44.23,1,0.0,0.0,1.0,0.0,0
2111805,MA,Nordeste,54.44,42.39,48.38,1,0.0,0.0,1.0,0.0,0
3137007,MG,Sudeste,54.47,23.8,31.02,1,0.0,0.0,1.0,0.0,0
1717206,TO,Norte,54.55,26.08,33.29,1,0.0,0.0,1.0,0.0,0
2208403,PI,Nordeste,54.59,33.16,40.06,1,0.0,0.0,1.0,0.0,0
3109451,MG,Sudeste,54.59,40.49,46.7,1,0.0,0.0,1.0,0.0,0
2703403,AL,Nordeste,54.66,38.18,44.64,1,0.0,0.0,1.0,0.0,0
2702207,AL,Nordeste,54.67,34.53,41.33,1,0.0,0.0,1.0,0.0,0
5003256,MS,Centro-Oeste,54.88,38.85,45.24,1,0.0,0.0,1.0,0.0,0
3101706,MG,Sudeste,55.06,39.24,45.59,1,0.0,0.0,1.0,0.0,0
2708907,AL,Nordeste,55.11,42.93,48.85,1,0.0,0.0,1.0,0.0,0
2404101,RN,Nordeste,55.2,38.33,44.78,1,0.0,0.0,1.0,0.0,0
5006309,MS,Centro-Oeste,55.2,30.65,37.71,1,0.0,0.0,1.0,0.0,0
1600600,AP,Norte,55.32,41.76,47.82,1,0.0,0.0,1.0,0.0,0
3506706,SP,Sudeste,55.34,42.1,48.12,1,0.0,0.0,1.0,0.0,0
1715002,TO,Norte,55.38,32.17,39.14,1,0.0,0.0,1.0,0.0,0
1500958,PA,Norte,55.54,33.96,40.81,1,0.0,0.0,1.0,0.0,0
1501808,PA,Norte,55.58,44.0,49.78,1,0.0,0.0,1.0,0.0,0
2111532,MA,Nordeste,55.64,32.95,39.87,1,0.0,0.0,1.0,0.0,0
1101757,RO,Norte,55.65,36.95,43.54,1,0.0,0.0,1.0,0.0,0
3135803,MG,Sudeste,55.65,43.97,49.76,1,0.0,0.0,1.0,0.0,0
2103604,MA,Nordeste,55.72,41.49,47.59,1,0.0,0.0,1.0,0.0,0
2514503,PB,Nordeste,55.77,34.1,40.93,1,0.0,0.0,1.0,0.0,0
2106706,MA,Nordeste,55.82,35.01,41.77,1,0.0,0.0,1.0,0.0,0
2105500,MA,Nordeste,55.83,35.04,41.8,1,0.0,0.0,1.0,0.0,0
2210938,PI,Nordeste,55.84,27.08,34.28,1,0.0,0.0,1.0,0.0,0
5006408,MS,Centro-Oeste,55.86,33.66,40.53,1,0.0,0.0,1.0,0.0,0
2901502,BA,Nordeste,55.95,38.74,45.15,1,0.0,0.0,1.0,0.0,0
3513405,SP,Sudeste,55.99,39.34,45.68,1,0.0,0.0,1.0,0.0,0
2102374,MA,Nordeste,56.05,41.14,47.28,1,0.0,0.0,1.0,0.0,0
2111250,MA,Nordeste,56.16,12.94,19.22,1,0.0,0.0,1.0,0.0,0
3529658,SP,Sudeste,56.25,34.78,41.56,1,0.0,0.0,1.0,0.0,0
4208807,SC,Sul,56.28,42.4,48.39,1,0.0,0.0,1.0,0.0,0
2100477,MA,Nordeste,56.29,36.04,42.71,1,0.0,0.0,1.0,0.0,0
1506161,PA,Norte,56.31,41.79,47.85,1,0.0,0.0,1.0,0.0,0
2412401,RN,Nordeste,56.41,36.3,42.95,1,0.0,0.0,1.0,0.0,0
4209706,SC,Sul,56.41,40.87,47.04,1,0.0,0.0,1.0,0.0,0
2405702,RN,Nordeste,56.51,26.75,33.95,1,0.0,0.0,1.0,0.0,0
5006002,MS,Centro-Oeste,56.52,37.23,43.79,1,0.0,0.0,1.0,0.0,0
2614303,PE,Nordeste,56.94,44.18,49.94,1,0.0,0.0,1.0,0.0,0
1505700,PA,Norte,57.13,38.7,45.11,1,0.0,0.0,1.0,0.0,0
3544103,SP,Sudeste,57.14,31.67,38.67,1,0.0,0.0,1.0,0.0,0
3534302,SP,Sudeste,57.15,44.94,50.6,1,0.0,0.0,1.0,0.0,0
2102309,MA,Nordeste,57.18,31.4,38.42,1,0.0,0.0,1.0,0.0,0
2614857,PE,Nordeste,57.18,44.9,50.56,1,0.0,0.0,1.0,0.0,0
3523107,SP,Sudeste,57.19,42.98,48.89,1,0.0,0.0,1.0,0.0,0
2603207,PE,Nordeste,57.25,45.78,51.32,1,0.0,0.0,1.0,0.0,0
2112506,MA,Nordeste,57.61,37.64,44.16,1,0.0,0.0,1.0,0.0,0
3170107,MG,Sudeste,57.68,45.77,51.32,1,0.0,0.0,1.0,0.0,0
2609303,PE,Nordeste,57.83,35.45,42.17,1,0.0,0.0,1.0,0.0,0
3512001,SP,Sudeste,57.89,43.8,49.61,1,0.0,0.0,1.0,0.0,0
3532306,SP,Sudeste,57.89,40.32,46.55,1,0.0,0.0,1.0,0.0,0
2109205,MA,Nordeste,57.94,36.89,43.48,1,0.0,0.0,1.0,0.0,0
2804102,SE,Nordeste,58.01,43.16,49.05,1,0.0,0.0,1.0,0.0,0
2208205,PI,Nordeste,58.16,35.27,42.01,1,0.0,0.0,1.0,0.0,0
2932507,BA,Nordeste,58.16,37.89,44.38,1,0.0,0.0,1.0,0.0,0
5104609,MT,Centro-Oeste,58.16,42.56,48.53,1,0.0,0.0,1.0,0.0,0
3161106,MG,Sudeste,58.24,46.23,51.71,1,0.0,0.0,1.0,0.0,0
2803302,SE,Nordeste,58.28,42.14,48.16,1,0.0,0.0,1.0,0.0,0
2505501,PB,Nordeste,58.31,44.1,49.87,1,0.0,0.0,1.0,0.0,0
3169604,MG,Sudeste,58.34,39.03,45.41,1,0.0,0.0,1.0,0.0,0
2111003,MA,Nordeste,58.4,29.54,36.65,1,0.0,0.0,1.0,0.0,0
3500303,SP,Sudeste,58.41,47.01,52.38,1,0.0,0.0,1.0,0.0,0
1300029,AM,Norte,58.47,39.91,46.19,1,0.0,0.0,1.0,0.0,0
2504157,PB,Nordeste,58.51,47.97,53.21,1,0.0,0.0,1.0,0.0,0
2506608,PB,Nordeste,58.62,13.07,19.37,1,0.0,0.0,1.0,0.0,0
3504909,SP,Sudeste,58.62,47.78,53.04,1,0.0,0.0,1.0,0.0,0
3127057,MG,Sudeste,58.66,37.26,43.82,1,0.0,0.0,1.0,0.0,0
5003108,MS,Centro-Oeste,58.66,45.65,51.21,1,0.0,0.0,1.0,0.0,0
2804706,SE,Nordeste,58.77,19.15,26.18,1,0.0,0.0,1.0,0.0,0
2403756,RN,Nordeste,58.82,32.84,39.77,1,0.0,0.0,1.0,0.0,0
2205557,PI,Nordeste,58.86,21.65,28.81,1,0.0,0.0,1.0,0.0,0
2610400,PE,Nordeste,58.91,48.66,53.79,1,0.0,0.0,1.0,0.0,0
5107958,MT,Centro-Oeste,58.95,48.7,53.83,1,0.0,0.0,1.0,0.0,0
1720309,TO,Norte,58.96,26.56,33.77,1,0.0,0.0,1.0,0.0,0
2400505,RN,Nordeste,58.98,17.76,24.68,1,0.0,0.0,1.0,0.0,0
3554607,SP,Sudeste,58.99,39.16,45.52,1,0.0,0.0,1.0,0.0,0
3513108,SP,Sudeste,59.0,41.9,47.95,1,0.0,0.0,1.0,0.0,0
2804458,SE,Nordeste,59.01,38.1,44.57,1,0.0,0.0,1.0,0.0,0
1720259,TO,Norte,59.09,47.62,52.91,1,0.0,0.0,1.0,0.0,0
1701051,TO,Norte,59.12,40.16,46.41,1,0.0,0.0,1.0,0.0,0
2900306,BA,Nordeste,59.14,19.7,26.77,1,0.0,0.0,1.0,0.0,0
3157104,MG,Sudeste,59.15,43.75,49.57,1,0.0,0.0,1.0,0.0,0
2403400,RN,Nordeste,59.19,20.52,27.64,1,0.0,0.0,1.0,0.0,0
2202117,PI,Nordeste,59.33,38.53,44.96,1,0.0,0.0,1.0,0.0,0
2508109,PB,Nordeste,59.38,25.0,32.22,1,0.0,0.0,1.0,0.0,0
2111573,MA,Nordeste,59.47,40.27,46.51,1,0.0,0.0,1.0,0.0,0
5103858,MT,Centro-Oeste,59.6,45.03,50.68,1,0.0,0.0,1.0,0.0,0
2506301,PB,Nordeste,59.62,36.12,42.78,1,0.0,0.0,1.0,0.0,0
3546306,SP,Sudeste,59.69,49.45,54.47,1,0.0,0.0,1.0,0.0,0
3502200,SP,Sudeste,59.71,48.25,53.44,1,0.0,0.0,1.0,0.0,0
3553302,SP,Sudeste,59.74,47.74,53.01,1,0.0,0.0,1.0,0.0,0
2101905,MA,Nordeste,59.75,33.01,39.93,1,0.0,0.0,1.0,0.0,0
2608453,PE,Nordeste,59.78,48.37,53.55,1,0.0,0.0,1.0,0.0,0
5007802,MS,Centro-Oeste,59.83,26.67,33.87,1,0.0,0.0,1.0,0.0,0
1702554,TO,Norte,59.95,50.01,54.94,1,0.0,0.0,1.0,0.0,0
3156007,MG,Sudeste,59.95,43.86,49.66,1,0.0,0.0,1.0,0.0,0
2111904,MA,Nordeste,60.0,49.97,54.91,1,0.0,0.0,1.0,0.0,0
2505808,PB,Nordeste,60.0,11.05,16.94,1,0.0,0.0,1.0,0.0,0
2902302,BA,Nordeste,60.0,47.9,53.15,1,0.0,0.0,1.0,0.0,0
3165552,MG,Sudeste,60.0,48.72,53.85,1,0.0,0.0,1.0,0.0,0
4212270,SC,Sul,60.0,49.26,54.31,1,0.0,0.0,1.0,0.0,0
5004304,MS,Centro-Oeste,60.02,38.28,44.73,1,0.0,0.0,1.0,0.0,0
2407252,RN,Nordeste,60.04,31.42,38.44,1,0.0,0.0,1.0,0.0,0
3304128,RJ,Sudeste,60.05,48.93,54.03,1,0.0,0.0,1.0,0.0,0
3107505,MG,Sudeste,60.13,47.71,52.98,1,0.0,0.0,1.0,0.0,0
2112902,MA,Nordeste,60.19,48.98,54.07,1,0.0,0.0,1.0,0.0,0
3115300,MG,Sudeste,60.22,36.0,42.67,1,0.0,0.0,1.0,0.0,0
2200103,PI,Nordeste,60.23,32.61,39.55,1,0.0,0.0,1.0,0.0,0
3535309,SP,Sudeste,60.32,46.45,51.9,1,0.0,0.0,1.0,0.0,0
5220454,GO,Centro-Oeste,60.34,48.52,53.68,1,0.0,0.0,1.0,0.0,0
5002605,MS,Centro-Oeste,60.41,32.2,39.17,1,0.0,0.0,1.0,0.0,0
2613503,PE,Nordeste,60.42,46.7,52.12,1,0.0,0.0,1.0,0.0,0
5101258,MT,Centro-Oeste,60.47,48.48,53.64,1,0.0,0.0,1.0,0.0,0
4213302,SC,Sul,60.53,40.98,47.14,1,0.0,0.0,1.0,0.0,0
1716703,TO,Norte,60.62,48.45,53.62,1,0.0,0.0,1.0,0.0,0
3156809,MG,Sudeste,60.64,40.58,46.78,1,0.0,0.0,1.0,0.0,0
3158102,MG,Sudeste,60.65,47.31,52.64,1,0.0,0.0,1.0,0.0,0
2206050,PI,Nordeste,60.66,45.94,51.46,1,0.0,0.0,1.0,0.0,0
3503901,SP,Sudeste,60.67,50.85,55.66,1,0.0,0.0,1.0,0.0,0
2514008,PB,Nordeste,60.71,29.59,36.7,1,0.0,0.0,1.0,0.0,0
3142700,MG,Sudeste,60.75,48.49,53.65,1,0.0,0.0,1.0,0.0,0
2509396,PB,Nordeste,60.76,50.64,55.48,1,0.0,0.0,1.0,0.0,0
1707108,TO,Norte,60.78,39.09,45.46,1,0.0,0.0,1.0,0.0,0
2206209,PI,Nordeste,60.79,39.04,45.41,1,0.0,0.0,1.0,0.0,0
2502409,PB,Nordeste,60.93,40.87,47.04,1,0.0,0.0,1.0,0.0,0
5106307,MT,Centro-Oeste,60.98,45.39,50.99,1,0.0,0.0,1.0,0.0,0
2108405,MA,Nordeste,61.02,35.34,42.07,1,0.0,0.0,1.0,0.0,0
2511608,PB,Nordeste,61.18,41.76,47.82,1,0.0,0.0,1.0,0.0,0
1702406,TO,Norte,61.2,34.29,41.11,1,0.0,0.0,1.0,0.0,0
1715259,TO,Norte,61.24,22.32,29.51,1,0.0,0.0,1.0,0.0,0
1707009,TO,Norte,61.27,51.81,56.47,1,0.0,0.0,1.0,0.0,0
3513900,SP,Sudeste,61.36,52.32,56.9,1,0.0,0.0,1.0,0.0,0
3536505,SP,Sudeste,61.39,48.49,53.65,1,0.0,0.0,1.0,0.0,0
1706100,TO,Norte,61.42,46.85,52.25,1,0.0,0.0,1.0,0.0,0
3530508,SP,Sudeste,61.52,46.41,51.87,1,0.0,0.0,1.0,0.0,0
3532827,SP,Sudeste,61.55,45.1,50.74,1,0.0,0.0,1.0,0.0,0
3143203,MG,Sudeste,61.59,42.15,48.17,1,0.0,0.0,1.0,0.0,0
3551900,SP,Sudeste,61.65,42.14,48.16,1,0.0,0.0,1.0,0.0,0
3557105,SP,Sudeste,61.66,49.7,54.68,1,0.0,0.0,1.0,0.0,0
2202000,PI,Nordeste,61.68,41.5,47.6,1,0.0,0.0,1.0,0.0,0
3135100,MG,Sudeste,61.68,49.64,54.63,1,0.0,0.0,1.0,0.0,0
2606606,PE,Nordeste,61.76,50.76,55.58,1,0.0,0.0,1.0,0.0,0
5108402,MT,Centro-Oeste,61.76,47.94,53.18,1,0.0,0.0,1.0,0.0,0
5203575,GO,Centro-Oeste,61.76,48.9,54.0,1,0.0,0.0,1.0,0.0,0
1716653,TO,Norte,61.79,35.23,41.97,1,0.0,0.0,1.0,0.0,0
5205497,GO,Centro-Oeste,61.82,51.3,56.04,1,0.0,0.0,1.0,0.0,0
4213906,SC,Sul,61.9,47.06,52.43,1,0.0,0.0,1.0,0.0,0
3510807,SP,Sudeste,61.98,44.98,50.63,1,0.0,0.0,1.0,0.0,0
3127305,MG,Sudeste,62.07,47.26,52.6,1,0.0,0.0,1.0,0.0,0
5007695,MS,Centro-Oeste,62.1,52.32,56.9,1,0.0,0.0,1.0,0.0,0
2701357,AL,Nordeste,62.12,41.23,47.36,1,0.0,0.0,1.0,0.0,0
2505105,PB,Nordeste,62.2,50.66,55.49,1,0.0,0.0,1.0,0.0,0
2701605,AL,Nordeste,62.21,45.5,51.08,1,0.0,0.0,1.0,0.0,0
3548054,SP,Sudeste,62.22,50.15,55.06,1,0.0,0.0,1.0,0.0,0
5107941,MT,Centro-Oeste,62.36,51.43,56.15,1,0.0,0.0,1.0,0.0,0
3145356,MG,Sudeste,62.37,44.96,50.62,1,0.0,0.0,1.0,0.0,0
2500775,PB,Nordeste,62.41,42.5,48.47,1,0.0,0.0,1.0,0.0,0
2606705,PE,Nordeste,62.42,39.34,45.68,1,0.0,0.0,1.0,0.0,0
2209203,PI,Nordeste,62.47,27.74,34.92,1,0.0,0.0,1.0,0.0,0
2505303,PB,Nordeste,62.5,38.1,44.57,1,0.0,0.0,1.0,0.0,0
3113800,MG,Sudeste,62.5,29.75,36.86,1,0.0,0.0,1.0,0.0,0
3511706,SP,Sudeste,62.5,44.6,50.3,1,0.0,0.0,1.0,0.0,0
3532405,SP,Sudeste,62.5,46.83,52.23,1,0.0,0.0,1.0,0.0,0
3554508,SP,Sudeste,62.5,48.35,53.53,1,0.0,0.0,1.0,0.0,0
2601607,PE,Nordeste,62.62,51.55,56.25,1,0.0,0.0,1.0,0.0,0
3521101,SP,Sudeste,62.62,44.03,49.81,1,0.0,0.0,1.0,0.0,0
3109402,MG,Sudeste,62.63,37.7,44.21,1,0.0,0.0,1.0,0.0,0
3170206,MG,Sudeste,62.63,50.92,55.71,1,0.0,0.0,1.0,0.0,0
4120507,PR,Sul,62.66,51.44,56.15,1,0.0,0.0,1.0,0.0,0
3122355,MG,Sudeste,62.69,50.93,55.72,1,0.0,0.0,1.0,0.0,0
2202083,PI,Nordeste,62.75,47.44,52.75,1,0.0,0.0,1.0,0.0,0
2100055,MA,Nordeste,62.76,39.59,45.9,1,0.0,0.0,1.0,0.0,0
3120003,MG,Sudeste,62.81,46.69,52.11,1,0.0,0.0,1.0,0.0,0
4207700,SC,Sul,62.84,53.96,58.28,1,0.0,0.0,1.0,0.0,0
3109303,MG,Sudeste,62.9,52.14,56.75,1,0.0,0.0,1.0,0.0,0
2205599,PI,Nordeste,62.96,12.7,18.93,1,0.0,0.0,1.0,0.0,0
2517100,PB,Nordeste,62.96,52.0,56.63,1,0.0,0.0,1.0,0.0,0
1713304,TO,Norte,63.01,52.55,57.09,1,0.0,0.0,1.0,0.0,0
2405603,RN,Nordeste,63.05,30.4,37.47,1,0.0,0.0,1.0,0.0,0
2604304,PE,Nordeste,63.12,46.94,52.32,1,0.0,0.0,1.0,0.0,0
3150307,MG,Sudeste,63.16,29.38,36.5,1,0.0,0.0,1.0,0.0,0
3119302,MG,Sudeste,63.22,41.88,47.93,1,0.0,0.0,1.0,0.0,0
3508009,SP,Sudeste,63.24,48.89,53.99,1,0.0,0.0,1.0,0.0,0
2512200,PB,Nordeste,63.28,47.46,52.77,1,0.0,0.0,1.0,0.0,0
3303955,RJ,Sudeste,63.28,51.35,56.08,1,0.0,0.0,1.0,0.0,0
3528502,SP,Sudeste,63.31,55.0,59.15,1,0.0,0.0,1.0,0.0,0
2516805,PB,Nordeste,63.35,50.08,55.0,1,0.0,0.0,1.0,0.0,0
3538105,SP,Sudeste,63.37,46.53,51.97,1,0.0,0.0,1.0,0.0,0
5002951,MS,Centro-Oeste,63.42,43.31,49.18,1,0.0,0.0,1.0,0.0,0
3141702,MG,Sudeste,63.47,53.17,57.61,1,0.0,0.0,1.0,0.0,0
3530706,SP,Sudeste,63.47,51.4,56.12,1,0.0,0.0,1.0,0.0,0
3135050,MG,Sudeste,63.5,42.81,48.75,1,0.0,0.0,1.0,0.0,0
3153707,MG,Sudeste,63.55,42.5,48.47,1,0.0,0.0,1.0,0.0,0
3529203,SP,Sudeste,63.56,53.03,57.49,1,0.0,0.0,1.0,0.0,0
2108702,MA,Nordeste,63.6,24.85,32.07,1,0.0,0.0,1.0,0.0,0
3129806,MG,Sudeste,63.66,51.6,56.29,1,0.0,0.0,1.0,0.0,0
3538006,SP,Sudeste,63.8,54.51,58.74,1,0.0,0.0,1.0,0.0,0
3542602,SP,Sudeste,63.81,52.31,56.89,1,0.0,0.0,1.0,0.0,0
3131505,MG,Sudeste,63.82,52.86,57.35,1,0.0,0.0,1.0,0.0,0
2510006,PB,Nordeste,63.86,36.48,43.11,1,0.0,0.0,1.0,0.0,0
2108306,MA,Nordeste,63.88,55.46,59.53,1,0.0,0.0,1.0,0.0,0
2615409,PE,Nordeste,63.95,50.21,55.11,1,0.0,0.0,1.0,0.0,0
3549706,SP,Sudeste,63.96,47.71,52.98,1,0.0,0.0,1.0,0.0,0
1703826,TO,Norte,64.0,27.54,34.72,1,0.0,0.0,1.0,0.0,0
4216354,SC,Sul,64.01,55.09,59.22,1,0.0,0.0,1.0,0.0,0
2502904,PB,Nordeste,64.03,45.49,51.07,1,0.0,0.0,1.0,0.0,0
2613008,PE,Nordeste,64.03,55.89,59.89,1,0.0,0.0,1.0,0.0,0
5105101,MT,Centro-Oeste,64.06,53.34,57.76,1,0.0,0.0,1.0,0.0,0
3119401,MG,Sudeste,64.1,47.39,52.71,1,0.0,0.0,1.0,0.0,0
3136009,MG,Sudeste,64.1,43.01,48.92,1,0.0,0.0,1.0,0.0,0
2111763,MA,Nordeste,64.13,32.24,39.21,1,0.0,0.0,1.0,0.0,0
3545803,SP,Sudeste,64.2,54.63,58.84,1,0.0,0.0,1.0,0.0,0
3144375,MG,Sudeste,64.21,49.23,54.28,1,0.0,0.0,1.0,0.0,0
2406601,RN,Nordeste,64.22,22.82,30.02,1,0.0,0.0,1.0,0.0,0
5103205,MT,Centro-Oeste,64.22,49.25,54.3,1,0.0,0.0,1.0,0.0,0
2702504,AL,Nordeste,64.23,46.47,51.92,1,0.0,0.0,1.0,0.0,0
2209609,PI,Nordeste,64.29,35.56,42.27,1,0.0,0.0,1.0,0.0,0
2801108,SE,Nordeste,64.29,45.45,51.04,1,0.0,0.0,1.0,0.0,0
2202174,PI,Nordeste,64.31,17.66,24.57,1,0.0,0.0,1.0,0.0,0
2517209,PB,Nordeste,64.36,28.19,35.36,1,0.0,0.0,1.0,0.0,0
2612604,PE,Nordeste,64.37,45.6,51.17,1,0.0,0.0,1.0,0.0,0
4307104,RS,Sul,64.4,52.82,57.32,1,0.0,0.0,1.0,0.0,0
3125002,MG,Sudeste,64.41,35.65,42.36,1,0.0,0.0,1.0,0.0,0
2112407,MA,Nordeste,64.42,40.48,46.7,1,0.0,0.0,1.0,0.0,0
2210391,PI,Nordeste,64.42,55.79,59.81,1,0.0,0.0,1.0,0.0,0
3158508,MG,Sudeste,64.47,44.58,50.29,1,0.0,0.0,1.0,0.0,0
3114550,MG,Sudeste,64.51,52.21,56.8,1,0.0,0.0,1.0,0.0,0
2929602,BA,Nordeste,64.52,56.84,60.68,1,0.0,0.0,1.0,0.0,0
2516300,PB,Nordeste,64.53,33.2,40.1,1,0.0,0.0,1.0,0.0,0
2700805,AL,Nordeste,64.57,55.08,59.21,1,0.0,0.0,1.0,0.0,0
5004106,MS,Centro-Oeste,64.58,46.91,52.3,1,0.0,0.0,1.0,0.0,0
5209408,GO,Centro-Oeste,64.58,32.11,39.09,1,0.0,0.0,1.0,0.0,0
3556453,SP,Sudeste,64.59,56.05,60.02,1,0.0,0.0,1.0,0.0,0
3508405,SP,Sudeste,64.6,49.11,54.18,1,0.0,0.0,1.0,0.0,0
3126901,MG,Sudeste,64.71,53.11,57.56,1,0.0,0.0,1.0,0.0,0
3542008,SP,Sudeste,64.71,51.71,56.38,1,0.0,0.0,1.0,0.0,0
5215801,GO,Centro-Oeste,64.71,28.57,35.72,1,0.0,0.0,1.0,0.0,0
1100130,RO,Norte,64.75,51.4,56.12,1,0.0,0.0,1.0,0.0,0
3146255,MG,Sudeste,64.75,47.09,52.45,1,0.0,0.0,1.0,0.0,0
3103504,MG,Sudeste,64.76,47.93,53.17,1,0.0,0.0,1.0,0.0,0
4103479,PR,Sul,64.76,55.7,59.73,1,0.0,0.0,1.0,0.0,0
3543006,SP,Sudeste,64.79,53.11,57.56,1,0.0,0.0,1.0,0.0,0
3110905,MG,Sudeste,64.8,41.96,48.0,1,0.0,0.0,1.0,0.0,0
3150570,MG,Sudeste,64.82,47.97,53.21,1,0.0,0.0,1.0,0.0,0
3134004,MG,Sudeste,64.84,52.26,56.85,1,0.0,0.0,1.0,0.0,0
2610004,PE,Nordeste,64.85,43.01,48.92,1,0.0,0.0,1.0,0.0,0
4313375,RS,Sul,64.9,57.28,61.05,1,0.0,0.0,1.0,0.0,0
3526308,SP,Sudeste,65.02,48.73,53.85,1,0.0,0.0,1.0,0.0,0
3515707,SP,Sudeste,65.07,52.72,57.23,1,0.0,0.0,1.0,0.0,0
5103502,MT,Centro-Oeste,65.08,52.11,56.72,1,0.0,0.0,1.0,0.0,0
5106372,MT,Centro-Oeste,65.1,56.73,60.59,1,0.0,0.0,1.0,0.0,0
3130507,MG,Sudeste,65.15,45.97,51.49,1,0.0,0.0,1.0,0.0,0
3504305,SP,Sudeste,65.24,55.32,59.41,1,0.0,0.0,1.0,0.0,0
2210003,PI,Nordeste,65.25,44.35,50.09,1,0.0,0.0,1.0,0.0,0
5102678,MT,Centro-Oeste,65.32,56.21,60.16,1,0.0,0.0,1.0,0.0,0
1100346,RO,Norte,65.35,29.2,36.33,1,0.0,0.0,1.0,0.0,0
2404408,RN,Nordeste,65.35,40.43,46.65,1,0.0,0.0,1.0,0.0,0
2410207,RN,Nordeste,65.36,50.87,55.67,1,0.0,0.0,1.0,0.0,0
2914208,BA,Nordeste,65.38,40.34,46.57,1,0.0,0.0,1.0,0.0,0
3541653,SP,Sudeste,65.39,50.65,55.49,1,0.0,0.0,1.0,0.0,0
3155405,MG,Sudeste,65.4,39.03,45.41,1,0.0,0.0,1.0,0.0,0
3301603,RJ,Sudeste,65.4,57.85,61.52,1,0.0,0.0,1.0,0.0,0
3502101,SP,Sudeste,65.48,56.97,60.79,1,0.0,0.0,1.0,0.0,0
2603702,PE,Nordeste,65.49,48.26,53.45,1,0.0,0.0,1.0,0.0,0
5106000,MT,Centro-Oeste,65.5,47.48,52.79,1,0.0,0.0,1.0,0.0,0
3529906,SP,Sudeste,65.52,43.55,49.39,1,0.0,0.0,1.0,0.0,0
3140001,MG,Sudeste,65.6,53.77,58.12,1,0.0,0.0,1.0,0.0,0
3171808,MG,Sudeste,65.62,44.13,49.9,1,0.0,0.0,1.0,0.0,0
3521200,SP,Sudeste,65.63,52.31,56.89,1,0.0,0.0,1.0,0.0,0
3508900,SP,Sudeste,65.71,44.44,50.17,1,0.0,0.0,1.0,0.0,0
5102686,MT,Centro-Oeste,65.76,48.17,53.38,1,0.0,0.0,1.0,0.0,0
3172004,MG,Sudeste,65.77,56.33,60.26,1,0.0,0.0,1.0,0.0,0
3166709,MG,Sudeste,65.83,51.8,56.46,1,0.0,0.0,1.0,0.0,0
2612406,PE,Nordeste,65.85,41.8,47.86,1,0.0,0.0,1.0,0.0,0
3107406,MG,Sudeste,65.88,42.86,48.79,1,0.0,0.0,1.0,0.0,0
4204194,SC,Sul,65.91,52.44,57.0,1,0.0,0.0,1.0,0.0,0
3106309,MG,Sudeste,65.94,57.1,60.9,1,0.0,0.0,1.0,0.0,0
3139250,MG,Sudeste,65.94,40.12,46.38,1,0.0,0.0,1.0,0.0,0
5219803,GO,Centro-Oeste,65.94,45.68,51.24,1,0.0,0.0,1.0,0.0,0
3135704,MG,Sudeste,65.96,52.44,57.0,1,0.0,0.0,1.0,0.0,0
3151602,MG,Sudeste,65.98,45.91,51.44,1,0.0,0.0,1.0,0.0,0
3300951,RJ,Sudeste,66.11,51.64,56.32,1,0.0,0.0,1.0,0.0,0
2106102,MA,Nordeste,66.12,38.8,45.2,1,0.0,0.0,1.0,0.0,0
3116100,MG,Sudeste,66.15,41.12,47.26,1,0.0,0.0,1.0,0.0,0
2611002,PE,Nordeste,66.17,51.87,56.52,1,0.0,0.0,1.0,0.0,0
5002407,MS,Centro-Oeste,66.23,52.93,57.41,1,0.0,0.0,1.0,0.0,0
5103056,MT,Centro-Oeste,66.28,58.39,61.97,1,0.0,0.0,1.0,0.0,0
2112308,MA,Nordeste,66.43,38.93,45.32,1,0.0,0.0,1.0,0.0,0
5006358,MS,Centro-Oeste,66.43,44.89,50.56,1,0.0,0.0,1.0,0.0,0
2516201,PB,Nordeste,66.52,44.13,49.9,1,0.0,0.0,1.0,0.0,0
4205308,SC,Sul,66.52,52.68,57.2,1,0.0,0.0,1.0,0.0,0
5214002,GO,Centro-Oeste,66.57,51.21,55.96,1,0.0,0.0,1.0,0.0,0
2516151,PB,Nordeste,66.62,18.45,25.43,1,0.0,0.0,1.0,0.0,0
3106705,MG,Sudeste,66.62,53.93,58.25,1,0.0,0.0,1.0,0.0,0
5220504,GO,Centro-Oeste,66.65,54.47,58.7,1,0.0,0.0,1.0,0.0,0
1704105,TO,Norte,66.67,23.33,30.54,1,0.0,0.0,1.0,0.0,0
1721257,TO,Norte,66.67,36.36,43.0,1,0.0,0.0,1.0,0.0,0
3123403,MG,Sudeste,66.67,38.46,44.9,1,0.0,0.0,1.0,0.0,0
3300506,RJ,Sudeste,66.67,50.43,55.3,1,0.0,0.0,1.0,0.0,0
4202099,SC,Sul,66.67,50.0,54.93,1,0.0,0.0,1.0,0.0,0
4211850,SC,Sul,66.67,44.56,50.27,1,0.0,0.0,1.0,0.0,0
5221577,GO,Centro-Oeste,66.67,38.84,45.24,1,0.0,0.0,1.0,0.0,0
3537503,SP,Sudeste,66.7,51.39,56.11,1,0.0,0.0,1.0,0.0,0
3115458,MG,Sudeste,66.72,35.9,42.58,1,0.0,0.0,1.0,0.0,0
4205803,SC,Sul,66.73,54.71,58.9,1,0.0,0.0,1.0,0.0,0
4213401,SC,Sul,66.76,53.07,57.53,1,0.0,0.0,1.0,0.0,0
1100056,RO,Norte,66.81,58.53,62.09,1,0.0,0.0,1.0,0.0,0
2603603,PE,Nordeste,66.81,56.1,60.07,1,0.0,0.0,1.0,0.0,0
3128709,MG,Sudeste,66.93,53.45,57.85,1,0.0,0.0,1.0,0.0,0
2104404,MA,Nordeste,66.96,45.23,50.85,1,0.0,0.0,1.0,0.0,0
4215000,SC,Sul,66.96,60.13,63.42,1,0.0,0.0,1.0,0.0,0
3536307,SP,Sudeste,67.0,44.66,50.36,1,0.0,0.0,1.0,0.0,0
2403301,RN,Nordeste,67.02,47.53,52.83,1,0.0,0.0,1.0,0.0,0
5105200,MT,Centro-Oeste,67.06,48.65,53.79,1,0.0,0.0,1.0,0.0,0
3138203,MG,Sudeste,67.11,56.24,60.18,1,0.0,0.0,1.0,0.0,0
2210508,PI,Nordeste,67.14,49.25,54.3,1,0.0,0.0,1.0,0.0,0
3122009,MG,Sudeste,67.15,49.17,54.23,1,0.0,0.0,1.0,0.0,0
3170529,MG,Sudeste,67.15,56.93,60.76,1,0.0,0.0,1.0,0.0,0
5212105,GO,Centro-Oeste,67.17,57.9,61.57,1,0.0,0.0,1.0,0.0,0
3547908,SP,Sudeste,67.18,49.66,54.65,1,0.0,0.0,1.0,0.0,0
2410603,RN,Nordeste,67.22,29.93,37.03,1,0.0,0.0,1.0,0.0,0
3168606,MG,Sudeste,67.28,50.75,55.57,1,0.0,0.0,1.0,0.0,0
3516903,SP,Sudeste,67.35,60.8,63.97,1,0.0,0.0,1.0,0.0,0
1503044,PA,Norte,67.37,47.77,53.03,1,0.0,0.0,1.0,0.0,0
3124104,MG,Sudeste,67.38,50.73,55.55,1,0.0,0.0,1.0,0.0,0
2208650,PI,Nordeste,67.42,60.22,63.49,1,0.0,0.0,1.0,0.0,0
3113404,MG,Sudeste,67.42,50.26,55.16,1,0.0,0.0,1.0,0.0,0
5104559,MT,Centro-Oeste,67.42,57.99,61.64,1,0.0,0.0,1.0,0.0,0
2702355,AL,Nordeste,67.43,45.7,51.26,1,0.0,0.0,1.0,0.0,0
5006903,MS,Centro-Oeste,67.46,30.48,37.55,1,0.0,0.0,1.0,0.0,0
2510808,PB,Nordeste,67.47,43.61,49.44,1,0.0,0.0,1.0,0.0,0
2204709,PI,Nordeste,67.52,55.39,59.47,1,0.0,0.0,1.0,0.0,0
2608750,PE,Nordeste,67.55,54.74,58.93,1,0.0,0.0,1.0,0.0,0
3129202,MG,Sudeste,67.59,48.35,53.53,1,0.0,0.0,1.0,0.0,0
3520426,SP,Sudeste,67.6,52.02,56.64,1,0.0,0.0,1.0,0.0,0
3171501,MG,Sudeste,67.61,51.56,56.26,1,0.0,0.0,1.0,0.0,0
5104500,MT,Centro-Oeste,67.61,44.71,50.4,1,0.0,0.0,1.0,0.0,0
5106182,MT,Centro-Oeste,67.64,55.17,59.29,1,0.0,0.0,1.0,0.0,0
5106265,MT,Centro-Oeste,67.67,53.62,57.99,1,0.0,0.0,1.0,0.0,0
3129301,MG,Sudeste,67.68,37.09,43.66,1,0.0,0.0,1.0,0.0,0
3304508,RJ,Sudeste,67.73,59.69,63.05,1,0.0,0.0,1.0,0.0,0
5002001,MS,Centro-Oeste,67.77,45.7,51.26,1,0.0,0.0,1.0,0.0,0
3157278,MG,Sudeste,67.82,51.99,56.62,1,0.0,0.0,1.0,0.0,0
4207502,SC,Sul,67.83,55.2,59.31,1,0.0,0.0,1.0,0.0,0
5216403,GO,Centro-Oeste,67.88,61.83,64.83,1,0.0,0.0,1.0,0.0,0
3133600,MG,Sudeste,67.89,52.0,56.63,1,0.0,0.0,1.0,0.0,0
3112109,MG,Sudeste,67.92,60.15,63.44,1,0.0,0.0,1.0,0.0,0
3301207,RJ,Sudeste,67.98,43.6,49.44,1,0.0,0.0,1.0,0.0,0
3524501,SP,Sudeste,68.06,55.84,59.85,1,0.0,0.0,1.0,0.0,0
3127701,MG,Sudeste,68.07,52.06,56.68,1,0.0,0.0,1.0,0.0,0
2600807,PE,Nordeste,68.08,58.41,61.99,1,0.0,0.0,1.0,0.0,0
2209351,PI,Nordeste,68.1,33.11,40.02,1,0.0,0.0,1.0,0.0,0
3517000,SP,Sudeste,68.1,49.54,54.54,1,0.0,0.0,1.0,0.0,0
2606309,PE,Nordeste,68.11,52.49,57.04,1,0.0,0.0,1.0,0.0,0
2616308,PE,Nordeste,68.15,57.45,61.19,1,0.0,0.0,1.0,0.0,0
3131703,MG,Sudeste,68.15,57.17,60.96,1,0.0,0.0,1.0,0.0,0
2202539,PI,Nordeste,68.17,38.51,44.94,1,0.0,0.0,1.0,0.0,0
2209153,PI,Nordeste,68.18,52.44,57.0,1,0.0,0.0,1.0,0.0,0
3529807,SP,Sudeste,68.18,45.76,51.31,1,0.0,0.0,1.0,0.0,0
3107901,MG,Sudeste,68.27,56.55,60.44,1,0.0,0.0,1.0,0.0,0
5212709,GO,Centro-Oeste,68.27,50.41,55.28,1,0.0,0.0,1.0,0.0,0
1702307,TO,Norte,68.32,37.31,43.86,1,0.0,0.0,1.0,0.0,0
3168804,MG,Sudeste,68.34,62.26,65.18,1,0.0,0.0,1.0,0.0,0
5101803,MT,Centro-Oeste,68.34,61.17,64.28,1,0.0,0.0,1.0,0.0,0
4215109,SC,Sul,68.35,57.06,60.87,1,0.0,0.0,1.0,0.0,0
3117009,MG,Sudeste,68.38,58.27,61.87,1,0.0,0.0,1.0,0.0,0
4321006,RS,Sul,68.4,61.35,64.43,1,0.0,0.0,1.0,0.0,0
3300159,RJ,Sudeste,68.41,59.34,62.76,1,0.0,0.0,1.0,0.0,0
2502201,PB,Nordeste,68.42,25.56,32.78,1,0.0,0.0,1.0,0.0,0
1716208,TO,Norte,68.45,42.28,48.28,1,0.0,0.0,1.0,0.0,0
2603504,PE,Nordeste,68.51,55.71,59.74,1,0.0,0.0,1.0,0.0,0
5106216,MT,Centro-Oeste,68.51,56.56,60.45,1,0.0,0.0,1.0,0.0,0
3518503,SP,Sudeste,68.52,62.27,65.19,1,0.0,0.0,1.0,0.0,0
2806701,SE,Nordeste,68.53,55.87,59.87,1,0.0,0.0,1.0,0.0,0
3136652,MG,Sudeste,68.53,47.58,52.87,1,0.0,0.0,1.0,0.0,0
1707306,TO,Norte,68.54,34.95,41.72,1,0.0,0.0,1.0,0.0,0
2204501,PI,Nordeste,68.54,48.9,54.0,1,0.0,0.0,1.0,0.0,0
3106200,MG,Sudeste,68.58,57.61,61.33,1,0.0,0.0,1.0,0.0,0
3124906,MG,Sudeste,68.59,56.5,60.4,1,0.0,0.0,1.0,0.0,0
4214706,SC,Sul,68.59,60.74,63.92,1,0.0,0.0,1.0,0.0,0
2608305,PE,Nordeste,68.61,60.68,63.87,1,0.0,0.0,1.0,0.0,0
2503902,PB,Nordeste,68.64,36.34,42.98,1,0.0,0.0,1.0,0.0,0
2508901,PB,Nordeste,68.65,46.17,51.66,1,0.0,0.0,1.0,0.0,0
3502002,SP,Sudeste,68.65,44.62,50.32,1,0.0,0.0,1.0,0.0,0
3128006,MG,Sudeste,68.68,57.63,61.34,1,0.0,0.0,1.0,0.0,0
5003504,MS,Centro-Oeste,68.7,28.79,35.93,1,0.0,0.0,1.0,0.0,0
2706422,AL,Nordeste,68.76,41.46,47.56,1,0.0,0.0,1.0,0.0,0
3532900,SP,Sudeste,68.76,50.61,55.45,1,0.0,0.0,1.0,0.0,0
3519303,SP,Sudeste,68.78,52.81,57.31,1,0.0,0.0,1.0,0.0,0
5004700,MS,Centro-Oeste,68.78,61.82,64.82,1,0.0,0.0,1.0,0.0,0
3541901,SP,Sudeste,68.79,61.94,64.92,1,0.0,0.0,1.0,0.0,0
1506187,PA,Norte,68.8,60.17,63.45,1,0.0,0.0,1.0,0.0,0
2608255,PE,Nordeste,68.81,44.05,49.83,1,0.0,0.0,1.0,0.0,0
5108006,MT,Centro-Oeste,68.81,55.92,59.92,1,0.0,0.0,1.0,0.0,0
2616100,PE,Nordeste,68.84,53.39,57.8,1,0.0,0.0,1.0,0.0,0
1703602,TO,Norte,68.9,29.73,36.84,1,0.0,0.0,1.0,0.0,0
5108303,MT,Centro-Oeste,68.93,60.38,63.63,1,0.0,0.0,1.0,0.0,0
4107256,PR,Sul,68.96,50.3,55.19,1,0.0,0.0,1.0,0.0,0
2411908,RN,Nordeste,68.97,56.85,60.69,1,0.0,0.0,1.0,0.0,0
5202155,GO,Centro-Oeste,68.98,43.29,49.16,1,0.0,0.0,1.0,0.0,0
5103007,MT,Centro-Oeste,69.0,47.7,52.97,1,0.0,0.0,1.0,0.0,0
3118601,MG,Sudeste,69.05,53.73,58.08,1,0.0,0.0,1.0,0.0,0
3149507,MG,Sudeste,69.05,32.02,39.0,1,0.0,0.0,1.0,0.0,0
5101902,MT,Centro-Oeste,69.06,51.92,56.56,1,0.0,0.0,1.0,0.0,0
3541307,SP,Sudeste,69.12,48.39,53.56,1,0.0,0.0,1.0,0.0,0
5106273,MT,Centro-Oeste,69.12,62.97,65.77,1,0.0,0.0,1.0,0.0,0
2615607,PE,Nordeste,69.13,59.68,63.05,1,0.0,0.0,1.0,0.0,0
2602209,PE,Nordeste,69.15,60.94,64.09,1,0.0,0.0,1.0,0.0,0
3117876,MG,Sudeste,69.15,52.52,57.07,1,0.0,0.0,1.0,0.0,0
3511508,SP,Sudeste,69.15,60.93,64.08,1,0.0,0.0,1.0,0.0,0
4106100,PR,Sul,69.16,51.52,56.22,1,0.0,0.0,1.0,0.0,0
5103254,MT,Centro-Oeste,69.19,41.71,47.78,1,0.0,0.0,1.0,0.0,0
3127206,MG,Sudeste,69.2,51.4,56.12,1,0.0,0.0,1.0,0.0,0
3147204,MG,Sudeste,69.21,62.45,65.34,1,0.0,0.0,1.0,0.0,0
3149309,MG,Sudeste,69.22,59.02,62.5,1,0.0,0.0,1.0,0.0,0
5201405,GO,Centro-Oeste,69.22,60.67,63.87,1,0.0,0.0,1.0,0.0,0
3125309,MG,Sudeste,69.23,14.74,21.31,1,0.0,0.0,1.0,0.0,0
3170602,MG,Sudeste,69.23,58.82,62.33,1,0.0,0.0,1.0,0.0,0
1502939,PA,Norte,69.24,59.32,62.75,1,0.0,0.0,1.0,0.0,0
3125101,MG,Sudeste,69.33,57.68,61.38,1,0.0,0.0,1.0,0.0,0
2603801,PE,Nordeste,69.34,50.95,55.74,1,0.0,0.0,1.0,0.0,0
3124807,MG,Sudeste,69.36,46.84,52.24,1,0.0,0.0,1.0,0.0,0
2105476,MA,Nordeste,69.39,47.09,52.45,1,0.0,0.0,1.0,0.0,0
3116159,MG,Sudeste,69.39,49.17,54.23,1,0.0,0.0,1.0,0.0,0
3146750,MG,Sudeste,69.41,38.71,45.12,1,0.0,0.0,1.0,0.0,0
5006200,MS,Centro-Oeste,69.44,58.38,61.97,1,0.0,0.0,1.0,0.0,0
5103361,MT,Centro-Oeste,69.46,40.85,47.02,1,0.0,0.0,1.0,0.0,0
2504603,PB,Nordeste,69.48,62.38,65.28,1,0.0,0.0,1.0,0.0,0
3137304,MG,Sudeste,69.48,41.04,47.19,1,0.0,0.0,1.0,0.0,0
3512308,SP,Sudeste,69.48,47.34,52.67,1,0.0,0.0,1.0,0.0,0
3138609,MG,Sudeste,69.51,46.49,51.94,1,0.0,0.0,1.0,0.0,0
3147105,MG,Sudeste,69.52,53.51,57.9,1,0.0,0.0,1.0,0.0,0
4108809,PR,Sul,69.53,63.23,65.99,1,0.0,0.0,1.0,0.0,0
5215603,GO,Centro-Oeste,69.56,58.23,61.84,1,0.0,0.0,1.0,0.0,0
3110202,MG,Sudeste,69.57,64.21,66.8,1,0.0,0.0,1.0,0.0,0
3506359,SP,Sudeste,69.58,54.67,58.87,1,0.0,0.0,1.0,0.0,0
4316436,RS,Sul,69.6,42.86,48.79,1,0.0,0.0,1.0,0.0,0
3134400,MG,Sudeste,69.61,55.84,59.85,1,0.0,0.0,1.0,0.0,0
5205455,GO,Centro-Oeste,69.63,41.26,47.38,1,0.0,0.0,1.0,0.0,0
3153905,MG,Sudeste,69.66,48.4,53.57,1,0.0,0.0,1.0,0.0,0
5000609,MS,Centro-Oeste,69.72,42.01,48.04,1,0.0,0.0,1.0,0.0,0
2606002,PE,Nordeste,69.75,52.28,56.86,1,0.0,0.0,1.0,0.0,0
3506904,SP,Sudeste,69.75,45.78,51.32,1,0.0,0.0,1.0,0.0,0
3151206,MG,Sudeste,69.81,49.51,54.52,1,0.0,0.0,1.0,0.0,0
3507001,SP,Sudeste,69.83,61.62,64.65,1,0.0,0.0,1.0,0.0,0
1507102,PA,Norte,69.85,33.37,40.26,1,0.0,0.0,1.0,0.0,0
3136306,MG,Sudeste,69.87,60.09,63.39,1,0.0,0.0,1.0,0.0,0
3126802,MG,Sudeste,69.89,51.82,56.48,1,0.0,0.0,1.0,0.0,0
3523602,SP,Sudeste,69.9,59.11,62.57,1,0.0,0.0,1.0,0.0,0
5102637,MT,Centro-Oeste,69.9,62.23,65.16,1,0.0,0.0,1.0,0.0,0
5211909,GO,Centro-Oeste,69.92,64.01,66.63,1,0.0,0.0,1.0,0.0,0
3160702,MG,Sudeste,69.94,55.96,59.95,1,0.0,0.0,1.0,0.0,0
4101051,PR,Sul,69.97,62.4,65.3,1,0.0,0.0,1.0,0.0,0
3303609,RJ,Sudeste,69.98,64.31,66.88,1,0.0,0.0,1.0,0.0,0
4218806,SC,Sul,69.98,59.25,62.69,1,0.0,0.0,1.0,0.0,0
3533809,SP,Sudeste,70.0,57.14,60.93,1,0.0,0.0,1.0,0.0,0
2601201,PE,Nordeste,70.04,59.53,62.92,1,0.0,0.0,1.0,0.0,0
3152204,MG,Sudeste,70.05,63.54,66.24,1,0.0,0.0,1.0,0.0,0
2509107,PB,Nordeste,70.06,37.99,44.47,1,0.0,0.0,1.0,0.0,0
4207759,SC,Sul,70.07,60.52,63.74,1,0.0,0.0,1.0,0.0,0
2107605,MA,Nordeste,70.09,42.07,48.1,1,0.0,0.0,1.0,0.0,0
3302106,RJ,Sudeste,70.09,65.31,67.71,1,0.0,0.0,1.0,0.0,0
3140555,MG,Sudeste,70.1,54.87,59.04,1,0.0,0.0,1.0,0.0,0
3522802,SP,Sudeste,70.1,36.36,43.0,1,0.0,0.0,1.0,0.0,0
4100608,PR,Sul,70.12,65.0,67.45,1,0.0,0.0,1.0,0.0,0
4208708,SC,Sul,70.16,53.02,57.49,1,0.0,0.0,1.0,0.0,0
1508357,PA,Norte,70.18,60.62,63.83,1,0.0,0.0,1.0,0.0,0
4118857,PR,Sul,70.19,57.6,61.32,1,0.0,0.0,1.0,0.0,0
4213351,SC,Sul,70.19,64.09,66.7,1,0.0,0.0,1.0,0.0,0
3125606,MG,Sudeste,70.2,52.21,56.8,1,0.0,0.0,1.0,0.0,0
3524709,SP,Sudeste,70.22,62.82,65.65,1,0.0,0.0,1.0,0.0,0
4206108,SC,Sul,70.23,65.15,67.57,1,0.0,0.0,1.0,0.0,0
3169307,MG,Sudeste,70.26,50.69,55.52,1,0.0,0.0,1.0,0.0,0
3511102,SP,Sudeste,70.27,54.37,58.62,1,0.0,0.0,1.0,0.0,0
3168705,MG,Sudeste,70.28,55.91,59.91,1,0.0,0.0,1.0,0.0,0
5209200,GO,Centro-Oeste,70.28,64.19,66.78,1,0.0,0.0,1.0,0.0,0
3301876,RJ,Sudeste,70.32,62.45,65.34,1,0.0,0.0,1.0,0.0,0
3170800,MG,Sudeste,70.34,61.71,64.73,1,0.0,0.0,1.0,0.0,0
3172202,MG,Sudeste,70.34,48.66,53.79,1,0.0,0.0,1.0,0.0,0
3171204,MG,Sudeste,70.35,54.07,58.37,1,0.0,0.0,1.0,0.0,0
2512747,PB,Nordeste,70.37,52.41,56.97,1,0.0,0.0,1.0,0.0,0
2604809,PE,Nordeste,70.4,61.81,64.81,1,0.0,0.0,1.0,0.0,0
4113759,PR,Sul,70.4,57.46,61.2,1,0.0,0.0,1.0,0.0,0
4209003,SC,Sul,70.42,59.16,62.61,1,0.0,0.0,1.0,0.0,0
3556305,SP,Sudeste,70.44,64.42,66.97,1,0.0,0.0,1.0,0.0,0
3302908,RJ,Sudeste,70.49,57.4,61.15,1,0.0,0.0,1.0,0.0,0
2108454,MA,Nordeste,70.53,57.3,61.07,1,0.0,0.0,1.0,0.0,0
3152501,MG,Sudeste,70.53,58.91,62.41,1,0.0,0.0,1.0,0.0,0
3524808,SP,Sudeste,70.53,55.33,59.42,1,0.0,0.0,1.0,0.0,0
3517505,SP,Sudeste,70.54,56.31,60.24,1,0.0,0.0,1.0,0.0,0
3555307,SP,Sudeste,70.59,45.45,51.04,1,0.0,0.0,1.0,0.0,0
1101450,RO,Norte,70.6,61.04,64.17,1,0.0,0.0,1.0,0.0,0
3121605,MG,Sudeste,70.61,59.54,62.93,1,0.0,0.0,1.0,0.0,0
3300605,RJ,Sudeste,70.64,57.91,61.57,1,0.0,0.0,1.0,0.0,0
3204203,ES,Sudeste,70.65,62.47,65.36,1,0.0,0.0,1.0,0.0,0
2111029,MA,Nordeste,70.68,65.17,67.59,1,0.0,0.0,1.0,0.0,0
3156403,MG,Sudeste,70.69,57.73,61.43,1,0.0,0.0,1.0,0.0,0
3106903,MG,Sudeste,70.71,45.18,50.81,1,0.0,0.0,1.0,0.0,0
3135605,MG,Sudeste,70.71,39.93,46.21,1,0.0,0.0,1.0,0.0,0
3140506,MG,Sudeste,70.72,56.02,60.0,1,0.0,0.0,1.0,0.0,0
1101005,RO,Norte,70.76,65.11,67.54,1,0.0,0.0,1.0,0.0,0
3113503,MG,Sudeste,70.78,64.55,67.08,1,0.0,0.0,1.0,0.0,0
3125903,MG,Sudeste,70.78,38.1,44.57,1,0.0,0.0,1.0,0.0,0
4300646,RS,Sul,70.8,48.98,54.07,1,0.0,0.0,1.0,0.0,0
2515708,PB,Nordeste,70.82,40.0,46.27,1,0.0,0.0,1.0,0.0,0
2102705,MA,Nordeste,70.83,53.04,57.5,1,0.0,0.0,1.0,0.0,0
3101805,MG,Sudeste,70.83,46.13,51.63,1,0.0,0.0,1.0,0.0,0
4213203,SC,Sul,70.85,63.17,65.94,1,0.0,0.0,1.0,0.0,0
5107180,MT,Centro-Oeste,70.87,63.42,66.14,1,0.0,0.0,1.0,0.0,0
4201257,SC,Sul,70.88,63.67,66.35,1,0.0,0.0,1.0,0.0,0
1101435,RO,Norte,70.92,60.65,63.85,1,0.0,0.0,1.0,0.0,0
3131307,MG,Sudeste,70.92,64.66,67.17,1,0.0,0.0,1.0,0.0,0
4211751,SC,Sul,70.95,55.06,59.2,1,0.0,0.0,1.0,0.0,0
2202802,PI,Nordeste,70.98,47.28,52.61,1,0.0,0.0,1.0,0.0,0
3140308,MG,Sudeste,70.98,61.76,64.77,1,0.0,0.0,1.0,0.0,0
3523305,SP,Sudeste,70.98,61.61,64.65,1,0.0,0.0,1.0,0.0,0
3114105,MG,Sudeste,71.02,56.53,60.43,1,0.0,0.0,1.0,0.0,0
4107520,PR,Sul,71.04,42.11,48.13,1,0.0,0.0,1.0,0.0,0
2612901,PE,Nordeste,71.07,34.56,41.36,1,0.0,0.0,1.0,0.0,0
2615201,PE,Nordeste,71.07,62.03,64.99,1,0.0,0.0,1.0,0.0,0
5006606,MS,Centro-Oeste,71.07,57.76,61.45,1,0.0,0.0,1.0,0.0,0
1100254,RO,Norte,71.14,62.41,65.31,1,0.0,0.0,1.0,0.0,0
3139607,MG,Sudeste,71.17,49.94,54.88,1,0.0,0.0,1.0,0.0,0
3501707,SP,Sudeste,71.18,66.43,68.63,1,0.0,0.0,1.0,0.0,0
3138500,MG,Sudeste,71.21,56.17,60.12,1,0.0,0.0,1.0,0.0,0
3147402,MG,Sudeste,71.27,48.84,53.95,1,0.0,0.0,1.0,0.0,0
3146107,MG,Sudeste,71.36,55.48,59.55,1,0.0,0.0,1.0,0.0,0
3538808,SP,Sudeste,71.36,64.72,67.22,1,0.0,0.0,1.0,0.0,0
3136405,MG,Sudeste,71.38,52.38,56.95,1,0.0,0.0,1.0,0.0,0
3553005,SP,Sudeste,71.38,58.59,62.14,1,0.0,0.0,1.0,0.0,0
5221197,GO,Centro-Oeste,71.39,57.84,61.52,1,0.0,0.0,1.0,0.0,0
4302378,RS,Sul,71.4,56.25,60.19,1,0.0,0.0,1.0,0.0,0
4310652,RS,Sul,71.4,47.37,52.69,1,0.0,0.0,1.0,0.0,0
2506202,PB,Nordeste,71.43,38.7,45.11,1,0.0,0.0,1.0,0.0,0
3127354,MG,Sudeste,71.43,57.14,60.93,1,0.0,0.0,1.0,0.0,0
5107578,MT,Centro-Oeste,71.43,29.04,36.18,1,0.0,0.0,1.0,0.0,0
5214903,GO,Centro-Oeste,71.43,61.29,64.38,1,0.0,0.0,1.0,0.0,0
3169000,MG,Sudeste,71.46,58.37,61.96,1,0.0,0.0,1.0,0.0,0
5100250,MT,Centro-Oeste,71.46,53.52,57.91,1,0.0,0.0,1.0,0.0,0
3113008,MG,Sudeste,71.52,42.04,48.07,1,0.0,0.0,1.0,0.0,0
3170701,MG,Sudeste,71.53,50.68,55.51,1,0.0,0.0,1.0,0.0,0
1100304,RO,Norte,71.66,65.62,67.96,1,0.0,0.0,1.0,0.0,0
3156700,MG,Sudeste,71.68,57.15,60.94,1,0.0,0.0,1.0,0.0,0
1100064,RO,Norte,71.69,62.85,65.67,1,0.0,0.0,1.0,0.0,0
3201209,ES,Sudeste,71.69,65.3,67.7,1,0.0,0.0,1.0,0.0,0
2412104,RN,Nordeste,71.7,49.46,54.48,1,0.0,0.0,1.0,0.0,0
3120904,MG,Sudeste,71.71,65.34,67.73,1,0.0,0.0,1.0,0.0,0
4202206,SC,Sul,71.71,61.4,64.47,1,0.0,0.0,1.0,0.0,0
3139409,MG,Sudeste,71.73,48.41,53.58,1,0.0,0.0,1.0,0.0,0
4104451,PR,Sul,71.81,65.68,68.01,1,0.0,0.0,1.0,0.0,0
4206900,SC,Sul,71.81,67.48,69.5,1,0.0,0.0,1.0,0.0,0
3501103,SP,Sudeste,71.82,59.64,63.01,1,0.0,0.0,1.0,0.0,0
3171006,MG,Sudeste,71.85,43.84,49.64,1,0.0,0.0,1.0,0.0,0
5214838,GO,Centro-Oeste,71.87,64.36,66.92,1,0.0,0.0,1.0,0.0,0
3518206,SP,Sudeste,71.91,58.19,61.81,1,0.0,0.0,1.0,0.0,0
1100700,RO,Norte,71.94,59.32,62.75,1,0.0,0.0,1.0,0.0,0
3111606,MG,Sudeste,71.94,65.56,67.91,1,0.0,0.0,1.0,0.0,0
4120200,PR,Sul,71.94,60.4,63.64,1,0.0,0.0,1.0,0.0,0
2604700,PE,Nordeste,71.97,51.81,56.47,1,0.0,0.0,1.0,0.0,0
4114500,PR,Sul,71.98,67.7,69.69,1,0.0,0.0,1.0,0.0,0
1700707,TO,Norte,72.02,47.86,53.11,1,0.0,0.0,1.0,0.0,0
3503000,SP,Sudeste,72.03,43.28,49.16,1,0.0,0.0,1.0,0.0,0
3535002,SP,Sudeste,72.03,57.98,61.63,1,0.0,0.0,1.0,0.0,0
2104206,MA,Nordeste,72.06,40.4,46.62,1,0.0,0.0,1.0,0.0,0
3171303,MG,Sudeste,72.11,62.67,65.52,1,0.0,0.0,1.0,0.0,0
2613305,PE,Nordeste,72.13,68.5,70.35,1,0.0,0.0,1.0,0.0,0
4219507,SC,Sul,72.14,66.62,68.79,1,0.0,0.0,1.0,0.0,0
2505600,PB,Nordeste,72.15,25.0,32.22,1,0.0,0.0,1.0,0.0,0
3157807,MG,Sudeste,72.16,51.5,56.2,1,0.0,0.0,1.0,0.0,0
3159605,MG,Sudeste,72.16,49.69,54.67,1,0.0,0.0,1.0,0.0,0
5201702,GO,Centro-Oeste,72.16,63.56,66.26,1,0.0,0.0,1.0,0.0,0
5208509,GO,Centro-Oeste,72.17,44.66,50.36,1,0.0,0.0,1.0,0.0,0
3501301,SP,Sudeste,72.19,53.91,58.23,1,0.0,0.0,1.0,0.0,0
2503605,PB,Nordeste,72.22,53.84,58.17,1,0.0,0.0,1.0,0.0,0
3144706,MG,Sudeste,72.22,60.32,63.58,1,0.0,0.0,1.0,0.0,0
3137601,MG,Sudeste,72.24,61.7,64.72,1,0.0,0.0,1.0,0.0,0
3546405,SP,Sudeste,72.25,52.74,57.25,1,0.0,0.0,1.0,0.0,0
2101731,MA,Nordeste,72.29,61.12,64.24,1,0.0,0.0,1.0,0.0,0
3505203,SP,Sudeste,72.3,64.82,67.3,1,0.0,0.0,1.0,0.0,0
1100452,RO,Norte,72.32,49.82,54.78,1,0.0,0.0,1.0,0.0,0
3102308,MG,Sudeste,72.33,49.04,54.12,1,0.0,0.0,1.0,0.0,0
2101004,MA,Nordeste,72.37,67.49,69.51,1,0.0,0.0,1.0,0.0,0
3114204,MG,Sudeste,72.37,67.21,69.28,1,0.0,0.0,1.0,0.0,0
5206503,GO,Centro-Oeste,72.38,55.88,59.88,1,0.0,0.0,1.0,0.0,0
4111506,PR,Sul,72.39,66.58,68.76,1,0.0,0.0,1.0,0.0,0
4102703,PR,Sul,72.41,62.96,65.76,1,0.0,0.0,1.0,0.0,0
4200408,SC,Sul,72.41,64.75,67.24,1,0.0,0.0,1.0,0.0,0
3122454,MG,Sudeste,72.43,42.46,48.44,1,0.0,0.0,1.0,0.0,0
4204004,SC,Sul,72.43,68.3,70.18,1,0.0,0.0,1.0,0.0,0
3145208,MG,Sudeste,72.47,54.95,59.11,1,0.0,0.0,1.0,0.0,0
5200555,GO,Centro-Oeste,72.47,66.64,68.81,1,0.0,0.0,1.0,0.0,0
3109907,MG,Sudeste,72.48,55.11,59.24,1,0.0,0.0,1.0,0.0,0
3304201,RJ,Sudeste,72.48,68.62,70.45,1,0.0,0.0,1.0,0.0,0
3123106,MG,Sudeste,72.49,42.55,48.52,1,0.0,0.0,1.0,0.0,0
2207009,PI,Nordeste,72.5,65.92,68.21,1,0.0,0.0,1.0,0.0,0
5209804,GO,Centro-Oeste,72.5,68.26,70.15,1,0.0,0.0,1.0,0.0,0
3157609,MG,Sudeste,72.51,33.37,40.26,1,0.0,0.0,1.0,0.0,0
2110302,MA,Nordeste,72.56,52.71,57.23,1,0.0,0.0,1.0,0.0,0
4209607,SC,Sul,72.59,63.3,66.04,1,0.0,0.0,1.0,0.0,0
1100072,RO,Norte,72.68,58.2,61.82,1,0.0,0.0,1.0,0.0,0
3536901,SP,Sudeste,72.73,39.13,45.5,1,0.0,0.0,1.0,0.0,0
2109809,MA,Nordeste,72.74,57.13,60.93,1,0.0,0.0,1.0,0.0,0
3132107,MG,Sudeste,72.78,49.49,54.5,1,0.0,0.0,1.0,0.0,0
5101704,MT,Centro-Oeste,72.78,50.91,55.71,1,0.0,0.0,1.0,0.0,0
3553708,SP,Sudeste,72.83,62.12,65.07,1,0.0,0.0,1.0,0.0,0
2500700,PB,Nordeste,72.85,42.09,48.11,1,0.0,0.0,1.0,0.0,0
4211405,SC,Sul,72.86,69.15,70.89,1,0.0,0.0,1.0,0.0,0
3166808,MG,Sudeste,72.87,59.88,63.21,1,0.0,0.0,1.0,0.0,0
1502772,PA,Norte,72.88,50.76,55.58,1,0.0,0.0,1.0,0.0,0
4103206,PR,Sul,72.9,53.53,57.91,1,0.0,0.0,1.0,0.0,0
3154804,MG,Sudeste,72.91,40.74,46.93,1,0.0,0.0,1.0,0.0,0
3110301,MG,Sudeste,72.95,51.38,56.1,1,0.0,0.0,1.0,0.0,0
3512506,SP,Sudeste,72.95,69.43,71.12,1,0.0,0.0,1.0,0.0,0
3112604,MG,Sudeste,73.04,51.19,55.94,1,0.0,0.0,1.0,0.0,0
3121308,MG,Sudeste,73.05,62.69,65.54,1,0.0,0.0,1.0,0.0,0
2413805,RN,Nordeste,73.08,45.45,51.04,1,0.0,0.0,1.0,0.0,0
2113009,MA,Nordeste,73.1,51.04,55.82,1,0.0,0.0,1.0,0.0,0
3100203,MG,Sudeste,73.11,52.32,56.9,1,0.0,0.0,1.0,0.0,0
2203701,PI,Nordeste,73.13,56.99,60.81,1,0.0,0.0,1.0,0.0,0
3143906,MG,Sudeste,73.13,58.49,62.06,1,0.0,0.0,1.0,0.0,0
2923035,BA,Nordeste,73.17,60.58,63.79,1,0.0,0.0,1.0,0.0,0
4125001,PR,Sul,73.17,61.46,64.52,1,0.0,0.0,1.0,0.0,0
3205309,ES,Sudeste,73.2,65.88,68.18,1,0.0,0.0,1.0,0.0,0
4109658,PR,Sul,73.2,55.98,59.97,1,0.0,0.0,1.0,0.0,0
5211008,GO,Centro-Oeste,73.21,34.36,41.17,1,0.0,0.0,1.0,0.0,0
2210607,PI,Nordeste,73.25,68.18,70.08,1,0.0,0.0,1.0,0.0,0
2615508,PE,Nordeste,73.31,59.32,62.75,1,0.0,0.0,1.0,0.0,0
2203305,PI,Nordeste,73.33,70.15,71.72,1,0.0,0.0,1.0,0.0,0
3107208,MG,Sudeste,73.33,50.0,54.93,1,0.0,0.0,1.0,0.0,0
4128302,PR,Sul,73.33,60.23,63.5,1,0.0,0.0,1.0,0.0,0
3546207,SP,Sudeste,73.36,66.58,68.76,1,0.0,0.0,1.0,0.0,0
2613602,PE,Nordeste,73.38,67.52,69.54,1,0.0,0.0,1.0,0.0,0
1600535,AP,Norte,73.42,65.21,67.62,1,0.0,0.0,1.0,0.0,0
3119203,MG,Sudeste,73.42,56.22,60.17,1,0.0,0.0,1.0,0.0,0
3151503,MG,Sudeste,73.46,57.27,61.04,1,0.0,0.0,1.0,0.0,0
3523404,SP,Sudeste,73.47,65.1,67.53,1,0.0,0.0,1.0,0.0,0
3119005,MG,Sudeste,73.53,47.14,52.49,1,0.0,0.0,1.0,0.0,0
5105259,MT,Centro-Oeste,73.53,63.96,66.59,1,0.0,0.0,1.0,0.0,0
3127107,MG,Sudeste,73.59,53.92,58.24,1,0.0,0.0,1.0,0.0,0
1600055,AP,Norte,73.61,32.92,39.84,1,0.0,0.0,1.0,0.0,0
2408508,RN,Nordeste,73.61,40.66,46.85,1,0.0,0.0,1.0,0.0,0
3103751,MG,Sudeste,73.61,62.72,65.56,1,0.0,0.0,1.0,0.0,0
3106002,MG,Sudeste,73.62,63.8,66.46,1,0.0,0.0,1.0,0.0,0
4122909,PR,Sul,73.64,64.52,67.05,1,0.0,0.0,1.0,0.0,0
3516853,SP,Sudeste,73.65,66.86,68.99,1,0.0,0.0,1.0,0.0,0
5105176,MT,Centro-Oeste,73.66,59.71,63.07,1,0.0,0.0,1.0,0.0,0
3132602,MG,Sudeste,73.68,48.03,53.26,1,0.0,0.0,1.0,0.0,0
3536570,SP,Sudeste,73.68,38.25,44.71,1,0.0,0.0,1.0,0.0,0
3548203,SP,Sudeste,73.68,42.87,48.8,1,0.0,0.0,1.0,0.0,0
3134301,MG,Sudeste,73.75,59.21,62.66,1,0.0,0.0,1.0,0.0,0
3532801,SP,Sudeste,73.75,57.65,61.36,1,0.0,0.0,1.0,0.0,0
3169703,MG,Sudeste,73.78,53.94,58.26,1,0.0,0.0,1.0,0.0,0
3170909,MG,Sudeste,73.78,46.77,52.18,1,0.0,0.0,1.0,0.0,0
3550209,SP,Sudeste,73.78,56.99,60.81,1,0.0,0.0,1.0,0.0,0
3122306,MG,Sudeste,73.79,64.73,67.23,1,0.0,0.0,1.0,0.0,0
2614808,PE,Nordeste,73.8,56.04,60.02,1,0.0,0.0,1.0,0.0,0
5107743,MT,Centro-Oeste,73.81,53.52,57.91,1,0.0,0.0,1.0,0.0,0
1101302,RO,Norte,73.82,59.21,62.66,1,0.0,0.0,1.0,0.0,0
3304706,RJ,Sudeste,73.82,66.37,68.58,1,0.0,0.0,1.0,0.0,0
3130101,MG,Sudeste,73.84,51.87,56.52,1,0.0,0.0,1.0,0.0,0
4122172,PR,Sul,73.84,69.75,71.38,1,0.0,0.0,1.0,0.0,0
3129707,MG,Sudeste,73.86,32.8,39.73,1,0.0,0.0,1.0,0.0,0
4206306,SC,Sul,73.93,70.17,71.73,1,0.0,0.0,1.0,0.0,0
1304302,AM,Norte,73.95,57.02,60.83,1,0.0,0.0,1.0,0.0,0
3162500,MG,Sudeste,74.0,55.63,59.67,1,0.0,0.0,1.0,0.0,0
3118007,MG,Sudeste,74.01,56.15,60.11,1,0.0,0.0,1.0,0.0,0
4210308,SC,Sul,74.01,69.07,70.82,1,0.0,0.0,1.0,0.0,0
4210852,SC,Sul,74.06,39.19,45.55,1,0.0,0.0,1.0,0.0,0
3553401,SP,Sudeste,74.07,65.17,67.59,1,0.0,0.0,1.0,0.0,0
1502509,PA,Norte,74.09,44.8,50.48,1,0.0,0.0,1.0,0.0,0
2109007,MA,Nordeste,74.09,58.08,61.72,1,0.0,0.0,1.0,0.0,0
3140159,MG,Sudeste,74.09,70.35,71.88,1,0.0,0.0,1.0,0.0,0
3150158,MG,Sudeste,74.09,52.84,57.33,1,0.0,0.0,1.0,0.0,0
5210109,GO,Centro-Oeste,74.13,64.1,66.71,1,0.0,0.0,1.0,0.0,0
4105102,PR,Sul,74.15,54.26,58.53,1,0.0,0.0,1.0,0.0,0
5100805,MT,Centro-Oeste,74.17,48.69,53.82,1,0.0,0.0,1.0,0.0,0
3143401,MG,Sudeste,74.18,53.93,58.25,1,0.0,0.0,1.0,0.0,0
5107065,MT,Centro-Oeste,74.18,57.84,61.52,1,0.0,0.0,1.0,0.0,0
3502804,SP,Sudeste,74.22,65.78,68.1,1,0.0,0.0,1.0,0.0,0
4118808,PR,Sul,74.24,69.48,71.16,1,0.0,0.0,1.0,0.0,0
3530904,SP,Sudeste,74.25,55.83,59.84,1,0.0,0.0,1.0,0.0,0
3540309,SP,Sudeste,74.25,71.43,72.78,1,0.0,0.0,1.0,0.0,0
3554409,SP,Sudeste,74.29,67.21,69.28,1,0.0,0.0,1.0,0.0,0
4214508,SC,Sul,74.29,68.01,69.94,1,0.0,0.0,1.0,0.0,0
3116902,MG,Sudeste,74.3,35.71,42.41,1,0.0,0.0,1.0,0.0,0
4107157,PR,Sul,74.32,67.21,69.28,1,0.0,0.0,1.0,0.0,0
4117909,PR,Sul,74.33,69.03,70.79,1,0.0,0.0,1.0,0.0,0
2401503,RN,Nordeste,74.35,55.27,59.37,1,0.0,0.0,1.0,0.0,0
3200607,ES,Sudeste,74.36,70.92,72.36,1,0.0,0.0,1.0,0.0,0
2704609,AL,Nordeste,74.38,68.8,70.6,1,0.0,0.0,1.0,0.0,0
3555356,SP,Sudeste,74.44,60.64,63.84,1,0.0,0.0,1.0,0.0,0
5211503,GO,Centro-Oeste,74.44,69.78,71.41,1,0.0,0.0,1.0,0.0,0
3534005,SP,Sudeste,74.45,47.09,52.45,1,0.0,0.0,1.0,0.0,0
3101003,MG,Sudeste,74.46,42.77,48.71,1,0.0,0.0,1.0,0.0,0
2614204,PE,Nordeste,74.49,60.3,63.56,1,0.0,0.0,1.0,0.0,0
3107109,MG,Sudeste,74.5,53.83,58.17,1,0.0,0.0,1.0,0.0,0
3543105,SP,Sudeste,74.51,71.89,73.16,1,0.0,0.0,1.0,0.0,0
4215653,SC,Sul,74.56,55.48,59.55,1,0.0,0.0,1.0,0.0,0
3169505,MG,Sudeste,74.58,45.36,50.96,1,0.0,0.0,1.0,0.0,0
2310001,CE,Nordeste,74.59,70.54,72.04,1,0.0,0.0,1.0,0.0,0
3200805,ES,Sudeste,74.59,68.83,70.62,1,0.0,0.0,1.0,0.0,0
3171402,MG,Sudeste,74.62,50.44,55.31,1,0.0,0.0,1.0,0.0,0
2200251,PI,Nordeste,74.63,44.44,50.17,1,0.0,0.0,1.0,0.0,0
3510203,SP,Sudeste,74.63,62.4,65.3,1,0.0,0.0,1.0,0.0,0
3171709,MG,Sudeste,74.66,57.94,61.6,1,0.0,0.0,1.0,0.0,0
5105002,MT,Centro-Oeste,74.68,46.7,52.12,1,0.0,0.0,1.0,0.0,0
3533908,SP,Sudeste,74.72,61.15,64.26,1,0.0,0.0,1.0,0.0,0
3506409,SP,Sudeste,74.74,59.99,63.3,1,0.0,0.0,1.0,0.0,0
3137809,MG,Sudeste,74.76,65.73,68.05,1,0.0,0.0,1.0,0.0,0
3543709,SP,Sudeste,74.83,58.93,62.42,1,0.0,0.0,1.0,0.0,0
5106224,MT,Centro-Oeste,74.86,64.2,66.79,1,0.0,0.0,1.0,0.0,0
3126208,MG,Sudeste,74.9,61.08,64.21,1,0.0,0.0,1.0,0.0,0
4126652,PR,Sul,74.93,64.36,66.92,1,0.0,0.0,1.0,0.0,0
1700251,TO,Norte,75.0,62.07,65.03,1,0.0,0.0,1.0,0.0,0
2204550,PI,Nordeste,75.0,58.08,61.72,1,0.0,0.0,1.0,0.0,0
2512762,PB,Nordeste,75.0,68.24,70.13,1,0.0,0.0,1.0,0.0,0
3121902,MG,Sudeste,75.0,43.0,48.91,1,0.0,0.0,1.0,0.0,0
3166402,MG,Sudeste,75.0,64.0,66.62,1,0.0,0.0,1.0,0.0,0
3510906,SP,Sudeste,75.0,67.22,69.29,1,0.0,0.0,1.0,0.0,0
3544509,SP,Sudeste,75.0,60.53,63.75,1,0.0,0.0,1.0,0.0,0
4125902,PR,Sul,75.0,71.94,73.2,1,0.0,0.0,1.0,0.0,0
4209201,SC,Sul,75.0,70.0,71.59,1,0.0,0.0,1.0,0.0,0
5221007,GO,Centro-Oeste,75.0,69.59,71.25,1,0.0,0.0,1.0,0.0,0
4127882,PR,Sul,75.01,63.46,66.18,1,0.0,0.0,1.0,0.0,0
3503604,SP,Sudeste,75.02,72.32,73.52,1,0.0,0.0,1.0,0.0,0
5213707,GO,Centro-Oeste,75.02,66.57,68.75,1,0.0,0.0,1.0,0.0,0
3102605,MG,Sudeste,75.04,56.29,60.22,1,0.0,0.0,1.0,0.0,0
3165404,MG,Sudeste,75.07,52.93,57.41,1,0.0,0.0,1.0,0.0,0
3162955,MG,Sudeste,75.09,62.41,65.31,1,0.0,0.0,1.0,0.0,0
3125705,MG,Sudeste,75.1,52.03,56.65,1,0.0,0.0,1.0,0.0,0
4208906,SC,Sul,75.11,72.79,73.91,1,0.0,0.0,1.0,0.0,0
5217609,GO,Centro-Oeste,75.11,65.51,67.87,1,0.0,0.0,1.0,0.0,0
3143302,MG,Sudeste,75.18,61.58,64.62,1,0.0,0.0,1.0,0.0,0
1100288,RO,Norte,75.19,68.81,70.6,1,0.0,0.0,1.0,0.0,0
3514809,SP,Sudeste,75.19,62.33,65.24,1,0.0,0.0,1.0,0.0,0
3140704,MG,Sudeste,75.26,56.77,60.63,1,0.0,0.0,1.0,0.0,0
3150802,MG,Sudeste,75.27,60.14,63.43,1,0.0,0.0,1.0,0.0,0
3142106,MG,Sudeste,75.29,47.26,52.6,1,0.0,0.0,1.0,0.0,0
2105609,MA,Nordeste,75.31,54.55,58.77,1,0.0,0.0,1.0,0.0,0
2205300,PI,Nordeste,75.31,26.32,33.53,1,0.0,0.0,1.0,0.0,0
2515930,PB,Nordeste,75.35,52.0,56.63,1,0.0,0.0,1.0,0.0,0
3104007,MG,Sudeste,75.35,68.79,70.59,1,0.0,0.0,1.0,0.0,0
3134608,MG,Sudeste,75.36,69.36,71.06,1,0.0,0.0,1.0,0.0,0
3202801,ES,Sudeste,75.42,60.92,64.07,1,0.0,0.0,1.0,0.0,0
2925931,BA,Nordeste,75.47,38.72,45.13,1,0.0,0.0,1.0,0.0,0
3162104,MG,Sudeste,75.49,53.04,57.5,1,0.0,0.0,1.0,0.0,0
3144102,MG,Sudeste,75.51,43.36,49.23,1,0.0,0.0,1.0,0.0,0
3203809,ES,Sudeste,75.56,63.47,66.19,1,0.0,0.0,1.0,0.0,0
5219902,GO,Centro-Oeste,75.57,58.94,62.43,1,0.0,0.0,1.0,0.0,0
3150109,MG,Sudeste,75.58,29.63,36.74,1,0.0,0.0,1.0,0.0,0
3146701,MG,Sudeste,75.61,26.99,34.19,1,0.0,0.0,1.0,0.0,0
4217204,SC,Sul,75.64,68.64,70.46,1,0.0,0.0,1.0,0.0,0
3533502,SP,Sudeste,75.66,61.56,64.6,1,0.0,0.0,1.0,0.0,0
2210656,PI,Nordeste,75.67,45.16,50.79,1,0.0,0.0,1.0,0.0,0
2104701,MA,Nordeste,75.68,72.78,73.9,1,0.0,0.0,1.0,0.0,0
1501758,PA,Norte,75.7,61.58,64.62,1,0.0,0.0,1.0,0.0,0
2112209,MA,Nordeste,75.74,67.8,69.77,1,0.0,0.0,1.0,0.0,0
3115474,MG,Sudeste,75.75,61.25,64.35,1,0.0,0.0,1.0,0.0,0
4205704,SC,Sul,75.75,70.59,72.08,1,0.0,0.0,1.0,0.0,0
5204904,GO,Centro-Oeste,75.75,65.21,67.62,1,0.0,0.0,1.0,0.0,0
4200507,SC,Sul,75.76,72.27,73.48,1,0.0,0.0,1.0,0.0,0
2608107,PE,Nordeste,75.79,56.99,60.81,1,0.0,0.0,1.0,0.0,0
4121208,PR,Sul,75.8,71.76,73.05,1,0.0,0.0,1.0,0.0,0
3157500,MG,Sudeste,75.81,43.34,49.21,1,0.0,0.0,1.0,0.0,0
5107792,MT,Centro-Oeste,75.82,60.97,64.12,1,0.0,0.0,1.0,0.0,0
4115507,PR,Sul,75.85,57.66,61.37,1,0.0,0.0,1.0,0.0,0
3536406,SP,Sudeste,75.86,67.24,69.3,1,0.0,0.0,1.0,0.0,0
1100031,RO,Norte,75.88,69.1,70.85,1,0.0,0.0,1.0,0.0,0
4217402,SC,Sul,75.91,63.05,65.84,1,0.0,0.0,1.0,0.0,0
3167707,MG,Sudeste,75.93,66.54,68.72,1,0.0,0.0,1.0,0.0,0
3508702,SP,Sudeste,75.94,70.23,71.78,1,0.0,0.0,1.0,0.0,0
3303856,RJ,Sudeste,75.96,66.48,68.68,1,0.0,0.0,1.0,0.0,0
3145877,MG,Sudeste,75.97,62.75,65.59,1,0.0,0.0,1.0,0.0,0
3202405,ES,Sudeste,75.99,71.81,73.1,1,0.0,0.0,1.0,0.0,0
2301505,CE,Nordeste,76.0,73.64,74.62,1,0.0,0.0,1.0,0.0,0
2615102,PE,Nordeste,76.08,68.26,70.15,1,0.0,0.0,1.0,0.0,0
5218102,GO,Centro-Oeste,76.08,71.68,72.99,1,0.0,0.0,1.0,0.0,0
2308708,CE,Nordeste,76.09,71.96,73.22,1,0.0,0.0,1.0,0.0,0
4110904,PR,Sul,76.11,59.34,62.76,1,0.0,0.0,1.0,0.0,0
4128559,PR,Sul,76.11,52.37,56.94,1,0.0,0.0,1.0,0.0,0
4219358,SC,Sul,76.12,44.55,50.26,1,0.0,0.0,1.0,0.0,0
2103406,MA,Nordeste,76.13,60.53,63.75,1,0.0,0.0,1.0,0.0,0
3127008,MG,Sudeste,76.16,52.87,57.36,1,0.0,0.0,1.0,0.0,0
3155108,MG,Sudeste,76.19,52.94,57.42,1,0.0,0.0,1.0,0.0,0
4127403,PR,Sul,76.19,68.55,70.39,1,0.0,0.0,1.0,0.0,0
2507804,PB,Nordeste,76.21,56.22,60.17,1,0.0,0.0,1.0,0.0,0
3148103,MG,Sudeste,76.21,61.83,64.83,1,0.0,0.0,1.0,0.0,0
3123809,MG,Sudeste,76.22,44.66,50.36,1,0.0,0.0,1.0,0.0,0
5107404,MT,Centro-Oeste,76.26,72.89,74.0,1,0.0,0.0,1.0,0.0,0
3517703,SP,Sudeste,76.27,67.39,69.43,1,0.0,0.0,1.0,0.0,0
5220108,GO,Centro-Oeste,76.27,66.51,68.7,1,0.0,0.0,1.0,0.0,0
3172103,MG,Sudeste,76.28,50.77,55.59,1,0.0,0.0,1.0,0.0,0
3125952,MG,Sudeste,76.31,66.12,68.38,1,0.0,0.0,1.0,0.0,0
4101655,PR,Sul,76.31,54.39,58.64,1,0.0,0.0,1.0,0.0,0
3141900,MG,Sudeste,76.32,51.89,56.53,1,0.0,0.0,1.0,0.0,0
3161650,MG,Sudeste,76.32,71.16,72.56,1,0.0,0.0,1.0,0.0,0
4215059,SC,Sul,76.32,65.74,68.06,1,0.0,0.0,1.0,0.0,0
3134509,MG,Sudeste,76.33,51.36,56.09,1,0.0,0.0,1.0,0.0,0
3150604,MG,Sudeste,76.35,66.97,69.08,1,0.0,0.0,1.0,0.0,0
3152131,MG,Sudeste,76.36,61.32,64.41,1,0.0,0.0,1.0,0.0,0
3146552,MG,Sudeste,76.4,62.52,65.4,1,0.0,0.0,1.0,0.0,0
3129608,MG,Sudeste,76.41,56.95,60.78,1,0.0,0.0,1.0,0.0,0
4210209,SC,Sul,76.42,51.4,56.12,1,0.0,0.0,1.0,0.0,0
3123007,MG,Sudeste,76.43,54.67,58.87,1,0.0,0.0,1.0,0.0,0
3164605,MG,Sudeste,76.46,71.5,72.84,1,0.0,0.0,1.0,0.0,0
3111804,MG,Sudeste,76.49,45.48,51.07,1,0.0,0.0,1.0,0.0,0
3110103,MG,Sudeste,76.5,58.54,62.1,1,0.0,0.0,1.0,0.0,0
3111309,MG,Sudeste,76.54,67.54,69.55,1,0.0,0.0,1.0,0.0,0
3541505,SP,Sudeste,76.57,60.06,63.36,1,0.0,0.0,1.0,0.0,0
5106158,MT,Centro-Oeste,76.59,73.3,74.34,1,0.0,0.0,1.0,0.0,0
3101607,MG,Sudeste,76.61,59.05,62.52,1,0.0,0.0,1.0,0.0,0
3521507,SP,Sudeste,76.62,69.58,71.24,1,0.0,0.0,1.0,0.0,0
3117207,MG,Sudeste,76.67,57.92,61.58,1,0.0,0.0,1.0,0.0,0
3160801,MG,Sudeste,76.67,58.23,61.84,1,0.0,0.0,1.0,0.0,0
2504355,PB,Nordeste,76.68,53.0,57.47,1,0.0,0.0,1.0,0.0,0
3202306,ES,Sudeste,76.71,74.04,74.96,1,0.0,0.0,1.0,0.0,0
4100905,PR,Sul,76.71,71.89,73.16,1,0.0,0.0,1.0,0.0,0
2105906,MA,Nordeste,76.73,62.12,65.07,1,0.0,0.0,1.0,0.0,0
3144003,MG,Sudeste,76.73,61.47,64.53,1,0.0,0.0,1.0,0.0,0
4215802,SC,Sul,76.73,73.1,74.17,1,0.0,0.0,1.0,0.0,0
2205573,PI,Nordeste,76.74,41.38,47.49,1,0.0,0.0,1.0,0.0,0
2510303,PB,Nordeste,76.75,59.43,62.84,1,0.0,0.0,1.0,0.0,0
4205431,SC,Sul,76.76,65.4,67.78,1,0.0,0.0,1.0,0.0,0
3305158,RJ,Sudeste,76.78,71.41,72.76,1,0.0,0.0,1.0,0.0,0
3139706,MG,Sudeste,76.79,70.06,71.64,1,0.0,0.0,1.0,0.0,0
3150703,MG,Sudeste,76.8,63.4,66.13,1,0.0,0.0,1.0,0.0,0
2111706,MA,Nordeste,76.82,61.03,64.17,1,0.0,0.0,1.0,0.0,0
5107263,MT,Centro-Oeste,76.83,52.08,56.69,1,0.0,0.0,1.0,0.0,0
4120101,PR,Sul,76.84,69.78,71.41,1,0.0,0.0,1.0,0.0,0
2106409,MA,Nordeste,76.86,69.68,71.33,1,0.0,0.0,1.0,0.0,0
5221601,GO,Centro-Oeste,76.87,69.31,71.02,1,0.0,0.0,1.0,0.0,0
4119202,PR,Sul,76.88,73.96,74.89,1,0.0,0.0,1.0,0.0,0
5205109,GO,Centro-Oeste,76.88,64.88,67.35,1,0.0,0.0,1.0,0.0,0
3148004,MG,Sudeste,76.9,69.14,70.88,1,0.0,0.0,1.0,0.0,0
4218905,SC,Sul,76.9,60.18,63.46,1,0.0,0.0,1.0,0.0,0
4312476,RS,Sul,76.9,51.54,56.24,1,0.0,0.0,1.0,0.0,0
4206207,SC,Sul,76.93,52.63,57.16,1,0.0,0.0,1.0,0.0,0
2601805,PE,Nordeste,76.97,70.45,71.97,1,0.0,0.0,1.0,0.0,0
3165578,MG,Sudeste,76.97,70.19,71.75,1,0.0,0.0,1.0,0.0,0
3518305,SP,Sudeste,76.97,64.75,67.24,1,0.0,0.0,1.0,0.0,0
3115102,MG,Sudeste,76.99,70.66,72.14,1,0.0,0.0,1.0,0.0,0
2205250,PI,Nordeste,77.0,58.33,61.92,1,0.0,0.0,1.0,0.0,0
4122651,PR,Sul,77.0,69.4,71.09,1,0.0,0.0,1.0,0.0,0
2703502,AL,Nordeste,77.02,54.29,58.55,1,0.0,0.0,1.0,0.0,0
3112653,MG,Sudeste,77.02,40.45,46.67,1,0.0,0.0,1.0,0.0,0
3127404,MG,Sudeste,77.02,62.15,65.09,1,0.0,0.0,1.0,0.0,0
3164308,MG,Sudeste,77.02,71.16,72.56,1,0.0,0.0,1.0,0.0,0
3171071,MG,Sudeste,77.02,62.13,65.08,1,0.0,0.0,1.0,0.0,0
3117801,MG,Sudeste,77.03,61.94,64.92,1,0.0,0.0,1.0,0.0,0
5000203,MS,Centro-Oeste,77.03,70.19,71.75,1,0.0,0.0,1.0,0.0,0
4210605,SC,Sul,77.07,70.98,72.41,1,0.0,0.0,1.0,0.0,0
3157005,MG,Sudeste,77.08,73.01,74.1,1,0.0,0.0,1.0,0.0,0
4200051,SC,Sul,77.08,72.06,73.3,1,0.0,0.0,1.0,0.0,0
4201901,SC,Sul,77.09,62.58,65.45,1,0.0,0.0,1.0,0.0,0
3202256,ES,Sudeste,77.12,64.12,66.72,1,0.0,0.0,1.0,0.0,0
3144656,MG,Sudeste,77.17,49.26,54.31,1,0.0,0.0,1.0,0.0,0
4128534,PR,Sul,77.17,74.1,75.01,1,0.0,0.0,1.0,0.0,0
3203106,ES,Sudeste,77.2,70.14,71.71,1,0.0,0.0,1.0,0.0,0
5221403,GO,Centro-Oeste,77.21,66.34,68.56,1,0.0,0.0,1.0,0.0,0
2301307,CE,Nordeste,77.22,75.5,76.18,1,0.0,0.0,1.0,0.0,0
2702009,AL,Nordeste,77.24,74.97,75.74,1,0.0,0.0,1.0,0.0,0
4208500,SC,Sul,77.25,64.17,66.76,1,0.0,0.0,1.0,0.0,0
3147808,MG,Sudeste,77.27,61.11,64.23,1,0.0,0.0,1.0,0.0,0
3503356,SP,Sudeste,77.27,28.57,35.72,1,0.0,0.0,1.0,0.0,0
3203130,ES,Sudeste,77.28,71.84,73.12,1,0.0,0.0,1.0,0.0,0
3520004,SP,Sudeste,77.29,68.56,70.4,1,0.0,0.0,1.0,0.0,0
3133402,MG,Sudeste,77.3,63.86,66.51,1,0.0,0.0,1.0,0.0,0
4201000,SC,Sul,77.33,66.05,68.32,1,0.0,0.0,1.0,0.0,0
2202455,PI,Nordeste,77.36,65.3,67.7,1,0.0,0.0,1.0,0.0,0
3548401,SP,Sudeste,77.36,73.87,74.82,1,0.0,0.0,1.0,0.0,0
2605905,PE,Nordeste,77.37,58.54,62.1,1,0.0,0.0,1.0,0.0,0
3504404,SP,Sudeste,77.37,70.93,72.36,1,0.0,0.0,1.0,0.0,0
3522703,SP,Sudeste,77.38,66.67,68.83,1,0.0,0.0,1.0,0.0,0
1715754,TO,Norte,77.41,47.77,53.03,1,0.0,0.0,1.0,0.0,0
4210100,SC,Sul,77.41,72.98,74.07,1,0.0,0.0,1.0,0.0,0
3130051,MG,Sudeste,77.42,53.99,58.3,1,0.0,0.0,1.0,0.0,0
3104908,MG,Sudeste,77.43,70.29,71.83,1,0.0,0.0,1.0,0.0,0
1300102,AM,Norte,77.45,75.99,76.6,1,0.0,0.0,1.0,0.0,0
2307205,CE,Nordeste,77.45,74.37,75.23,1,0.0,0.0,1.0,0.0,0
3168408,MG,Sudeste,77.47,70.0,71.59,1,0.0,0.0,1.0,0.0,0
3105202,MG,Sudeste,77.5,62.73,65.57,1,0.0,0.0,1.0,0.0,0
3201506,ES,Sudeste,77.5,73.76,74.72,1,0.0,0.0,1.0,0.0,0
3120102,MG,Sudeste,77.52,48.47,53.63,1,0.0,0.0,1.0,0.0,0
3200706,ES,Sudeste,77.52,74.57,75.4,1,0.0,0.0,1.0,0.0,0
4101705,PR,Sul,77.54,76.05,76.65,1,0.0,0.0,1.0,0.0,0
3529500,SP,Sudeste,77.56,69.95,71.55,1,0.0,0.0,1.0,0.0,0
2615300,PE,Nordeste,77.57,74.11,75.02,1,0.0,0.0,1.0,0.0,0
3131000,MG,Sudeste,77.62,46.98,52.36,1,0.0,0.0,1.0,0.0,0
4208005,SC,Sul,77.62,69.06,70.81,1,0.0,0.0,1.0,0.0,0
5209101,GO,Centro-Oeste,77.63,68.19,70.09,1,0.0,0.0,1.0,0.0,0
2105153,MA,Nordeste,77.64,58.92,62.41,1,0.0,0.0,1.0,0.0,0
4208609,SC,Sul,77.67,73.88,74.82,1,0.0,0.0,1.0,0.0,0
3159308,MG,Sudeste,77.68,41.62,47.7,1,0.0,0.0,1.0,0.0,0
4103370,PR,Sul,77.7,74.32,75.19,1,0.0,0.0,1.0,0.0,0
4311908,RS,Sul,77.7,73.23,74.28,1,0.0,0.0,1.0,0.0,0
3131158,MG,Sudeste,77.71,62.96,65.76,1,0.0,0.0,1.0,0.0,0
2516409,PB,Nordeste,77.72,55.93,59.92,1,0.0,0.0,1.0,0.0,0
4205506,SC,Sul,77.72,66.55,68.73,1,0.0,0.0,1.0,0.0,0
2101772,MA,Nordeste,77.73,51.82,56.48,1,0.0,0.0,1.0,0.0,0
4112504,PR,Sul,77.74,61.2,64.31,1,0.0,0.0,1.0,0.0,0
4207684,SC,Sul,77.74,59.49,62.89,1,0.0,0.0,1.0,0.0,0
4124020,PR,Sul,77.75,73.31,74.35,1,0.0,0.0,1.0,0.0,0
2104081,MA,Nordeste,77.76,29.89,36.99,1,0.0,0.0,1.0,0.0,0
3164209,MG,Sudeste,77.76,50.94,55.73,1,0.0,0.0,1.0,0.0,0
3158003,MG,Sudeste,77.79,54.64,58.85,1,0.0,0.0,1.0,0.0,0
3131109,MG,Sudeste,77.8,40.65,46.85,1,0.0,0.0,1.0,0.0,0
3131604,MG,Sudeste,77.81,38.41,44.85,1,0.0,0.0,1.0,0.0,0
3162252,MG,Sudeste,77.83,49.97,54.91,1,0.0,0.0,1.0,0.0,0
4125704,PR,Sul,77.84,73.58,74.57,1,0.0,0.0,1.0,0.0,0
3504206,SP,Sudeste,77.87,68.6,70.43,1,0.0,0.0,1.0,0.0,0
2613909,PE,Nordeste,77.92,76.13,76.71,1,0.0,0.0,1.0,0.0,0
4201653,SC,Sul,77.94,75.71,76.36,1,0.0,0.0,1.0,0.0,0
3102704,MG,Sudeste,77.96,60.31,63.57,1,0.0,0.0,1.0,0.0,0
3144607,MG,Sudeste,77.99,53.67,58.03,1,0.0,0.0,1.0,0.0,0
3302452,RJ,Sudeste,77.99,63.62,66.31,1,0.0,0.0,1.0,0.0,0
4218202,SC,Sul,77.99,69.86,71.48,1,0.0,0.0,1.0,0.0,0
3163805,MG,Sudeste,78.02,74.87,75.65,1,0.0,0.0,1.0,0.0,0
3129905,MG,Sudeste,78.04,38.1,44.57,1,0.0,0.0,1.0,0.0,0
4104600,PR,Sul,78.04,72.97,74.06,1,0.0,0.0,1.0,0.0,0
4215208,SC,Sul,78.04,52.07,56.69,1,0.0,0.0,1.0,0.0,0
3138658,MG,Sudeste,78.07,64.02,66.64,1,0.0,0.0,1.0,0.0,0
2104651,MA,Nordeste,78.08,69.13,70.87,1,0.0,0.0,1.0,0.0,0
3101631,MG,Sudeste,78.08,72.01,73.26,1,0.0,0.0,1.0,0.0,0
3129509,MG,Sudeste,78.1,52.52,57.07,1,0.0,0.0,1.0,0.0,0
3506508,SP,Sudeste,78.13,71.09,72.5,1,0.0,0.0,1.0,0.0,0
3139904,MG,Sudeste,78.16,60.99,64.13,1,0.0,0.0,1.0,0.0,0
4208401,SC,Sul,78.16,71.58,72.9,1,0.0,0.0,1.0,0.0,0
4100509,PR,Sul,78.17,70.4,71.92,1,0.0,0.0,1.0,0.0,0
3156452,MG,Sudeste,78.18,55.93,59.92,1,0.0,0.0,1.0,0.0,0
3115508,MG,Sudeste,78.2,76.39,76.93,1,0.0,0.0,1.0,0.0,0
1506906,PA,Norte,78.25,52.16,56.76,1,0.0,0.0,1.0,0.0,0
2104107,MA,Nordeste,78.25,45.09,50.73,1,0.0,0.0,1.0,0.0,0
4107108,PR,Sul,78.26,72.99,74.08,1,0.0,0.0,1.0,0.0,0
5200209,GO,Centro-Oeste,78.26,69.57,71.23,1,0.0,0.0,1.0,0.0,0
3153400,MG,Sudeste,78.27,77.37,77.76,1,0.0,0.0,1.0,0.0,0
4104055,PR,Sul,78.31,72.87,73.98,1,0.0,0.0,1.0,0.0,0
3157401,MG,Sudeste,78.33,54.55,58.77,1,0.0,0.0,1.0,0.0,0
5204102,GO,Centro-Oeste,78.35,73.19,74.25,1,0.0,0.0,1.0,0.0,0
1101484,RO,Norte,78.36,53.34,57.76,1,0.0,0.0,1.0,0.0,0
2309706,CE,Nordeste,78.36,76.03,76.63,1,0.0,0.0,1.0,0.0,0
3501806,SP,Sudeste,78.38,59.97,63.29,1,0.0,0.0,1.0,0.0,0
4306056,RS,Sul,78.4,66.3,68.53,1,0.0,0.0,1.0,0.0,0
3146206,MG,Sudeste,78.41,51.25,55.99,1,0.0,0.0,1.0,0.0,0
5006259,MS,Centro-Oeste,78.44,47.37,52.69,1,0.0,0.0,1.0,0.0,0
3135308,MG,Sudeste,78.49,71.03,72.45,1,0.0,0.0,1.0,0.0,0
5006275,MS,Centro-Oeste,78.5,76.38,76.92,1,0.0,0.0,1.0,0.0,0
2101707,MA,Nordeste,78.52,50.35,55.23,1,0.0,0.0,1.0,0.0,0
3117108,MG,Sudeste,78.53,70.87,72.31,1,0.0,0.0,1.0,0.0,0
3155801,MG,Sudeste,78.55,65.31,67.71,1,0.0,0.0,1.0,0.0,0
3101904,MG,Sudeste,78.56,42.26,48.26,1,0.0,0.0,1.0,0.0,0
4108106,PR,Sul,78.57,62.81,65.64,1,0.0,0.0,1.0,0.0,0
5007935,MS,Centro-Oeste,78.58,47.5,52.8,1,0.0,0.0,1.0,0.0,0
3161403,MG,Sudeste,78.59,59.41,62.82,1,0.0,0.0,1.0,0.0,0
2501708,PB,Nordeste,78.61,60.51,63.73,1,0.0,0.0,1.0,0.0,0
5206404,GO,Centro-Oeste,78.62,66.73,68.88,1,0.0,0.0,1.0,0.0,0
3544251,SP,Sudeste,78.64,59.53,62.92,1,0.0,0.0,1.0,0.0,0
2612307,PE,Nordeste,78.66,58.09,61.72,1,0.0,0.0,1.0,0.0,0
3518602,SP,Sudeste,78.67,69.71,71.35,1,0.0,0.0,1.0,0.0,0
3527900,SP,Sudeste,78.67,71.6,72.92,1,0.0,0.0,1.0,0.0,0
5213756,GO,Centro-Oeste,78.69,65.97,68.25,1,0.0,0.0,1.0,0.0,0
1101609,RO,Norte,78.73,50.7,55.53,1,0.0,0.0,1.0,0.0,0
3153509,MG,Sudeste,78.73,50.82,55.63,1,0.0,0.0,1.0,0.0,0
3538204,SP,Sudeste,78.79,78.11,78.39,1,0.0,0.0,1.0,0.0,0
4116604,PR,Sul,78.8,62.54,65.42,1,0.0,0.0,1.0,0.0,0
3140803,MG,Sudeste,78.82,58.84,62.35,1,0.0,0.0,1.0,0.0,0
3141801,MG,Sudeste,78.82,70.15,71.72,1,0.0,0.0,1.0,0.0,0
3161809,MG,Sudeste,78.82,61.12,64.24,1,0.0,0.0,1.0,0.0,0
1100601,RO,Norte,78.84,54.63,58.84,1,0.0,0.0,1.0,0.0,0
3145000,MG,Sudeste,78.86,72.34,73.54,1,0.0,0.0,1.0,0.0,0
5200852,GO,Centro-Oeste,78.87,74.3,75.18,1,0.0,0.0,1.0,0.0,0
3113909,MG,Sudeste,78.88,74.34,75.21,1,0.0,0.0,1.0,0.0,0
3142601,MG,Sudeste,78.89,62.69,65.54,1,0.0,0.0,1.0,0.0,0
5102694,MT,Centro-Oeste,78.89,34.68,41.47,1,0.0,0.0,1.0,0.0,0
2403905,RN,Nordeste,78.95,45.0,50.65,1,0.0,0.0,1.0,0.0,0
3520707,SP,Sudeste,78.96,67.57,69.58,1,0.0,0.0,1.0,0.0,0
3150901,MG,Sudeste,78.97,66.27,68.5,1,0.0,0.0,1.0,0.0,0
2602506,PE,Nordeste,79.05,71.45,72.8,1,0.0,0.0,1.0,0.0,0
3523008,SP,Sudeste,79.05,49.6,54.6,1,0.0,0.0,1.0,0.0,0
2502607,PB,Nordeste,79.06,28.96,36.1,1,0.0,0.0,1.0,0.0,0
4127957,PR,Sul,79.06,70.71,72.18,1,0.0,0.0,1.0,0.0,0
4201505,SC,Sul,79.08,70.51,72.02,1,0.0,0.0,1.0,0.0,0
3169901,MG,Sudeste,79.09,64.51,67.05,1,0.0,0.0,1.0,0.0,0
3132404,MG,Sudeste,79.1,59.76,63.11,1,0.0,0.0,1.0,0.0,0
3149903,MG,Sudeste,79.12,71.24,72.62,1,0.0,0.0,1.0,0.0,0
3541604,SP,Sudeste,79.12,67.37,69.41,1,0.0,0.0,1.0,0.0,0
3108909,MG,Sudeste,79.14,50.86,55.66,1,0.0,0.0,1.0,0.0,0
3134905,MG,Sudeste,79.14,59.84,63.18,1,0.0,0.0,1.0,0.0,0
5204250,GO,Centro-Oeste,79.19,72.51,73.68,1,0.0,0.0,1.0,0.0,0
3305901,RJ,Sudeste,79.23,77.24,77.65,1,0.0,0.0,1.0,0.0,0
4207908,SC,Sul,79.25,71.82,73.1,1,0.0,0.0,1.0,0.0,0
4213005,SC,Sul,79.31,59.28,62.71,1,0.0,0.0,1.0,0.0,0
2308302,CE,Nordeste,79.33,75.28,76.0,1,0.0,0.0,1.0,0.0,0
2517001,PB,Nordeste,79.38,38.29,44.74,1,0.0,0.0,1.0,0.0,0
3503406,SP,Sudeste,79.38,72.62,73.77,1,0.0,0.0,1.0,0.0,0
3151800,MG,Sudeste,79.39,58.1,61.73,1,0.0,0.0,1.0,0.0,0
5200100,GO,Centro-Oeste,79.39,78.96,79.11,1,0.0,0.0,1.0,0.0,0
5004601,MS,Centro-Oeste,79.41,73.35,74.38,1,0.0,0.0,1.0,0.0,0
5220702,GO,Centro-Oeste,79.41,57.64,61.35,1,0.0,0.0,1.0,0.0,0
2608503,PE,Nordeste,79.42,70.34,71.87,1,0.0,0.0,1.0,0.0,0
4125100,PR,Sul,79.45,78.58,78.79,1,0.0,0.0,1.0,0.0,0
5222302,GO,Centro-Oeste,79.46,74.44,75.29,1,0.0,0.0,1.0,0.0,0
3130200,MG,Sudeste,79.48,68.89,70.67,1,0.0,0.0,1.0,0.0,0
4211603,SC,Sul,79.48,69.57,71.23,1,0.0,0.0,1.0,0.0,0
5100201,MT,Centro-Oeste,79.49,59.1,62.56,1,0.0,0.0,1.0,0.0,0
4104501,PR,Sul,79.5,78.46,78.69,1,0.0,0.0,1.0,0.0,0
3553609,SP,Sudeste,79.51,53.51,57.9,1,0.0,0.0,1.0,0.0,0
4207403,SC,Sul,79.52,64.78,67.27,1,0.0,0.0,1.0,0.0,0
1100379,RO,Norte,79.54,69.52,71.19,1,0.0,0.0,1.0,0.0,0
3152600,MG,Sudeste,79.55,78.44,78.67,1,0.0,0.0,1.0,0.0,0
3202553,ES,Sudeste,79.56,73.91,74.85,1,0.0,0.0,1.0,0.0,0
3144805,MG,Sudeste,79.6,56.76,60.62,1,0.0,0.0,1.0,0.0,0
3156908,MG,Sudeste,79.62,64.01,66.63,1,0.0,0.0,1.0,0.0,0
2601508,PE,Nordeste,79.67,71.24,72.62,1,0.0,0.0,1.0,0.0,0
2612802,PE,Nordeste,79.68,68.31,70.19,1,0.0,0.0,1.0,0.0,0
3168101,MG,Sudeste,79.68,56.1,60.07,1,0.0,0.0,1.0,0.0,0
3540408,SP,Sudeste,79.69,77.91,78.22,1,0.0,0.0,1.0,0.0,0
2607000,PE,Nordeste,79.7,54.35,58.6,1,0.0,0.0,1.0,0.0,0
4204509,SC,Sul,79.7,61.16,64.27,1,0.0,0.0,1.0,0.0,0
5106299,MT,Centro-Oeste,79.7,60.69,63.88,1,0.0,0.0,1.0,0.0,0
3541208,SP,Sudeste,79.72,64.23,66.81,1,0.0,0.0,1.0,0.0,0
3136207,MG,Sudeste,79.74,60.91,64.07,1,0.0,0.0,1.0,0.0,0
4210035,SC,Sul,79.74,72.91,74.01,1,0.0,0.0,1.0,0.0,0
2602308,PE,Nordeste,79.75,56.71,60.58,1,0.0,0.0,1.0,0.0,0
5212204,GO,Centro-Oeste,79.77,58.98,62.46,1,0.0,0.0,1.0,0.0,0
2304954,CE,Nordeste,79.83,72.74,73.87,1,0.0,0.0,1.0,0.0,0
3118908,MG,Sudeste,79.85,69.28,70.99,1,0.0,0.0,1.0,0.0,0
3153301,MG,Sudeste,79.86,75.75,76.39,1,0.0,0.0,1.0,0.0,0
3159704,MG,Sudeste,79.88,72.97,74.06,1,0.0,0.0,1.0,0.0,0
2701100,AL,Nordeste,79.89,76.44,76.97,1,0.0,0.0,1.0,0.0,0
3137205,MG,Sudeste,79.9,72.57,73.73,1,0.0,0.0,1.0,0.0,0
3152402,MG,Sudeste,79.91,41.74,47.81,1,0.0,0.0,1.0,0.0,0
3134103,MG,Sudeste,79.92,55.54,59.6,1,0.0,0.0,1.0,0.0,0
3149200,MG,Sudeste,79.95,59.7,63.06,1,0.0,0.0,1.0,0.0,0
3551207,SP,Sudeste,79.97,78.96,79.11,1,0.0,0.0,1.0,0.0,0
2101970,MA,Nordeste,80.0,59.99,63.3,1,0.0,0.0,0.0,0.0,0
2210383,PI,Nordeste,80.0,24.14,31.36,1,0.0,0.0,0.0,0.0,0
3109600,MG,Sudeste,80.0,52.4,56.96,1,0.0,0.0,0.0,0.0,0
3149002,MG,Sudeste,80.0,53.74,58.09,1,0.0,0.0,0.0,0.0,0
3168051,MG,Sudeste,80.0,44.12,49.89,1,0.0,0.0,0.0,0.0,0
3170479,MG,Sudeste,80.0,54.25,58.52,1,0.0,0.0,0.0,0.0,0
3540853,SP,Sudeste,80.0,94.44,80.0,1,0.0,1.0,0.0,1.0,0
3549201,SP,Sudeste,80.0,86.43,80.0,1,0.0,1.0,0.0,1.0,0
3557154,SP,Sudeste,80.0,38.33,44.78,1,0.0,0.0,0.0,0.0,0
4116307,PR,Sul,80.0,53.23,57.66,1,0.0,0.0,0.0,0.0,0
4306320,RS,Sul,80.0,49.71,54.69,1,0.0,0.0,0.0,0.0,0
5213053,GO,Centro-Oeste,80.0,66.67,68.83,1,0.0,0.0,0.0,0.0,0
3150208,MG,Sudeste,80.01,35.21,41.95,1,0.0,0.0,0.0,0.0,0
3204252,ES,Sudeste,80.01,81.8,80.0,1,0.0,1.0,0.0,1.0,0
3505302,SP,Sudeste,80.01,57.61,61.33,1,0.0,0.0,0.0,0.0,0
4118105,PR,Sul,80.03,83.27,80.0,1,0.0,1.0,0.0,1.0,0
4110805,PR,Sul,80.07,87.59,80.0,1,0.0,1.0,0.0,1.0,0
4124509,PR,Sul,80.07,91.05,80.0,1,0.0,1.0,0.0,1.0,0
3158607,MG,Sudeste,80.09,58.32,61.92,1,0.0,0.0,0.0,0.0,0
4123204,PR,Sul,80.09,87.42,80.0,1,0.0,1.0,0.0,1.0,0
4307450,RS,Sul,80.1,97.22,80.0,1,0.0,1.0,0.0,1.0,0
3132909,MG,Sudeste,80.11,61.13,64.25,1,0.0,0.0,0.0,0.0,0
5000807,MS,Centro-Oeste,80.11,65.19,67.61,1,0.0,0.0,0.0,0.0,0
3159001,MG,Sudeste,80.15,60.89,64.05,1,0.0,0.0,0.0,0.0,0
2313351,CE,Nordeste,80.16,85.37,80.0,1,0.0,1.0,0.0,1.0,0
2110104,MA,Nordeste,80.19,89.14,80.0,1,0.0,1.0,0.0,1.0,0
3154705,MG,Sudeste,80.2,42.82,48.75,1,0.0,0.0,0.0,0.0,0
4218103,SC,Sul,80.2,71.29,72.66,1,0.0,0.0,0.0,0.0,0
3203502,ES,Sudeste,80.21,63.05,65.84,1,0.0,0.0,0.0,0.0,0
4108320,PR,Sul,80.22,68.71,70.52,1,0.0,0.0,0.0,0.0,0
4123956,PR,Sul,80.22,78.67,78.86,1,0.0,0.0,0.0,0.0,0
5214606,GO,Centro-Oeste,80.22,72.84,73.95,1,0.0,0.0,0.0,0.0,0
3532702,SP,Sudeste,80.24,93.79,80.0,1,0.0,1.0,0.0,1.0,0
4101903,PR,Sul,80.24,88.72,80.0,1,0.0,1.0,0.0,1.0,0
4122156,PR,Sul,80.25,81.41,80.0,1,0.0,1.0,0.0,1.0,0
5211701,GO,Centro-Oeste,80.25,77.19,77.61,1,0.0,0.0,0.0,0.0,0
5218508,GO,Centro-Oeste,80.29,66.97,69.08,1,0.0,0.0,0.0,0.0,0
3159902,MG,Sudeste,80.3,83.75,80.0,1,0.0,1.0,0.0,1.0,0
3203056,ES,Sudeste,80.31,72.19,73.41,1,0.0,0.0,0.0,0.0,0
4102000,PR,Sul,80.31,80.21,80.0,1,0.0,0.0,0.0,0.0,0
3120870,MG,Sudeste,80.36,79.25,79.36,1,0.0,0.0,0.0,0.0,0
4214300,SC,Sul,80.38,72.73,73.86,1,0.0,0.0,0.0,0.0,0
3305133,RJ,Sudeste,80.39,75.12,75.86,1,0.0,0.0,0.0,0.0,0
3128105,MG,Sudeste,80.4,58.55,62.11,1,0.0,0.0,0.0,0.0,0
4202156,SC,Sul,80.41,72.9,74.01,1,0.0,0.0,0.0,0.0,0
2301406,CE,Nordeste,80.42,86.27,80.0,1,0.0,1.0,0.0,1.0,0
3133709,MG,Sudeste,80.42,72.38,73.57,1,0.0,0.0,0.0,0.0,0
4119707,PR,Sul,80.42,79.79,79.82,1,0.0,0.0,0.0,0.0,0
5208301,GO,Centro-Oeste,80.42,79.91,79.92,1,0.0,0.0,0.0,0.0,0
3113206,MG,Sudeste,80.43,71.8,73.09,1,0.0,0.0,0.0,0.0,0
3131901,MG,Sudeste,80.44,59.98,63.29,1,0.0,0.0,0.0,0.0,0
3526001,SP,Sudeste,80.44,76.94,77.4,1,0.0,0.0,0.0,0.0,0
3105103,MG,Sudeste,80.48,65.95,68.24,1,0.0,0.0,0.0,0.0,0
4115754,PR,Sul,80.48,81.13,80.0,1,0.0,1.0,0.0,1.0,0
3127388,MG,Sudeste,80.51,75.0,75.76,1,0.0,0.0,0.0,0.0,0
2208700,PI,Nordeste,80.52,99.0,80.0,1,0.0,1.0,0.0,1.0,0
3148202,MG,Sudeste,80.53,72.64,73.79,1,0.0,0.0,0.0,0.0,0
3169208,MG,Sudeste,80.55,56.82,60.67,1,0.0,0.0,0.0,0.0,0
4111001,PR,Sul,80.58,79.12,79.25,1,0.0,0.0,0.0,0.0,0
3513702,SP,Sudeste,80.62,59.36,62.78,1,0.0,0.0,0.0,0.0,0
5108857,MT,Centro-Oeste,80.62,44.14,49.91,1,0.0,0.0,0.0,0.0,0
2615706,PE,Nordeste,80.64,82.65,80.0,1,0.0,1.0,0.0,1.0,0
2111953,MA,Nordeste,80.65,75.39,76.09,1,0.0,0.0,0.0,0.0,0
5200902,GO,Centro-Oeste,80.65,70.75,72.21,1,0.0,0.0,0.0,0.0,0
4125753,PR,Sul,80.66,74.73,75.54,1,0.0,0.0,0.0,0.0,0
3145604,MG,Sudeste,80.67,49.74,54.71,1,0.0,0.0,0.0,0.0,0
3204708,ES,Sudeste,80.69,72.46,73.64,1,0.0,0.0,0.0,0.0,0
3128253,MG,Sudeste,80.7,42.0,48.04,1,0.0,0.0,0.0,0.0,0
4313037,RS,Sul,80.7,86.19,80.0,1,0.0,1.0,0.0,1.0,0
5205802,GO,Centro-Oeste,80.7,72.1,73.34,1,0.0,0.0,0.0,0.0,0
5221502,GO,Centro-Oeste,80.7,72.58,73.74,1,0.0,0.0,0.0,0.0,0
3149705,MG,Sudeste,80.71,80.06,80.0,1,0.0,0.0,0.0,0.0,0
4108908,PR,Sul,80.71,72.56,73.72,1,0.0,0.0,0.0,0.0,0
3520442,SP,Sudeste,80.76,66.53,68.72,1,0.0,0.0,0.0,0.0,0
3531001,SP,Sudeste,80.77,84.21,80.0,1,0.0,1.0,0.0,1.0,0
2706000,AL,Nordeste,80.79,50.0,54.93,1,0.0,0.0,0.0,0.0,0
4303673,RS,Sul,80.8,90.0,80.0,1,0.0,1.0,0.0,1.0,0
3143005,MG,Sudeste,80.85,50.21,55.11,1,0.0,0.0,0.0,0.0,0
4112405,PR,Sul,80.87,73.42,74.44,1,0.0,0.0,0.0,0.0,0
5216908,GO,Centro-Oeste,80.87,96.02,80.0,1,0.0,1.0,0.0,1.0,0
3166907,MG,Sudeste,80.88,63.81,66.47,1,0.0,0.0,0.0,0.0,0
5217401,GO,Centro-Oeste,80.88,67.36,69.4,1,0.0,0.0,0.0,0.0,0
3500600,SP,Sudeste,80.89,81.85,80.0,1,0.0,1.0,0.0,1.0,0
3536604,SP,Sudeste,80.89,50.36,55.24,1,0.0,0.0,0.0,0.0,0
4217303,SC,Sul,80.9,81.64,80.0,1,0.0,0.0,0.0,1.0,0
3204054,ES,Sudeste,80.91,69.28,70.99,1,0.0,0.0,0.0,0.0,0
3120706,MG,Sudeste,80.92,62.42,65.32,1,0.0,0.0,0.0,0.0,0
3112307,MG,Sudeste,80.94,56.35,60.28,1,0.0,0.0,0.0,0.0,0
2200954,PI,Nordeste,80.95,53.33,57.75,1,0.0,0.0,0.0,0.0,0
2206001,PI,Nordeste,80.95,22.19,29.37,1,0.0,0.0,0.0,0.0,0
4219606,SC,Sul,80.95,71.58,72.9,1,0.0,0.0,0.0,0.0,0
5218300,GO,Centro-Oeste,80.95,76.16,76.74,1,0.0,0.0,0.0,0.0,0
4104105,PR,Sul,80.98,80.36,80.0,1,0.0,0.0,0.0,0.0,0
2612000,PE,Nordeste,81.01,67.71,69.69,1,0.0,0.0,0.0,0.0,0
5208806,GO,Centro-Oeste,81.01,69.12,70.86,1,0.0,0.0,0.0,0.0,0
5215702,GO,Centro-Oeste,81.01,67.97,69.91,1,0.0,0.0,0.0,0.0,0
5107925,MT,Centro-Oeste,81.05,79.08,79.21,1,0.0,0.0,0.0,0.0,0
1100189,RO,Norte,81.06,69.73,71.37,1,0.0,0.0,0.0,0.0,0
2201150,PI,Nordeste,81.06,48.61,53.75,1,0.0,0.0,0.0,0.0,0
3519006,SP,Sudeste,81.08,85.15,80.0,1,0.0,1.0,0.0,1.0,0
3547106,SP,Sudeste,81.08,95.59,80.0,1,0.0,1.0,0.0,1.0,0
4121703,PR,Sul,81.08,72.87,73.98,1,0.0,0.0,0.0,0.0,0
3164704,MG,Sudeste,81.09,65.48,67.85,1,0.0,0.0,0.0,0.0,0
3109709,MG,Sudeste,81.11,61.69,64.71,1,0.0,0.0,0.0,0.0,0
3201902,ES,Sudeste,81.13,80.64,80.0,1,0.0,0.0,0.0,0.0,0
3135902,MG,Sudeste,81.14,62.05,65.01,1,0.0,0.0,0.0,0.0,0
3170503,MG,Sudeste,81.15,55.56,59.62,1,0.0,0.0,0.0,0.0,0
1505908,PA,Norte,81.16,72.52,73.69,1,0.0,0.0,0.0,0.0,0
3108701,MG,Sudeste,81.16,53.68,58.04,1,0.0,0.0,0.0,0.0,0
3202504,ES,Sudeste,81.16,67.71,69.69,1,0.0,0.0,0.0,0.0,0
4124301,PR,Sul,81.17,82.31,80.0,1,0.0,0.0,0.0,1.0,0
2300150,CE,Nordeste,81.21,78.14,78.41,1,0.0,0.0,0.0,0.0,0
3108305,MG,Sudeste,81.21,65.55,67.91,1,0.0,0.0,0.0,0.0,0
5210406,GO,Centro-Oeste,81.22,78.96,79.11,1,0.0,0.0,0.0,0.0,0
2303600,CE,Nordeste,81.25,79.24,79.35,1,0.0,0.0,0.0,0.0,0
2806909,SE,Nordeste,81.25,34.78,41.56,1,0.0,0.0,0.0,0.0,0
3132503,MG,Sudeste,81.25,59.11,62.57,1,0.0,0.0,0.0,0.0,0
5201207,GO,Centro-Oeste,81.25,80.0,80.0,1,0.0,0.0,0.0,0.0,0
2205409,PI,Nordeste,81.27,55.54,59.6,1,0.0,0.0,0.0,0.0,0
3152105,MG,Sudeste,81.27,52.65,57.17,1,0.0,0.0,0.0,0.0,0
3160900,MG,Sudeste,81.31,68.37,70.24,1,0.0,0.0,0.0,0.0,0
3164472,MG,Sudeste,81.32,58.19,61.81,1,0.0,0.0,0.0,0.0,0
3519808,SP,Sudeste,81.32,73.35,74.38,1,0.0,0.0,0.0,0.0,0
2616506,PE,Nordeste,81.33,62.65,65.51,1,0.0,0.0,0.0,0.0,0
3145901,MG,Sudeste,81.33,65.37,67.76,1,0.0,0.0,0.0,0.0,0
3202009,ES,Sudeste,81.34,84.32,80.0,1,0.0,1.0,0.0,1.0,0
3160405,MG,Sudeste,81.35,82.37,80.0,1,0.0,0.0,0.0,1.0,0
5209150,GO,Centro-Oeste,81.36,39.78,46.07,1,0.0,0.0,0.0,0.0,0
3149606,MG,Sudeste,81.37,64.18,66.77,1,0.0,0.0,0.0,0.0,0
5106208,MT,Centro-Oeste,81.37,55.65,59.69,1,0.0,0.0,0.0,0.0,0
3148509,MG,Sudeste,81.4,86.92,80.0,1,0.0,1.0,0.0,1.0,0
3150539,MG,Sudeste,81.43,34.7,41.49,1,0.0,0.0,0.0,0.0,0
4124400,PR,Sul,81.43,79.51,79.58,1,0.0,0.0,0.0,0.0,0
5213087,GO,Centro-Oeste,81.44,75.66,76.32,1,0.0,0.0,0.0,0.0,0
3163508,MG,Sudeste,81.45,55.27,59.37,1,0.0,0.0,0.0,0.0,0
4127304,PR,Sul,81.46,69.02,70.78,1,0.0,0.0,0.0,0.0,0
2204600,PI,Nordeste,81.47,82.43,80.0,1,0.0,0.0,0.0,1.0,0
2104008,MA,Nordeste,81.48,59.36,62.78,1,0.0,0.0,0.0,0.0,0
3509106,SP,Sudeste,81.48,54.71,58.9,1,0.0,0.0,0.0,0.0,0
5200134,GO,Centro-Oeste,81.48,58.49,62.06,1,0.0,0.0,0.0,0.0,0
3202652,ES,Sudeste,81.49,67.41,69.44,1,0.0,0.0,0.0,0.0,0
4321329,RS,Sul,81.5,83.99,80.0,1,0.0,1.0,0.0,1.0,0
2103901,MA,Nordeste,81.51,69.39,71.09,1,0.0,0.0,0.0,0.0,0
5203500,GO,Centro-Oeste,81.51,75.75,76.39,1,0.0,0.0,0.0,0.0,0
4114203,PR,Sul,81.53,85.06,80.0,1,0.0,1.0,0.0,1.0,0
4128658,PR,Sul,81.54,78.69,78.88,1,0.0,0.0,0.0,0.0,0
2311900,CE,Nordeste,81.55,75.38,76.08,1,0.0,0.0,0.0,0.0,0
2302206,CE,Nordeste,81.6,78.11,78.39,1,0.0,0.0,0.0,0.0,0
5107206,MT,Centro-Oeste,81.6,48.15,53.36,1,0.0,0.0,0.0,0.0,0
3165305,MG,Sudeste,81.64,60.1,63.39,1,0.0,0.0,0.0,0.0,0
2307700,CE,Nordeste,81.66,79.76,79.79,1,0.0,0.0,0.0,0.0,0
3169406,MG,Sudeste,81.66,61.16,64.27,1,0.0,0.0,0.0,0.0,0
2512036,PB,Nordeste,81.67,23.24,30.45,1,0.0,0.0,0.0,0.0,0
2607950,PE,Nordeste,81.67,57.65,61.36,1,0.0,0.0,0.0,0.0,0
3114501,MG,Sudeste,81.68,76.93,77.39,1,0.0,0.0,0.0,0.0,0
3147303,MG,Sudeste,81.68,60.77,63.95,1,0.0,0.0,0.0,0.0,0
3200169,ES,Sudeste,81.68,77.35,77.74,1,0.0,0.0,0.0,0.0,0
4127700,PR,Sul,81.69,79.58,79.64,1,0.0,0.0,0.0,0.0,0
5204706,GO,Centro-Oeste,81.71,73.78,74.74,1,0.0,0.0,0.0,0.0,0
3111002,MG,Sudeste,81.73,69.98,71.58,1,0.0,0.0,0.0,0.0,0
3120508,MG,Sudeste,81.73,55.83,59.84,1,0.0,0.0,0.0,0.0,0
5204656,GO,Centro-Oeste,81.73,70.45,71.97,1,0.0,0.0,0.0,0.0,0
3168903,MG,Sudeste,81.76,59.26,62.7,1,0.0,0.0,0.0,0.0,0
2203206,PI,Nordeste,81.77,68.19,70.09,1,0.0,0.0,0.0,0.0,0
4107546,PR,Sul,81.78,71.95,73.21,1,0.0,0.0,0.0,0.0,0
2514552,PB,Nordeste,81.82,82.35,80.0,1,0.0,0.0,0.0,1.0,0
3165602,MG,Sudeste,81.82,42.11,48.13,1,0.0,0.0,0.0,0.0,0
3171154,MG,Sudeste,81.82,73.55,74.55,1,0.0,0.0,0.0,0.0,0
4211256,SC,Sul,81.82,71.43,72.78,1,0.0,0.0,0.0,0.0,0
4215695,SC,Sul,81.82,73.68,74.66,1,0.0,0.0,0.0,0.0,0
2516706,PB,Nordeste,81.85,72.85,73.96,1,0.0,0.0,0.0,0.0,0
3133006,MG,Sudeste,81.86,57.59,61.31,1,0.0,0.0,0.0,0.0,0
5213509,GO,Centro-Oeste,81.87,73.88,74.82,1,0.0,0.0,0.0,0.0,0
3145307,MG,Sudeste,81.88,75.6,76.27,1,0.0,0.0,0.0,0.0,0
2200053,PI,Nordeste,81.89,81.71,80.0,1,0.0,0.0,0.0,0.0,0
4300208,RS,Sul,81.9,80.14,80.0,1,0.0,0.0,0.0,0.0,0
3110608,MG,Sudeste,81.94,65.17,67.59,1,0.0,0.0,0.0,0.0,0
3142403,MG,Sudeste,81.94,81.44,80.0,1,0.0,0.0,0.0,0.0,0
3156106,MG,Sudeste,81.94,64.3,66.87,1,0.0,0.0,0.0,0.0,0
2609006,PE,Nordeste,81.95,72.61,73.76,1,0.0,0.0,0.0,0.0,0
3156304,MG,Sudeste,81.95,44.73,50.42,1,0.0,0.0,0.0,0.0,0
4202131,SC,Sul,81.95,86.2,80.0,1,0.0,1.0,0.0,1.0,0
4126306,PR,Sul,81.96,80.66,80.0,1,0.0,0.0,0.0,0.0,0
3105608,MG,Sudeste,81.97,59.28,62.71,1,0.0,0.0,0.0,0.0,0
5200159,GO,Centro-Oeste,81.99,80.95,80.0,1,0.0,0.0,0.0,0.0,0
3154408,MG,Sudeste,82.0,55.59,59.64,1,0.0,0.0,0.0,0.0,0
3137502,MG,Sudeste,82.01,60.53,63.75,1,0.0,0.0,0.0,0.0,0
2106300,MA,Nordeste,82.04,51.59,56.28,1,0.0,0.0,0.0,0.0,0
5106109,MT,Centro-Oeste,82.05,68.54,70.38,1,0.0,0.0,0.0,0.0,0
4107504,PR,Sul,82.06,87.33,80.0,1,0.0,1.0,0.0,1.0,0
2206951,PI,Nordeste,82.08,48.49,53.65,1,0.0,0.0,0.0,0.0,0
3165107,MG,Sudeste,82.09,68.13,70.04,1,0.0,0.0,0.0,0.0,0
3138005,MG,Sudeste,82.11,40.25,46.49,1,0.0,0.0,0.0,0.0,0
3154200,MG,Sudeste,82.11,57.85,61.52,1,0.0,0.0,0.0,0.0,0
2705903,AL,Nordeste,82.14,88.26,80.0,1,0.0,1.0,0.0,1.0,0
3167004,MG,Sudeste,82.14,38.46,44.9,1,0.0,0.0,0.0,0.0,0
3544400,SP,Sudeste,82.14,53.41,57.81,1,0.0,0.0,0.0,0.0,0
3162922,MG,Sudeste,82.15,48.19,53.39,1,0.0,0.0,0.0,0.0,0
3201803,ES,Sudeste,82.15,46.09,51.59,1,0.0,0.0,0.0,0.0,0
3202900,ES,Sudeste,82.15,78.04,78.33,1,0.0,0.0,0.0,0.0,0
2313807,CE,Nordeste,82.16,81.36,80.0,1,0.0,0.0,0.0,0.0,0
3204609,ES,Sudeste,82.16,84.05,80.0,1,0.0,0.0,0.0,1.0,0
4115457,PR,Sul,82.18,73.99,74.92,1,0.0,0.0,0.0,0.0,0
4211801,SC,Sul,82.18,72.58,73.74,1,0.0,0.0,0.0,0.0,0
3118304,MG,Sudeste,82.19,64.98,67.43,1,0.0,0.0,0.0,0.0,0
3205069,ES,Sudeste,82.2,83.02,80.0,1,0.0,0.0,0.0,1.0,0
5206305,GO,Centro-Oeste,82.2,88.62,80.0,1,0.0,1.0,0.0,1.0,0
2203420,PI,Nordeste,82.22,91.43,80.0,1,0.0,1.0,0.0,1.0,0
1301951,AM,Norte,82.23,70.62,72.11,1,0.0,0.0,0.0,0.0,0
3145851,MG,Sudeste,82.24,73.86,74.81,1,0.0,0.0,0.0,0.0,0
3203700,ES,Sudeste,82.24,88.17,80.0,1,0.0,1.0,0.0,1.0,0
2606507,PE,Nordeste,82.26,66.34,68.56,1,0.0,0.0,0.0,0.0,0
4216701,SC,Sul,82.26,76.38,76.92,1,0.0,0.0,0.0,0.0,0
2313757,CE,Nordeste,82.27,67.93,69.88,1,0.0,0.0,0.0,0.0,0
2300754,CE,Nordeste,82.28,83.0,80.0,1,0.0,0.0,0.0,1.0,0
4110508,PR,Sul,82.28,88.2,80.0,1,0.0,1.0,0.0,1.0,0
5208608,GO,Centro-Oeste,82.28,79.79,79.82,1,0.0,0.0,0.0,0.0,0
5220405,GO,Centro-Oeste,82.29,72.78,73.9,1,0.0,0.0,0.0,0.0,0
3127503,MG,Sudeste,82.31,66.42,68.63,1,0.0,0.0,0.0,0.0,0
2509503,PB,Nordeste,82.33,65.88,68.18,1,0.0,0.0,0.0,0.0,0
3117504,MG,Sudeste,82.33,58.74,62.26,1,0.0,0.0,0.0,0.0,0
3146404,MG,Sudeste,82.34,78.95,79.1,1,0.0,0.0,0.0,0.0,0
3143807,MG,Sudeste,82.36,77.93,78.23,1,0.0,0.0,0.0,0.0,0
3202454,ES,Sudeste,82.36,80.52,80.0,1,0.0,0.0,0.0,0.0,0
2308401,CE,Nordeste,82.37,74.75,75.55,1,0.0,0.0,0.0,0.0,0
2205904,PI,Nordeste,82.38,100.0,80.0,1,0.0,1.0,0.0,1.0,0
3204104,ES,Sudeste,82.38,77.29,77.69,1,0.0,0.0,0.0,0.0,0
3523701,SP,Sudeste,82.38,73.92,74.86,1,0.0,0.0,0.0,0.0,0
3165537,MG,Sudeste,82.39,80.06,80.0,1,0.0,0.0,0.0,0.0,0
2200301,PI,Nordeste,82.41,90.92,80.0,1,0.0,1.0,0.0,1.0,0
3118700,MG,Sudeste,82.47,71.3,72.67,1,0.0,0.0,0.0,0.0,0
2208304,PI,Nordeste,82.48,75.64,76.3,1,0.0,0.0,0.0,0.0,0
2615904,PE,Nordeste,82.52,77.11,77.54,1,0.0,0.0,0.0,0.0,0
4121604,PR,Sul,82.55,70.83,72.28,1,0.0,0.0,0.0,0.0,0
3109105,MG,Sudeste,82.56,63.01,65.8,1,0.0,0.0,0.0,0.0,0
4107207,PR,Sul,82.56,83.75,80.0,1,0.0,0.0,0.0,1.0,0
2303501,CE,Nordeste,82.6,87.56,80.0,1,0.0,1.0,0.0,1.0,0
1706258,TO,Norte,82.61,29.03,36.17,1,0.0,0.0,0.0,0.0,0
2303204,CE,Nordeste,82.61,90.05,80.0,1,0.0,1.0,0.0,1.0,0
3143153,MG,Sudeste,82.61,49.86,54.82,1,0.0,0.0,0.0,0.0,0
2202604,PI,Nordeste,82.63,75.09,75.84,1,0.0,0.0,0.0,0.0,0
3104106,MG,Sudeste,82.63,86.77,80.0,1,0.0,1.0,0.0,1.0,0
4123808,PR,Sul,82.63,82.42,80.0,1,0.0,0.0,0.0,0.0,0
5101852,MT,Centro-Oeste,82.63,31.32,38.34,1,0.0,0.0,0.0,0.0,0
5205901,GO,Centro-Oeste,82.63,71.44,72.79,1,0.0,0.0,0.0,0.0,0
4111407,PR,Sul,82.65,84.6,80.0,1,0.0,0.0,0.0,1.0,0
4126355,PR,Sul,82.66,100.0,80.0,1,0.0,1.0,0.0,1.0,0
3163102,MG,Sudeste,82.68,55.14,59.26,1,0.0,0.0,0.0,0.0,0
3136900,MG,Sudeste,82.69,78.5,78.72,1,0.0,0.0,0.0,0.0,0
3201407,ES,Sudeste,82.7,72.21,73.43,1,0.0,0.0,0.0,0.0,0
3521903,SP,Sudeste,82.74,85.09,80.0,1,0.0,0.0,0.0,1.0,0
5209952,GO,Centro-Oeste,82.75,67.15,69.23,1,0.0,0.0,0.0,0.0,0
2201739,PI,Nordeste,82.76,42.53,48.5,1,0.0,0.0,0.0,0.0,0
2508406,PB,Nordeste,82.76,20.77,27.9,1,0.0,0.0,0.0,0.0,0
3515400,SP,Sudeste,82.78,62.71,65.56,1,0.0,0.0,0.0,0.0,0
2302701,CE,Nordeste,82.79,84.18,80.0,1,0.0,0.0,0.0,1.0,0
4315206,RS,Sul,82.8,87.73,80.0,1,0.0,1.0,0.0,1.0,0
5204953,GO,Centro-Oeste,82.8,63.71,66.38,1,0.0,0.0,0.0,0.0,0
5215900,GO,Centro-Oeste,82.81,89.15,80.0,1,0.0,1.0,0.0,1.0,0
5210802,GO,Centro-Oeste,82.86,81.81,80.0,1,0.0,0.0,0.0,0.0,0
4126603,PR,Sul,82.88,85.7,80.0,1,0.0,0.0,0.0,1.0,0
3129004,MG,Sudeste,82.89,44.72,50.41,1,0.0,0.0,0.0,0.0,0
3535903,SP,Sudeste,82.89,32.42,39.38,1,0.0,0.0,0.0,0.0,0
3130408,MG,Sudeste,82.9,72.8,73.92,1,0.0,0.0,0.0,0.0,0
4120606,PR,Sul,82.91,82.7,80.0,1,0.0,0.0,0.0,0.0,0
5219738,GO,Centro-Oeste,82.91,91.99,80.0,1,0.0,1.0,0.0,1.0,0
2616183,PE,Nordeste,82.94,83.71,80.0,1,0.0,0.0,0.0,1.0,0
2607752,PE,Nordeste,82.95,77.69,78.03,1,0.0,0.0,0.0,0.0,0
3161700,MG,Sudeste,82.95,86.36,80.0,1,0.0,1.0,0.0,1.0,0
3116605,MG,Sudeste,82.99,61.05,64.18,1,0.0,0.0,0.0,0.0,0
5008305,MS,Centro-Oeste,82.99,69.86,71.48,1,0.0,0.0,0.0,0.0,0
4126207,PR,Sul,83.01,73.32,74.36,1,0.0,0.0,0.0,0.0,0
2703304,AL,Nordeste,83.03,65.05,67.49,1,0.0,0.0,0.0,0.0,0
5210208,GO,Centro-Oeste,83.04,78.36,78.6,1,0.0,0.0,0.0,0.0,0
3204351,ES,Sudeste,83.06,74.62,75.44,1,0.0,0.0,0.0,0.0,0
5206909,GO,Centro-Oeste,83.12,87.08,80.0,1,0.0,1.0,0.0,1.0,0
4121752,PR,Sul,83.13,77.91,78.22,1,0.0,0.0,0.0,0.0,0
4119657,PR,Sul,83.19,94.13,80.0,1,0.0,1.0,0.0,1.0,0
3105905,MG,Sudeste,83.24,73.7,74.67,1,0.0,0.0,0.0,0.0,0
3203908,ES,Sudeste,83.24,83.51,80.0,1,0.0,0.0,0.0,0.0,0
5211305,GO,Centro-Oeste,83.26,76.72,77.21,1,0.0,0.0,0.0,0.0,0
2605400,PE,Nordeste,83.27,85.66,80.0,1,0.0,0.0,0.0,1.0,0
4107124,PR,Sul,83.28,69.4,71.09,1,0.0,0.0,0.0,0.0,0
4116059,PR,Sul,83.28,88.67,80.0,1,0.0,1.0,0.0,1.0,0
3112901,MG,Sudeste,83.3,59.39,62.8,1,0.0,0.0,0.0,0.0,0
4313359,RS,Sul,83.3,82.57,80.0,1,0.0,0.0,0.0,0.0,0
3102407,MG,Sudeste,83.33,41.82,47.88,1,0.0,0.0,0.0,0.0,0
3106655,MG,Sudeste,83.33,68.3,70.18,1,0.0,0.0,0.0,0.0,0
3113107,MG,Sudeste,83.33,70.0,71.59,1,0.0,0.0,0.0,0.0,0
3125507,MG,Sudeste,83.33,80.13,80.0,1,0.0,0.0,0.0,0.0,0
3130002,MG,Sudeste,83.33,60.59,63.8,1,0.0,0.0,0.0,0.0,0
3132800,MG,Sudeste,83.33,77.78,78.11,1,0.0,0.0,0.0,0.0,0
3145703,MG,Sudeste,83.33,71.43,72.78,1,0.0,0.0,0.0,0.0,0
3533106,SP,Sudeste,83.33,66.67,68.83,1,0.0,0.0,0.0,0.0,0
5212907,GO,Centro-Oeste,83.33,92.15,80.0,1,0.0,1.0,0.0,1.0,0
5219407,GO,Centro-Oeste,83.33,78.75,78.93,1,0.0,0.0,0.0,0.0,0
4119103,PR,Sul,83.34,85.9,80.0,1,0.0,0.0,0.0,1.0,0
5207253,GO,Centro-Oeste,83.34,78.21,78.47,1,0.0,0.0,0.0,0.0,0
2110906,MA,Nordeste,83.35,51.3,56.04,1,0.0,0.0,0.0,0.0,0
1100296,RO,Norte,83.36,76.11,76.7,1,0.0,0.0,0.0,0.0,0
2605152,PE,Nordeste,83.37,64.93,67.39,1,0.0,0.0,0.0,0.0,0
3517307,SP,Sudeste,83.39,82.7,80.0,1,0.0,0.0,0.0,0.0,0
3149804,MG,Sudeste,83.41,67.9,69.85,1,0.0,0.0,0.0,0.0,0
3117900,MG,Sudeste,83.44,73.46,74.47,1,0.0,0.0,0.0,0.0,0
3131802,MG,Sudeste,83.44,64.78,67.27,1,0.0,0.0,0.0,0.0,0
3170578,MG,Sudeste,83.44,82.74,80.0,1,0.0,0.0,0.0,0.0,0
3537404,SP,Sudeste,83.47,66.13,68.39,1,0.0,0.0,0.0,0.0,0
4113429,PR,Sul,83.47,92.58,80.0,1,0.0,1.0,0.0,1.0,0
3200201,ES,Sudeste,83.48,66.87,69.0,1,0.0,0.0,0.0,0.0,0
3200359,ES,Sudeste,83.48,64.65,67.16,1,0.0,0.0,0.0,0.0,0
3116704,MG,Sudeste,83.5,76.92,77.38,1,0.0,0.0,0.0,0.0,0
3504800,SP,Sudeste,83.51,81.58,80.0,1,0.0,0.0,0.0,0.0,0
5209606,GO,Centro-Oeste,83.54,53.58,57.96,1,0.0,0.0,0.0,0.0,0
5103452,MT,Centro-Oeste,83.58,58.18,61.8,1,0.0,0.0,0.0,0.0,0
4103800,PR,Sul,83.63,86.17,80.0,1,0.0,0.0,0.0,1.0,0
5202353,GO,Centro-Oeste,83.64,91.53,80.0,1,0.0,1.0,0.0,1.0,0
2606903,PE,Nordeste,83.67,72.59,73.75,1,0.0,0.0,0.0,0.0,0
2511103,PB,Nordeste,83.68,75.61,76.28,1,0.0,0.0,0.0,0.0,0
3539608,SP,Sudeste,83.68,74.51,75.35,1,0.0,0.0,0.0,0.0,0
3140530,MG,Sudeste,83.69,76.55,77.07,1,0.0,0.0,0.0,0.0,0
4206405,SC,Sul,83.69,83.28,80.0,1,0.0,0.0,0.0,0.0,0
4127809,PR,Sul,83.7,91.65,80.0,1,0.0,1.0,0.0,1.0,0
3108008,MG,Sudeste,83.73,67.28,69.34,1,0.0,0.0,0.0,0.0,0
4123907,PR,Sul,83.73,73.65,74.63,1,0.0,0.0,0.0,0.0,0
2707503,AL,Nordeste,83.74,67.71,69.69,1,0.0,0.0,0.0,0.0,0
4219200,SC,Sul,83.76,73.28,74.32,1,0.0,0.0,0.0,0.0,0
5103957,MT,Centro-Oeste,83.78,90.57,80.0,1,0.0,1.0,0.0,1.0,0
5213004,GO,Centro-Oeste,83.79,78.46,78.69,1,0.0,0.0,0.0,0.0,0
2303402,CE,Nordeste,83.8,87.03,80.0,1,0.0,0.0,0.0,1.0,0
3150406,MG,Sudeste,83.86,71.95,73.21,1,0.0,0.0,0.0,0.0,0
3169356,MG,Sudeste,83.86,68.34,70.22,1,0.0,0.0,0.0,0.0,0
4212239,SC,Sul,83.86,85.76,80.0,1,0.0,0.0,0.0,1.0,0
5107156,MT,Centro-Oeste,83.86,76.26,76.82,1,0.0,0.0,0.0,0.0,0
3154150,MG,Sudeste,83.87,39.44,45.77,1,0.0,0.0,0.0,0.0,0
3535200,SP,Sudeste,83.91,67.6,69.6,1,0.0,0.0,0.0,0.0,0
2202703,PI,Nordeste,83.93,73.16,74.22,1,0.0,0.0,0.0,0.0,0
2513000,PB,Nordeste,83.93,72.73,73.86,1,0.0,0.0,0.0,0.0,0
5206701,GO,Centro-Oeste,83.93,70.55,72.05,1,0.0,0.0,0.0,0.0,0
5214408,GO,Centro-Oeste,83.94,79.0,79.15,1,0.0,0.0,0.0,0.0,0
5211800,GO,Centro-Oeste,83.96,82.9,80.0,1,0.0,0.0,0.0,0.0,0
2301000,CE,Nordeste,83.99,87.89,80.0,1,0.0,0.0,0.0,1.0,0
4213104,SC,Sul,83.99,81.43,80.0,1,0.0,0.0,0.0,0.0,0
5213103,GO,Centro-Oeste,84.01,80.26,80.0,1,0.0,0.0,0.0,0.0,0
5221304,GO,Centro-Oeste,84.05,79.46,79.54,1,0.0,0.0,0.0,0.0,0
1300201,AM,Norte,84.07,54.2,58.48,1,0.0,0.0,0.0,0.0,0
3203601,ES,Sudeste,84.09,83.71,80.0,1,0.0,0.0,0.0,0.0,0
3506201,SP,Sudeste,84.11,100.0,80.0,1,0.0,1.0,0.0,1.0,0
3512704,SP,Sudeste,84.16,43.63,49.46,1,0.0,0.0,0.0,0.0,0
2306009,CE,Nordeste,84.18,98.61,80.0,1,0.0,1.0,0.0,1.0,0
5216007,GO,Centro-Oeste,84.18,75.33,76.04,1,0.0,0.0,0.0,0.0,0
3201704,ES,Sudeste,84.19,77.46,77.84,1,0.0,0.0,0.0,0.0,0
2204006,PI,Nordeste,84.21,77.97,78.27,1,0.0,0.0,0.0,0.0,0
2507101,PB,Nordeste,84.21,71.75,73.05,1,0.0,0.0,0.0,0.0,0
4217154,SC,Sul,84.21,87.5,80.0,1,0.0,0.0,0.0,1.0,0
5214804,GO,Centro-Oeste,84.21,14.29,20.79,1,0.0,0.0,0.0,0.0,0
5222054,GO,Centro-Oeste,84.21,78.24,78.5,1,0.0,0.0,0.0,0.0,0
3133105,MG,Sudeste,84.24,89.82,80.0,1,0.0,1.0,0.0,1.0,0
3161007,MG,Sudeste,84.25,69.05,70.8,1,0.0,0.0,0.0,0.0,0
4103958,PR,Sul,84.25,85.54,80.0,1,0.0,0.0,0.0,1.0,0
3162203,MG,Sudeste,84.26,82.43,80.0,1,0.0,0.0,0.0,0.0,0
2104099,MA,Nordeste,84.29,85.6,80.0,1,0.0,0.0,0.0,1.0,0
1505601,PA,Norte,84.31,53.76,58.11,1,0.0,0.0,0.0,0.0,0
2205151,PI,Nordeste,84.31,88.51,80.0,1,0.0,0.0,0.0,1.0,0
2313104,CE,Nordeste,84.32,88.99,80.0,1,0.0,1.0,0.0,1.0,0
3542305,SP,Sudeste,84.33,83.33,80.0,1,0.0,0.0,0.0,0.0,0
5107875,MT,Centro-Oeste,84.38,69.76,71.39,1,0.0,0.0,0.0,0.0,0
2705507,AL,Nordeste,84.41,53.15,57.6,1,0.0,0.0,0.0,0.0,0
2103125,MA,Nordeste,84.42,100.0,80.0,1,0.0,1.0,0.0,1.0,0
4207601,SC,Sul,84.43,83.23,80.0,1,0.0,0.0,0.0,0.0,0
3133501,MG,Sudeste,84.46,72.37,73.56,1,0.0,0.0,0.0,0.0,0
4106803,PR,Sul,84.49,80.66,80.0,1,0.0,0.0,0.0,0.0,0
5104203,MT,Centro-Oeste,84.49,86.43,80.0,1,0.0,0.0,0.0,1.0,0
2111607,MA,Nordeste,84.5,71.02,72.44,1,0.0,0.0,0.0,0.0,0
5205307,GO,Centro-Oeste,84.5,60.19,63.47,1,0.0,0.0,0.0,0.0,0
3135001,MG,Sudeste,84.51,62.35,65.26,1,0.0,0.0,0.0,0.0,0
3143104,MG,Sudeste,84.51,63.64,66.33,1,0.0,0.0,0.0,0.0,0
4118709,PR,Sul,84.51,90.71,80.0,1,0.0,1.0,0.0,1.0,0
4121901,PR,Sul,84.51,86.67,80.0,1,0.0,0.0,0.0,1.0,0
3542503,SP,Sudeste,84.53,96.74,80.0,1,0.0,1.0,0.0,1.0,0
2308104,CE,Nordeste,84.55,84.73,80.0,1,0.0,0.0,0.0,0.0,0
4105300,PR,Sul,84.56,81.6,80.0,1,0.0,0.0,0.0,0.0,0
2605103,PE,Nordeste,84.57,82.05,80.0,1,0.0,0.0,0.0,0.0,0
3140407,MG,Sudeste,84.57,76.82,77.3,1,0.0,0.0,0.0,0.0,0
4125209,PR,Sul,84.59,88.28,80.0,1,0.0,0.0,0.0,1.0,0
4305405,RS,Sul,84.6,78.57,78.78,1,0.0,0.0,0.0,0.0,0
3539707,SP,Sudeste,84.61,71.43,72.78,1,0.0,0.0,0.0,0.0,0
4209854,SC,Sul,84.61,87.38,80.0,1,0.0,0.0,0.0,1.0,0
2206308,PI,Nordeste,84.62,47.32,52.65,1,0.0,0.0,0.0,0.0,0
3122470,MG,Sudeste,84.62,55.56,59.62,1,0.0,0.0,0.0,0.0,0
3165560,MG,Sudeste,84.62,76.47,77.0,1,0.0,0.0,0.0,0.0,0
3513850,SP,Sudeste,84.62,46.67,52.09,1,0.0,0.0,0.0,0.0,0
5204854,GO,Centro-Oeste,84.62,86.91,80.0,1,0.0,0.0,0.0,1.0,0
4110953,PR,Sul,84.64,86.91,80.0,1,0.0,0.0,0.0,1.0,0
3116407,MG,Sudeste,84.7,74.97,75.74,1,0.0,0.0,0.0,0.0,0
3511201,SP,Sudeste,84.7,54.28,58.54,1,0.0,0.0,0.0,0.0,0
3544202,SP,Sudeste,84.72,85.73,80.0,1,0.0,0.0,0.0,1.0,0
3204658,ES,Sudeste,84.74,88.07,80.0,1,0.0,0.0,0.0,1.0,0
2309458,CE,Nordeste,84.77,89.45,80.0,1,0.0,0.0,0.0,1.0,0
5221908,GO,Centro-Oeste,84.78,97.74,80.0,1,0.0,1.0,0.0,1.0,0
3130903,MG,Sudeste,84.81,68.56,70.4,1,0.0,0.0,0.0,0.0,0
3146008,MG,Sudeste,84.81,63.84,66.49,1,0.0,0.0,0.0,0.0,0
4127965,PR,Sul,84.81,82.63,80.0,1,0.0,0.0,0.0,0.0,0
5204409,GO,Centro-Oeste,84.82,76.59,77.1,1,0.0,0.0,0.0,0.0,0
2604155,PE,Nordeste,84.85,79.46,79.54,1,0.0,0.0,0.0,0.0,0
3122801,MG,Sudeste,84.85,94.28,80.0,1,0.0,1.0,0.0,1.0,0
3141603,MG,Sudeste,84.85,98.41,80.0,1,0.0,1.0,0.0,1.0,0
3166303,MG,Sudeste,84.85,68.55,70.39,1,0.0,0.0,0.0,0.0,0
3104452,MG,Sudeste,84.87,56.47,60.38,1,0.0,0.0,0.0,0.0,0
4117271,PR,Sul,84.88,89.19,80.0,1,0.0,0.0,0.0,1.0,0
3135506,MG,Sudeste,84.89,57.46,61.2,1,0.0,0.0,0.0,0.0,0
4320263,RS,Sul,84.9,75.0,75.76,1,0.0,0.0,0.0,0.0,0
2307650,CE,Nordeste,84.92,82.4,80.0,1,0.0,0.0,0.0,0.0,0
3201001,ES,Sudeste,84.92,76.69,77.19,1,0.0,0.0,0.0,0.0,0
3154002,MG,Sudeste,84.96,67.06,69.16,1,0.0,0.0,0.0,0.0,0
2106201,MA,Nordeste,84.97,76.93,77.39,1,0.0,0.0,0.0,0.0,0
3102852,MG,Sudeste,84.97,59.72,63.08,1,0.0,0.0,0.0,0.0,0
4114906,PR,Sul,84.99,72.1,73.34,1,0.0,0.0,0.0,0.0,0
2203107,PI,Nordeste,85.0,50.63,55.47,1,0.0,0.0,0.0,0.0,0
3109253,MG,Sudeste,85.0,100.0,80.0,1,0.0,1.0,0.0,1.0,0
3124005,MG,Sudeste,85.0,54.48,58.71,1,0.0,0.0,0.0,0.0,0
3138682,MG,Sudeste,85.0,50.0,54.93,1,0.0,0.0,0.0,0.0,0
3151008,MG,Sudeste,85.01,69.35,71.05,1,0.0,0.0,0.0,0.0,0
3106606,MG,Sudeste,85.02,59.47,62.87,1,0.0,0.0,0.0,0.0,0
3110707,MG,Sudeste,85.08,69.29,71.0,1,0.0,0.0,0.0,0.0,0
4115408,PR,Sul,85.08,78.32,78.57,1,0.0,0.0,0.0,0.0,0
5203962,GO,Centro-Oeste,85.08,49.29,54.33,1,0.0,0.0,0.0,0.0,0
3128907,MG,Sudeste,85.1,60.59,63.8,1,0.0,0.0,0.0,0.0,0
3171600,MG,Sudeste,85.1,50.12,55.04,1,0.0,0.0,0.0,0.0,0
4315354,RS,Sul,85.1,68.89,70.67,1,0.0,0.0,0.0,0.0,0
5211206,GO,Centro-Oeste,85.1,81.61,80.0,1,0.0,0.0,0.0,0.0,0
2306256,CE,Nordeste,85.11,85.82,80.0,1,0.0,0.0,0.0,0.0,0
4103354,PR,Sul,85.11,84.89,80.0,1,0.0,0.0,0.0,0.0,0
3165503,MG,Sudeste,85.12,45.8,51.34,1,0.0,0.0,0.0,0.0,0
4112801,PR,Sul,85.12,85.53,80.0,1,0.0,0.0,0.0,0.0,0
3134806,MG,Sudeste,85.13,70.85,72.3,1,0.0,0.0,0.0,0.0,0
4108205,PR,Sul,85.18,88.15,80.0,1,0.0,0.0,0.0,1.0,0
4200754,SC,Sul,85.18,87.39,80.0,1,0.0,0.0,0.0,1.0,0
4107801,PR,Sul,85.2,77.34,77.73,1,0.0,0.0,0.0,0.0,0
4107405,PR,Sul,85.24,83.61,80.0,1,0.0,0.0,0.0,0.0,0
5106174,MT,Centro-Oeste,85.25,45.8,51.34,1,0.0,0.0,0.0,0.0,0
2208908,PI,Nordeste,85.26,88.78,80.0,1,0.0,0.0,0.0,1.0,0
4106308,PR,Sul,85.26,74.62,75.44,1,0.0,0.0,0.0,0.0,0
5210901,GO,Centro-Oeste,85.28,78.84,79.01,1,0.0,0.0,0.0,0.0,0
3155603,MG,Sudeste,85.31,73.36,74.39,1,0.0,0.0,0.0,0.0,0
3514924,SP,Sudeste,85.34,72.37,73.56,1,0.0,0.0,0.0,0.0,0
3144508,MG,Sudeste,85.36,87.42,80.0,1,0.0,0.0,0.0,1.0,0
2209500,PI,Nordeste,85.37,73.42,74.44,1,0.0,0.0,0.0,0.0,0
3163706,MG,Sudeste,85.37,64.13,66.73,1,0.0,0.0,0.0,0.0,0
2608602,PE,Nordeste,85.39,72.63,73.78,1,0.0,0.0,0.0,0.0,0
5216809,GO,Centro-Oeste,85.41,59.28,62.71,1,0.0,0.0,0.0,0.0,0
3123205,MG,Sudeste,85.44,65.78,68.1,1,0.0,0.0,0.0,0.0,0
3516507,SP,Sudeste,85.45,85.16,80.0,1,0.0,0.0,0.0,0.0,0
5007976,MS,Centro-Oeste,85.45,78.85,79.02,1,0.0,0.0,0.0,0.0,0
4126272,PR,Sul,85.49,92.53,80.0,1,0.0,1.0,0.0,1.0,0
3149101,MG,Sudeste,85.5,50.09,55.01,1,0.0,0.0,0.0,0.0,0
3148806,MG,Sudeste,85.51,85.38,80.0,1,0.0,0.0,0.0,0.0,0
2602704,PE,Nordeste,85.53,62.99,65.79,1,0.0,0.0,0.0,0.0,0
3102001,MG,Sudeste,85.54,61.55,64.6,1,0.0,0.0,0.0,0.0,0
4104402,PR,Sul,85.54,83.34,80.0,1,0.0,0.0,0.0,0.0,0
4107850,PR,Sul,85.55,85.72,80.0,1,0.0,0.0,0.0,0.0,0
3111200,MG,Sudeste,85.57,69.49,71.17,1,0.0,0.0,0.0,0.0,0
3136108,MG,Sudeste,85.58,95.06,80.0,1,0.0,1.0,0.0,1.0,0
2308377,CE,Nordeste,85.6,86.66,80.0,1,0.0,0.0,0.0,1.0,0
3133204,MG,Sudeste,85.64,41.07,47.22,1,0.0,0.0,0.0,0.0,0
4125803,PR,Sul,85.66,83.61,80.0,1,0.0,0.0,0.0,0.0,0
4121802,PR,Sul,85.68,74.58,75.41,1,0.0,0.0,0.0,0.0,0
4305504,RS,Sul,85.7,86.67,80.0,1,0.0,0.0,0.0,1.0,0
4308854,RS,Sul,85.7,94.44,80.0,1,0.0,1.0,0.0,1.0,0
4315552,RS,Sul,85.7,88.89,80.0,1,0.0,0.0,0.0,1.0,0
4323606,RS,Sul,85.7,95.03,80.0,1,0.0,1.0,0.0,1.0,0
2207108,PI,Nordeste,85.71,62.5,65.38,1,0.0,0.0,0.0,0.0,0
2515807,PB,Nordeste,85.71,14.55,21.09,1,0.0,0.0,0.0,0.0,0
3101201,MG,Sudeste,85.71,55.3,59.4,1,0.0,0.0,0.0,0.0,0
3122108,MG,Sudeste,85.71,41.39,47.5,1,0.0,0.0,0.0,0.0,0
3151404,MG,Sudeste,85.71,92.14,80.0,1,0.0,1.0,0.0,1.0,0
4110656,PR,Sul,85.71,92.86,80.0,1,0.0,1.0,0.0,1.0,0
4123824,PR,Sul,85.71,79.5,79.57,1,0.0,0.0,0.0,0.0,0
3126000,MG,Sudeste,85.73,57.15,60.94,1,0.0,0.0,0.0,0.0,0
3119104,MG,Sudeste,85.75,40.03,46.3,1,0.0,0.0,0.0,0.0,0
2110039,MA,Nordeste,85.76,93.66,80.0,1,0.0,1.0,0.0,1.0,0
5220157,GO,Centro-Oeste,85.76,75.36,76.07,1,0.0,0.0,0.0,0.0,0
2312403,CE,Nordeste,85.78,81.99,80.0,1,0.0,0.0,0.0,0.0,0
5205000,GO,Centro-Oeste,85.78,78.85,79.02,1,0.0,0.0,0.0,0.0,0
5219209,GO,Centro-Oeste,85.78,72.59,73.75,1,0.0,0.0,0.0,0.0,0
3500204,SP,Sudeste,85.8,63.55,66.25,1,0.0,0.0,0.0,0.0,0
3115003,MG,Sudeste,85.84,63.9,66.54,1,0.0,0.0,0.0,0.0,0
3204005,ES,Sudeste,85.86,83.04,80.0,1,0.0,0.0,0.0,0.0,0
2205102,PI,Nordeste,85.9,25.15,32.37,1,0.0,0.0,0.0,0.0,0
3108107,MG,Sudeste,85.95,69.27,70.99,1,0.0,0.0,0.0,0.0,0
3556107,SP,Sudeste,85.95,67.1,69.19,1,0.0,0.0,0.0,0.0,0
3515608,SP,Sudeste,85.99,97.93,80.0,1,0.0,1.0,0.0,1.0,0
4121307,PR,Sul,86.02,77.01,77.46,1,0.0,0.0,0.0,0.0,0
2210706,PI,Nordeste,86.03,68.51,70.36,1,0.0,0.0,0.0,0.0,0
2603405,PE,Nordeste,86.03,74.41,75.27,1,0.0,0.0,0.0,0.0,0
5217708,GO,Centro-Oeste,86.03,73.38,74.41,1,0.0,0.0,0.0,0.0,0
3127800,MG,Sudeste,86.04,71.57,72.9,1,0.0,0.0,0.0,0.0,0
3120201,MG,Sudeste,86.07,67.27,69.33,1,0.0,0.0,0.0,0.0,0
3129103,MG,Sudeste,86.09,76.93,77.39,1,0.0,0.0,0.0,0.0,0
2313401,CE,Nordeste,86.1,84.36,80.0,1,0.0,0.0,0.0,0.0,0
4101150,PR,Sul,86.15,90.09,80.0,1,0.0,0.0,0.0,1.0,0
3502606,SP,Sudeste,86.16,67.1,69.19,1,0.0,0.0,0.0,0.0,0
3147907,MG,Sudeste,86.17,65.45,67.82,1,0.0,0.0,0.0,0.0,0
2602407,PE,Nordeste,86.18,67.02,69.12,1,0.0,0.0,0.0,0.0,0
3130606,MG,Sudeste,86.18,81.42,80.0,1,0.0,0.0,0.0,0.0,0
3114303,MG,Sudeste,86.19,70.42,71.94,1,0.0,0.0,0.0,0.0,0
2103257,MA,Nordeste,86.24,66.44,68.64,1,0.0,0.0,0.0,0.0,0
3163201,MG,Sudeste,86.26,77.36,77.75,1,0.0,0.0,0.0,0.0,0
2513208,PB,Nordeste,86.28,52.79,57.29,1,0.0,0.0,0.0,0.0,0
2512309,PB,Nordeste,86.29,97.47,80.0,1,0.0,1.0,0.0,1.0,0
4120150,PR,Sul,86.29,100.0,80.0,1,0.0,1.0,0.0,1.0,0
3144409,MG,Sudeste,86.3,70.18,71.74,1,0.0,0.0,0.0,0.0,0
5203559,GO,Centro-Oeste,86.32,58.03,61.67,1,0.0,0.0,0.0,0.0,0
3168002,MG,Sudeste,86.34,69.28,70.99,1,0.0,0.0,0.0,0.0,0
2608701,PE,Nordeste,86.35,70.94,72.37,1,0.0,0.0,0.0,0.0,0
3167301,MG,Sudeste,86.36,91.67,80.0,1,0.0,0.0,0.0,1.0,0
5220280,GO,Centro-Oeste,86.36,89.17,80.0,1,0.0,0.0,0.0,1.0,0
3162658,MG,Sudeste,86.4,74.18,75.08,1,0.0,0.0,0.0,0.0,0
3166006,MG,Sudeste,86.42,79.29,79.39,1,0.0,0.0,0.0,0.0,0
5003900,MS,Centro-Oeste,86.46,58.57,62.12,1,0.0,0.0,0.0,0.0,0
4215604,SC,Sul,86.49,92.81,80.0,1,0.0,0.0,0.0,1.0,0
4106571,PR,Sul,86.52,81.66,80.0,1,0.0,0.0,0.0,0.0,0
5000856,MS,Centro-Oeste,86.52,92.96,80.0,1,0.0,0.0,0.0,1.0,0
2601300,PE,Nordeste,86.54,80.78,80.0,1,0.0,0.0,0.0,0.0,0
3145109,MG,Sudeste,86.57,69.3,71.01,1,0.0,0.0,0.0,0.0,0
3203346,ES,Sudeste,86.57,78.21,78.47,1,0.0,0.0,0.0,0.0,0
4211652,SC,Sul,86.57,91.6,80.0,1,0.0,0.0,0.0,1.0,0
3109501,MG,Sudeste,86.58,71.99,73.25,1,0.0,0.0,0.0,0.0,0
3509809,SP,Sudeste,86.59,32.08,39.06,1,0.0,0.0,0.0,0.0,0
4113734,PR,Sul,86.61,85.27,80.0,1,0.0,0.0,0.0,0.0,0
3110400,MG,Sudeste,86.64,91.3,80.0,1,0.0,0.0,0.0,1.0,0
2305803,CE,Nordeste,86.66,94.21,80.0,1,0.0,1.0,0.0,1.0,0
3100302,MG,Sudeste,86.67,85.71,80.0,1,0.0,0.0,0.0,0.0,0
3103108,MG,Sudeste,86.67,78.57,78.78,1,0.0,0.0,0.0,0.0,0
3158805,MG,Sudeste,86.67,76.26,76.82,1,0.0,0.0,0.0,0.0,0
5208103,GO,Centro-Oeste,86.67,70.81,72.26,1,0.0,0.0,0.0,0.0,0
4111605,PR,Sul,86.72,78.82,78.99,1,0.0,0.0,0.0,0.0,0
4204400,SC,Sul,86.74,74.28,75.16,1,0.0,0.0,0.0,0.0,0
2302107,CE,Nordeste,86.78,77.86,78.18,1,0.0,0.0,0.0,0.0,0
2202251,PI,Nordeste,86.82,50.7,55.53,1,0.0,0.0,0.0,0.0,0
3146503,MG,Sudeste,86.83,67.53,69.54,1,0.0,0.0,0.0,0.0,0
3517109,SP,Sudeste,86.84,70.64,72.12,1,0.0,0.0,0.0,0.0,0
5221551,GO,Centro-Oeste,86.88,68.16,70.07,1,0.0,0.0,0.0,0.0,0
3126109,MG,Sudeste,86.89,66.93,69.05,1,0.0,0.0,0.0,0.0,0
4111100,PR,Sul,86.9,89.72,80.0,1,0.0,0.0,0.0,1.0,0
4322905,RS,Sul,86.9,86.68,80.0,1,0.0,0.0,0.0,0.0,0
2104909,MA,Nordeste,86.95,89.07,80.0,1,0.0,0.0,0.0,1.0,0
2209955,PI,Nordeste,86.96,53.64,58.01,1,0.0,0.0,0.0,0.0,0
3103306,MG,Sudeste,86.96,80.0,80.0,1,0.0,0.0,0.0,0.0,0
3125200,MG,Sudeste,86.96,71.98,73.24,1,0.0,0.0,0.0,0.0,0
3547007,SP,Sudeste,86.98,50.35,55.23,1,0.0,0.0,0.0,0.0,0
5209937,GO,Centro-Oeste,87.01,76.2,76.77,1,0.0,0.0,0.0,0.0,0
3139003,MG,Sudeste,87.02,59.94,63.26,1,0.0,0.0,0.0,0.0,0
2611533,PE,Nordeste,87.04,80.26,80.0,1,0.0,0.0,0.0,0.0,0
2612471,PE,Nordeste,87.09,75.38,76.08,1,0.0,0.0,0.0,0.0,0
5201454,GO,Centro-Oeste,87.09,59.59,62.97,1,0.0,0.0,0.0,0.0,0
3122207,MG,Sudeste,87.1,67.53,69.54,1,0.0,0.0,0.0,0.0,0
3151305,MG,Sudeste,87.11,74.74,75.54,1,0.0,0.0,0.0,0.0,0
3535705,SP,Sudeste,87.14,76.84,77.31,1,0.0,0.0,0.0,0.0,0
4124806,PR,Sul,87.16,87.03,80.0,1,0.0,0.0,0.0,0.0,0
3102050,MG,Sudeste,87.17,93.75,80.0,1,0.0,0.0,0.0,1.0,0
3163607,MG,Sudeste,87.17,47.74,53.01,1,0.0,0.0,0.0,0.0,0
5205208,GO,Centro-Oeste,87.17,68.4,70.26,1,0.0,0.0,0.0,0.0,0
3159506,MG,Sudeste,87.19,83.38,80.0,1,0.0,0.0,0.0,0.0,0
3107604,MG,Sudeste,87.21,51.25,55.99,1,0.0,0.0,0.0,0.0,0
3138807,MG,Sudeste,87.21,54.44,58.68,1,0.0,0.0,0.0,0.0,0
3503703,SP,Sudeste,87.22,63.77,66.43,1,0.0,0.0,0.0,0.0,0
3137403,MG,Sudeste,87.23,63.91,66.55,1,0.0,0.0,0.0,0.0,0
4120002,PR,Sul,87.25,74.34,75.21,1,0.0,0.0,0.0,0.0,0
3158706,MG,Sudeste,87.26,47.32,52.65,1,0.0,0.0,0.0,0.0,0
2203453,PI,Nordeste,87.27,97.37,80.0,1,0.0,1.0,0.0,1.0,0
3130804,MG,Sudeste,87.27,52.26,56.85,1,0.0,0.0,0.0,0.0,0
3162708,MG,Sudeste,87.33,70.47,71.98,1,0.0,0.0,0.0,0.0,0
2302909,CE,Nordeste,87.35,77.64,77.99,1,0.0,0.0,0.0,0.0,0
3200904,ES,Sudeste,87.39,78.43,78.66,1,0.0,0.0,0.0,0.0,0
5200175,GO,Centro-Oeste,87.44,55.81,59.82,1,0.0,0.0,0.0,0.0,0
3158300,MG,Sudeste,87.45,64.87,67.34,1,0.0,0.0,0.0,0.0,0
3102209,MG,Sudeste,87.5,39.52,45.84,1,0.0,0.0,0.0,0.0,0
3111705,MG,Sudeste,87.5,75.97,76.58,1,0.0,0.0,0.0,0.0,0
3203163,ES,Sudeste,87.5,87.53,80.0,1,0.0,0.0,0.0,0.0,0
4212601,SC,Sul,87.5,85.84,80.0,1,0.0,0.0,0.0,0.0,0
5220058,GO,Centro-Oeste,87.5,87.5,80.0,1,0.0,0.0,0.0,0.0,0
4100301,PR,Sul,87.51,75.84,76.47,1,0.0,0.0,0.0,0.0,0
5205471,GO,Centro-Oeste,87.51,80.04,80.0,1,0.0,0.0,0.0,0.0,0
3530201,SP,Sudeste,87.52,98.04,80.0,1,0.0,1.0,0.0,1.0,0
5208905,GO,Centro-Oeste,87.52,67.46,69.49,1,0.0,0.0,0.0,0.0,0
3108404,MG,Sudeste,87.53,65.49,67.86,1,0.0,0.0,0.0,0.0,0
3200300,ES,Sudeste,87.55,74.51,75.35,1,0.0,0.0,0.0,0.0,0
3555604,SP,Sudeste,87.56,44.79,50.47,1,0.0,0.0,0.0,0.0,0
5210000,GO,Centro-Oeste,87.57,81.28,80.0,1,0.0,0.0,0.0,0.0,0
1501725,PA,Norte,87.6,73.21,74.26,1,0.0,0.0,0.0,0.0,0
2202729,PI,Nordeste,87.68,80.26,80.0,1,0.0,0.0,0.0,0.0,0
5214861,GO,Centro-Oeste,87.68,81.84,80.0,1,0.0,0.0,0.0,0.0,0
5218904,GO,Centro-Oeste,87.69,77.53,77.9,1,0.0,0.0,0.0,0.0,0
3138674,MG,Sudeste,87.7,81.62,80.0,1,0.0,0.0,0.0,0.0,0
3109006,MG,Sudeste,87.73,70.28,71.82,1,0.0,0.0,0.0,0.0,0
4126009,PR,Sul,87.77,82.79,80.0,1,0.0,0.0,0.0,0.0,0
5212808,GO,Centro-Oeste,87.78,69.6,71.26,1,0.0,0.0,0.0,0.0,0
2205540,PI,Nordeste,87.79,81.92,80.0,1,0.0,0.0,0.0,0.0,0
4113908,PR,Sul,87.79,82.55,80.0,1,0.0,0.0,0.0,0.0,0
2209971,PI,Nordeste,87.8,33.59,40.46,1,0.0,0.0,0.0,0.0,0
2504074,PB,Nordeste,87.82,48.41,53.58,1,0.0,0.0,0.0,0.0,0
4207858,SC,Sul,87.82,92.86,80.0,1,0.0,0.0,0.0,1.0,0
3129400,MG,Sudeste,87.87,89.43,80.0,1,0.0,0.0,0.0,1.0,0
2101939,MA,Nordeste,87.88,12.84,19.1,1,0.0,0.0,0.0,0.0,0
2309607,CE,Nordeste,87.91,85.7,80.0,1,0.0,0.0,0.0,0.0,0
3167400,MG,Sudeste,87.91,54.05,58.35,1,0.0,0.0,0.0,0.0,0
2301901,CE,Nordeste,87.92,85.38,80.0,1,0.0,0.0,0.0,0.0,0
2103158,MA,Nordeste,87.93,92.92,80.0,1,0.0,0.0,0.0,1.0,0
2210300,PI,Nordeste,87.93,94.83,80.0,1,0.0,0.0,0.0,1.0,0
3201159,ES,Sudeste,87.96,67.35,69.4,1,0.0,0.0,0.0,0.0,0
4106555,PR,Sul,87.98,87.28,80.0,1,0.0,0.0,0.0,0.0,0
3202702,ES,Sudeste,87.99,73.95,74.88,1,0.0,0.0,0.0,0.0,0
3153103,MG,Sudeste,88.0,57.14,60.93,1,0.0,0.0,0.0,0.0,0
4116802,PR,Sul,88.03,79.5,79.57,1,0.0,0.0,0.0,0.0,0
4124202,PR,Sul,88.04,82.83,80.0,1,0.0,0.0,0.0,0.0,0
3104304,MG,Sudeste,88.09,70.75,72.21,1,0.0,0.0,0.0,0.0,0
4102752,PR,Sul,88.13,76.84,77.31,1,0.0,0.0,0.0,0.0,0
3534500,SP,Sudeste,88.17,68.23,70.12,1,0.0,0.0,0.0,0.0,0
2701001,AL,Nordeste,88.19,73.6,74.59,1,0.0,0.0,0.0,0.0,0
4127007,PR,Sul,88.2,77.31,77.71,1,0.0,0.0,0.0,0.0,0
4315073,RS,Sul,88.2,63.16,65.93,1,0.0,0.0,0.0,0.0,0
3159407,MG,Sudeste,88.22,65.38,67.77,1,0.0,0.0,0.0,0.0,0
2307007,CE,Nordeste,88.24,84.18,80.0,1,0.0,0.0,0.0,0.0,0
4200556,SC,Sul,88.24,42.78,48.72,1,0.0,0.0,0.0,0.0,0
3165206,MG,Sudeste,88.25,86.0,80.0,1,0.0,0.0,0.0,0.0,0
4101309,PR,Sul,88.26,91.41,80.0,1,0.0,0.0,0.0,1.0,0
3104601,MG,Sudeste,88.29,74.88,75.66,1,0.0,0.0,0.0,0.0,0
4110706,PR,Sul,88.31,82.74,80.0,1,0.0,0.0,0.0,0.0,0
4102208,PR,Sul,88.32,91.91,80.0,1,0.0,0.0,0.0,1.0,0
2310308,CE,Nordeste,88.35,83.15,80.0,1,0.0,0.0,0.0,0.0,0
3167806,MG,Sudeste,88.35,73.12,74.19,1,0.0,0.0,0.0,0.0,0
3152907,MG,Sudeste,88.36,62.59,65.46,1,0.0,0.0,0.0,0.0,0
3502705,SP,Sudeste,88.38,68.43,70.29,1,0.0,0.0,0.0,0.0,0
2104305,MA,Nordeste,88.4,82.97,80.0,1,0.0,0.0,0.0,0.0,0
3200409,ES,Sudeste,88.41,81.82,80.0,1,0.0,0.0,0.0,0.0,0
2311355,CE,Nordeste,88.46,79.3,79.4,1,0.0,0.0,0.0,0.0,0
3130556,MG,Sudeste,88.46,65.59,67.94,1,0.0,0.0,0.0,0.0,0
3146909,MG,Sudeste,88.48,47.1,52.46,1,0.0,0.0,0.0,0.0,0
2313708,CE,Nordeste,88.49,87.59,80.0,1,0.0,0.0,0.0,0.0,0
3103900,MG,Sudeste,88.5,74.0,74.92,1,0.0,0.0,0.0,0.0,0
4205100,SC,Sul,88.51,87.24,80.0,1,0.0,0.0,0.0,0.0,0
2300606,CE,Nordeste,88.52,100.0,80.0,1,0.0,1.0,0.0,1.0,0
4122305,PR,Sul,88.56,85.17,80.0,1,0.0,0.0,0.0,0.0,0
3515129,SP,Sudeste,88.58,47.92,53.16,1,0.0,0.0,0.0,0.0,0
4116950,PR,Sul,88.59,97.38,80.0,1,0.0,1.0,0.0,1.0,0
5205513,GO,Centro-Oeste,88.6,79.53,79.6,1,0.0,0.0,0.0,0.0,0
5108204,MT,Centro-Oeste,88.61,95.14,80.0,1,0.0,0.0,0.0,1.0,0
2310852,CE,Nordeste,88.62,90.29,80.0,1,0.0,0.0,0.0,1.0,0
3135407,MG,Sudeste,88.66,67.57,69.58,1,0.0,0.0,0.0,0.0,0
3100807,MG,Sudeste,88.68,100.0,80.0,1,0.0,1.0,0.0,1.0,0
3133808,MG,Sudeste,88.76,69.8,71.43,1,0.0,0.0,0.0,0.0,0
4119004,PR,Sul,88.78,88.85,80.0,1,0.0,0.0,0.0,0.0,0
3533205,SP,Sudeste,88.79,49.79,54.76,1,0.0,0.0,0.0,0.0,0
3104205,MG,Sudeste,88.86,78.83,79.0,1,0.0,0.0,0.0,0.0,0
2305704,CE,Nordeste,88.89,87.85,80.0,1,0.0,0.0,0.0,0.0,0
2309102,CE,Nordeste,88.89,85.81,80.0,1,0.0,0.0,0.0,0.0,0
2306405,CE,Nordeste,88.96,84.81,80.0,1,0.0,0.0,0.0,0.0,0
2605004,PE,Nordeste,88.96,77.97,78.27,1,0.0,0.0,0.0,0.0,0
3143450,MG,Sudeste,88.98,54.21,58.49,1,0.0,0.0,0.0,0.0,0
4127205,PR,Sul,89.1,85.98,80.0,1,0.0,0.0,0.0,0.0,0
2105203,MA,Nordeste,89.11,97.77,80.0,1,0.0,0.0,0.0,1.0,0
2607703,PE,Nordeste,89.12,65.28,67.68,1,0.0,0.0,0.0,0.0,0
3169109,MG,Sudeste,89.2,63.11,65.89,1,0.0,0.0,0.0,0.0,0
3105509,MG,Sudeste,89.21,63.54,66.24,1,0.0,0.0,0.0,0.0,0
3534757,SP,Sudeste,89.21,99.27,80.0,1,0.0,1.0,0.0,1.0,0
4122008,PR,Sul,89.22,89.62,80.0,1,0.0,0.0,0.0,0.0,0
2306900,CE,Nordeste,89.25,85.97,80.0,1,0.0,0.0,0.0,0.0,0
2201556,PI,Nordeste,89.26,61.05,64.18,1,0.0,0.0,0.0,0.0,0
3515301,SP,Sudeste,89.26,72.99,74.08,1,0.0,0.0,0.0,0.0,0
2202752,PI,Nordeste,89.29,54.43,58.67,1,0.0,0.0,0.0,0.0,0
3104403,MG,Sudeste,89.33,55.13,59.26,1,0.0,0.0,0.0,0.0,0
2510402,PB,Nordeste,89.36,64.17,66.76,1,0.0,0.0,0.0,0.0,0
3144904,MG,Sudeste,89.37,83.33,80.0,1,0.0,0.0,0.0,0.0,0
2500403,PB,Nordeste,89.39,38.94,45.33,1,0.0,0.0,0.0,0.0,0
3133758,MG,Sudeste,89.46,74.33,75.2,1,0.0,0.0,0.0,0.0,0
5203104,GO,Centro-Oeste,89.49,64.29,66.86,1,0.0,0.0,0.0,0.0,0
5222005,GO,Centro-Oeste,89.5,89.04,80.0,1,0.0,0.0,0.0,0.0,0
4120853,PR,Sul,89.52,91.8,80.0,1,0.0,0.0,0.0,1.0,0
5220009,GO,Centro-Oeste,89.53,81.82,80.0,1,0.0,0.0,0.0,0.0,0
2306306,CE,Nordeste,89.55,90.68,80.0,1,0.0,0.0,0.0,0.0,0
2206902,PI,Nordeste,89.56,69.0,70.76,1,0.0,0.0,0.0,0.0,0
3130655,MG,Sudeste,89.58,56.13,60.09,1,0.0,0.0,0.0,0.0,0
2307601,CE,Nordeste,89.65,87.84,80.0,1,0.0,0.0,0.0,0.0,0
3204955,ES,Sudeste,89.65,74.56,75.39,1,0.0,0.0,0.0,0.0,0
2205953,PI,Nordeste,89.66,98.87,80.0,1,0.0,0.0,0.0,1.0,0
3101300,MG,Sudeste,89.66,67.0,69.11,1,0.0,0.0,0.0,0.0,0
4113403,PR,Sul,89.7,91.11,80.0,1,0.0,0.0,0.0,0.0,0
2503100,PB,Nordeste,89.73,60.85,64.02,1,0.0,0.0,0.0,0.0,0
2501534,PB,Nordeste,89.76,59.36,62.78,1,0.0,0.0,0.0,0.0,0
3114600,MG,Sudeste,89.76,70.36,71.89,1,0.0,0.0,0.0,0.0,0
3545506,SP,Sudeste,89.83,79.1,79.23,1,0.0,0.0,0.0,0.0,0
5200829,GO,Centro-Oeste,89.83,84.23,80.0,1,0.0,0.0,0.0,0.0,0
5218805,GO,Centro-Oeste,89.88,86.06,80.0,1,0.0,0.0,0.0,0.0,0
2607109,PE,Nordeste,89.89,78.57,78.78,1,0.0,0.0,0.0,0.0,0
3105004,MG,Sudeste,89.89,74.25,75.13,1,0.0,0.0,0.0,0.0,0
3148301,MG,Sudeste,89.89,53.79,58.13,1,0.0,0.0,0.0,0.0,0
3170651,MG,Sudeste,89.89,61.64,64.67,1,0.0,0.0,0.0,0.0,0
5210604,GO,Centro-Oeste,89.89,81.65,80.0,1,0.0,0.0,0.0,0.0,0
3115805,MG,Sudeste,89.95,78.29,78.54,1,0.0,0.0,0.0,0.0,0
3120409,MG,Sudeste,89.96,72.12,73.35,1,0.0,0.0,0.0,0.0,0
4112751,PR,Sul,89.98,85.83,80.0,1,0.0,0.0,0.0,0.0,0
2207850,PI,Nordeste,90.0,66.32,68.54,1,0.0,0.0,0.0,0.0,0
3164100,MG,Sudeste,90.0,67.03,69.13,1,0.0,0.0,0.0,0.0,0
4305603,RS,Sul,90.0,63.64,66.33,1,0.0,0.0,0.0,0.0,0
4319364,RS,Sul,90.0,90.0,80.0,1,0.0,0.0,0.0,0.0,0
4117453,PR,Sul,90.05,86.73,80.0,1,0.0,0.0,0.0,0.0,0
2513653,PB,Nordeste,90.09,39.7,46.0,1,0.0,0.0,0.0,0.0,0
5215504,GO,Centro-Oeste,90.09,65.43,67.81,1,0.0,0.0,0.0,0.0,0
3148400,MG,Sudeste,90.14,70.37,71.9,1,0.0,0.0,0.0,0.0,0
3145455,MG,Sudeste,90.16,68.23,70.12,1,0.0,0.0,0.0,0.0,0
2314102,CE,Nordeste,90.22,88.59,80.0,1,0.0,0.0,0.0,0.0,0
3120607,MG,Sudeste,90.23,81.48,80.0,1,0.0,0.0,0.0,0.0,0
4125357,PR,Sul,90.23,74.33,75.2,1,0.0,0.0,0.0,0.0,0
4120705,PR,Sul,90.26,91.58,80.0,1,0.0,0.0,0.0,0.0,0
2307403,CE,Nordeste,90.28,86.69,80.0,1,0.0,0.0,0.0,0.0,0
3121001,MG,Sudeste,90.32,80.04,80.0,1,0.0,0.0,0.0,0.0,0
5106455,MT,Centro-Oeste,90.32,58.62,62.17,1,0.0,0.0,0.0,0.0,0
5202502,GO,Centro-Oeste,90.33,79.82,79.85,1,0.0,0.0,0.0,0.0,0
3165909,MG,Sudeste,90.34,75.41,76.11,1,0.0,0.0,0.0,0.0,0
2302404,CE,Nordeste,90.36,80.04,80.0,1,0.0,0.0,0.0,0.0,0
3112000,MG,Sudeste,90.37,88.88,80.0,1,0.0,0.0,0.0,0.0,0
3533700,SP,Sudeste,90.38,83.74,80.0,1,0.0,0.0,0.0,0.0,0
4213153,SC,Sul,90.38,79.57,79.63,1,0.0,0.0,0.0,0.0,0
4118451,PR,Sul,90.41,90.47,80.0,1,0.0,0.0,0.0,0.0,0
4108650,PR,Sul,90.42,92.63,80.0,1,0.0,0.0,0.0,1.0,0
3155009,MG,Sudeste,90.43,87.87,80.0,1,0.0,0.0,0.0,0.0,0
4204459,SC,Sul,90.43,73.68,74.66,1,0.0,0.0,0.0,0.0,0
2501104,PB,Nordeste,90.53,85.08,80.0,1,0.0,0.0,0.0,0.0,0
2108108,MA,Nordeste,90.57,76.26,76.82,1,0.0,0.0,0.0,0.0,0
3142304,MG,Sudeste,90.58,77.89,78.2,1,0.0,0.0,0.0,0.0,0
2516508,PB,Nordeste,90.59,78.33,78.57,1,0.0,0.0,0.0,0.0,0
3536257,SP,Sudeste,90.72,76.74,77.23,1,0.0,0.0,0.0,0.0,0
3161205,MG,Sudeste,90.73,78.67,78.86,1,0.0,0.0,0.0,0.0,0
2309508,CE,Nordeste,90.75,90.9,80.0,1,0.0,0.0,0.0,0.0,0
3157658,MG,Sudeste,90.81,59.32,62.75,1,0.0,0.0,0.0,0.0,0
3126406,MG,Sudeste,90.83,59.25,62.69,1,0.0,0.0,0.0,0.0,0
3552551,SP,Sudeste,90.85,97.05,80.0,1,0.0,0.0,0.0,1.0,0
2112233,MA,Nordeste,90.87,59.01,62.49,1,0.0,0.0,0.0,0.0,0
2301208,CE,Nordeste,90.87,87.25,80.0,1,0.0,0.0,0.0,0.0,0
2314003,CE,Nordeste,90.9,95.17,80.0,1,0.0,0.0,0.0,1.0,0
2106003,MA,Nordeste,90.91,86.67,80.0,1,0.0,0.0,0.0,0.0,0
2611903,PE,Nordeste,90.91,93.31,80.0,1,0.0,0.0,0.0,1.0,0
3132206,MG,Sudeste,90.91,56.99,60.81,1,0.0,0.0,0.0,0.0,0
3136579,MG,Sudeste,90.91,90.34,80.0,1,0.0,0.0,0.0,0.0,0
5207352,GO,Centro-Oeste,90.91,76.65,77.15,1,0.0,0.0,0.0,0.0,0
3157302,MG,Sudeste,90.92,50.6,55.44,1,0.0,0.0,0.0,0.0,0
3164407,MG,Sudeste,90.92,66.97,69.08,1,0.0,0.0,0.0,0.0,0
5203609,GO,Centro-Oeste,90.96,48.93,54.03,1,0.0,0.0,0.0,0.0,0
4126405,PR,Sul,90.98,92.04,80.0,1,0.0,0.0,0.0,0.0,0
3124500,MG,Sudeste,91.03,72.45,73.63,1,0.0,0.0,0.0,0.0,0
2311207,CE,Nordeste,91.04,90.85,80.0,1,0.0,0.0,0.0,0.0,0
3127602,MG,Sudeste,91.11,74.24,75.13,1,0.0,0.0,0.0,0.0,0
2102754,MA,Nordeste,91.14,35.67,42.37,1,0.0,0.0,0.0,0.0,0
2301950,CE,Nordeste,91.15,88.76,80.0,1,0.0,0.0,0.0,0.0,0
2301109,CE,Nordeste,91.16,89.12,80.0,1,0.0,0.0,0.0,0.0,0
3528809,SP,Sudeste,91.17,84.81,80.0,1,0.0,0.0,0.0,0.0,0
2309805,CE,Nordeste,91.18,88.89,80.0,1,0.0,0.0,0.0,0.0,0
3148756,MG,Sudeste,91.18,61.37,64.45,1,0.0,0.0,0.0,0.0,0
5220603,GO,Centro-Oeste,91.2,86.01,80.0,1,0.0,0.0,0.0,0.0,0
3116803,MG,Sudeste,91.21,64.06,66.67,1,0.0,0.0,0.0,0.0,0
2310704,CE,Nordeste,91.29,93.06,80.0,1,0.0,0.0,0.0,0.0,0
3164902,MG,Sudeste,91.3,68.42,70.28,1,0.0,0.0,0.0,0.0,0
5205059,GO,Centro-Oeste,91.3,80.99,80.0,1,0.0,0.0,0.0,0.0,0
3544707,SP,Sudeste,91.33,70.28,71.82,1,0.0,0.0,0.0,0.0,0
5204300,GO,Centro-Oeste,91.38,73.23,74.28,1,0.0,0.0,0.0,0.0,0
5220207,GO,Centro-Oeste,91.4,86.66,80.0,1,0.0,0.0,0.0,0.0,0
3127370,MG,Sudeste,91.43,67.76,69.73,1,0.0,0.0,0.0,0.0,0
3540101,SP,Sudeste,91.45,87.14,80.0,1,0.0,0.0,0.0,0.0,0
2300101,CE,Nordeste,91.49,88.3,80.0,1,0.0,0.0,0.0,0.0,0
2303907,CE,Nordeste,91.5,75.3,76.01,1,0.0,0.0,0.0,0.0,0
4123105,PR,Sul,91.5,100.0,80.0,1,0.0,0.0,0.0,1.0,0
5101001,MT,Centro-Oeste,91.53,100.0,80.0,1,0.0,0.0,0.0,1.0,0
2609709,PE,Nordeste,91.54,61.24,64.34,1,0.0,0.0,0.0,0.0,0
2304806,CE,Nordeste,91.59,94.87,80.0,1,0.0,0.0,0.0,1.0,0
2100873,MA,Nordeste,91.6,98.19,80.0,1,0.0,0.0,0.0,1.0,0
2313252,CE,Nordeste,91.6,95.11,80.0,1,0.0,0.0,0.0,1.0,0
3161908,MG,Sudeste,91.6,80.53,80.0,1,0.0,0.0,0.0,0.0,0
4117206,PR,Sul,91.63,79.22,79.33,1,0.0,0.0,0.0,0.0,0
4217956,SC,Sul,91.64,79.06,79.2,1,0.0,0.0,0.0,0.0,0
5219712,GO,Centro-Oeste,91.64,82.48,80.0,1,0.0,0.0,0.0,0.0,0
2104628,MA,Nordeste,91.67,98.32,80.0,1,0.0,0.0,0.0,1.0,0
2301802,CE,Nordeste,91.67,97.63,80.0,1,0.0,0.0,0.0,1.0,0
2504108,PB,Nordeste,91.67,68.95,70.72,1,0.0,0.0,0.0,0.0,0
3103702,MG,Sudeste,91.67,47.06,52.43,1,0.0,0.0,0.0,0.0,0
3160504,MG,Sudeste,91.67,60.0,63.31,1,0.0,0.0,0.0,0.0,0
3543238,SP,Sudeste,91.67,70.59,72.08,1,0.0,0.0,0.0,0.0,0
5219605,GO,Centro-Oeste,91.67,96.21,80.0,1,0.0,0.0,0.0,1.0,0
3123908,MG,Sudeste,91.72,83.15,80.0,1,0.0,0.0,0.0,0.0,0
3553955,SP,Sudeste,91.72,83.12,80.0,1,0.0,0.0,0.0,0.0,0
2313500,CE,Nordeste,91.78,89.87,80.0,1,0.0,0.0,0.0,0.0,0
3165701,MG,Sudeste,91.79,66.34,68.56,1,0.0,0.0,0.0,0.0,0
4200804,SC,Sul,91.81,77.52,77.89,1,0.0,0.0,0.0,0.0,0
5219001,GO,Centro-Oeste,91.82,78.09,78.37,1,0.0,0.0,0.0,0.0,0
3501509,SP,Sudeste,91.84,74.3,75.18,1,0.0,0.0,0.0,0.0,0
1302108,AM,Norte,91.93,77.3,77.7,1,0.0,0.0,0.0,0.0,0
3141207,MG,Sudeste,91.94,91.3,80.0,1,0.0,0.0,0.0,0.0,0
2200202,PI,Nordeste,91.98,90.64,80.0,1,0.0,0.0,0.0,0.0,0
2313302,CE,Nordeste,92.01,87.18,80.0,1,0.0,0.0,0.0,0.0,0
3103801,MG,Sudeste,92.02,84.21,80.0,1,0.0,0.0,0.0,0.0,0
2702306,AL,Nordeste,92.03,94.13,80.0,1,0.0,0.0,0.0,1.0,0
2311108,CE,Nordeste,92.09,93.46,80.0,1,0.0,0.0,0.0,0.0,0
2612109,PE,Nordeste,92.16,93.42,80.0,1,0.0,0.0,0.0,0.0,0
3527108,SP,Sudeste,92.23,74.25,75.13,1,0.0,0.0,0.0,0.0,0
3546504,SP,Sudeste,92.26,83.66,80.0,1,0.0,0.0,0.0,0.0,0
4207650,SC,Sul,92.28,86.65,80.0,1,0.0,0.0,0.0,0.0,0
2105948,MA,Nordeste,92.3,88.14,80.0,1,0.0,0.0,0.0,0.0,0
3116308,MG,Sudeste,92.31,73.1,74.17,1,0.0,0.0,0.0,0.0,0
3119708,MG,Sudeste,92.31,72.49,73.66,1,0.0,0.0,0.0,0.0,0
3510104,SP,Sudeste,92.31,69.57,71.23,1,0.0,0.0,0.0,0.0,0
4112603,PR,Sul,92.31,50.0,54.93,1,0.0,0.0,0.0,0.0,0
5108956,MT,Centro-Oeste,92.37,77.16,77.58,1,0.0,0.0,0.0,0.0,0
3138351,MG,Sudeste,92.39,52.94,57.42,1,0.0,0.0,0.0,0.0,0
2208858,PI,Nordeste,92.42,98.41,80.0,1,0.0,0.0,0.0,1.0,0
4216255,SC,Sul,92.42,96.02,80.0,1,0.0,0.0,0.0,1.0,0
2311603,CE,Nordeste,92.45,84.99,80.0,1,0.0,0.0,0.0,0.0,0
3122702,MG,Sudeste,92.48,66.83,68.96,1,0.0,0.0,0.0,0.0,0
2306553,CE,Nordeste,92.49,92.56,80.0,1,0.0,0.0,0.0,0.0,0
2311306,CE,Nordeste,92.49,88.36,80.0,1,0.0,0.0,0.0,0.0,0
3159209,MG,Sudeste,92.49,86.83,80.0,1,0.0,0.0,0.0,0.0,0
2203230,PI,Nordeste,92.5,93.16,80.0,1,0.0,0.0,0.0,0.0,0
2603900,PE,Nordeste,92.5,91.81,80.0,1,0.0,0.0,0.0,0.0,0
3535408,SP,Sudeste,92.54,85.96,80.0,1,0.0,0.0,0.0,0.0,0
2306504,CE,Nordeste,92.57,96.14,80.0,1,0.0,0.0,0.0,1.0,0
5210307,GO,Centro-Oeste,92.59,88.14,80.0,1,0.0,0.0,0.0,0.0,0
3101409,MG,Sudeste,92.62,69.57,71.23,1,0.0,0.0,0.0,0.0,0
2210052,PI,Nordeste,92.65,100.0,80.0,1,0.0,0.0,0.0,1.0,0
2512507,PB,Nordeste,92.65,85.04,80.0,1,0.0,0.0,0.0,0.0,0
3145372,MG,Sudeste,92.71,68.05,69.97,1,0.0,0.0,0.0,0.0,0
3161502,MG,Sudeste,92.77,81.24,80.0,1,0.0,0.0,0.0,0.0,0
5219258,GO,Centro-Oeste,92.78,76.89,77.35,1,0.0,0.0,0.0,0.0,0
3136603,MG,Sudeste,92.79,47.99,53.22,1,0.0,0.0,0.0,0.0,0
5203807,GO,Centro-Oeste,92.82,82.04,80.0,1,0.0,0.0,0.0,0.0,0
2308807,CE,Nordeste,92.86,98.91,80.0,1,0.0,0.0,0.0,1.0,0
3146602,MG,Sudeste,92.86,80.0,80.0,1,0.0,0.0,0.0,0.0,0
4103008,PR,Sul,92.95,93.75,80.0,1,0.0,0.0,0.0,0.0,0
5103437,MT,Centro-Oeste,92.97,33.24,40.14,1,0.0,0.0,0.0,0.0,0
3121100,MG,Sudeste,93.02,63.46,66.18,1,0.0,0.0,0.0,0.0,0
3530003,SP,Sudeste,93.03,60.87,64.03,1,0.0,0.0,0.0,0.0,0
4115853,PR,Sul,93.06,91.25,80.0,1,0.0,0.0,0.0,0.0,0
4124905,PR,Sul,93.06,93.33,80.0,1,0.0,0.0,0.0,0.0,0
2100105,MA,Nordeste,93.1,72.13,73.36,1,0.0,0.0,0.0,0.0,0
3164431,MG,Sudeste,93.1,53.38,57.79,1,0.0,0.0,0.0,0.0,0
4103024,PR,Sul,93.1,75.0,75.76,1,0.0,0.0,0.0,0.0,0
4122800,PR,Sul,93.11,89.42,80.0,1,0.0,0.0,0.0,0.0,0
2311504,CE,Nordeste,93.13,86.21,80.0,1,0.0,0.0,0.0,0.0,0
2201176,PI,Nordeste,93.18,61.11,64.23,1,0.0,0.0,0.0,0.0,0
5201603,GO,Centro-Oeste,93.21,77.27,77.68,1,0.0,0.0,0.0,0.0,0
3152709,MG,Sudeste,93.22,73.21,74.26,1,0.0,0.0,0.0,0.0,0
2304459,CE,Nordeste,93.28,97.52,80.0,1,0.0,0.0,0.0,1.0,0
3170750,MG,Sudeste,93.29,57.22,61.0,1,0.0,0.0,0.0,0.0,0
2504850,PB,Nordeste,93.33,75.0,75.76,1,0.0,0.0,0.0,0.0,0
3111903,MG,Sudeste,93.33,50.78,55.6,1,0.0,0.0,0.0,0.0,0
3160603,MG,Sudeste,93.33,58.82,62.33,1,0.0,0.0,0.0,0.0,0
3555208,SP,Sudeste,93.33,100.0,80.0,1,0.0,0.0,0.0,1.0,0
2509602,PB,Nordeste,93.4,84.33,80.0,1,0.0,0.0,0.0,0.0,0
2310803,CE,Nordeste,93.44,95.85,80.0,1,0.0,0.0,0.0,1.0,0
3555109,SP,Sudeste,93.46,93.45,80.0,1,0.0,0.0,0.0,0.0,0
4103156,PR,Sul,93.48,87.35,80.0,1,0.0,0.0,0.0,0.0,0
2308500,CE,Nordeste,93.51,93.52,80.0,1,0.0,0.0,0.0,0.0,0
3160959,MG,Sudeste,93.62,90.7,80.0,1,0.0,0.0,0.0,0.0,0
5204607,GO,Centro-Oeste,93.62,79.35,79.44,1,0.0,0.0,0.0,0.0,0
2306702,CE,Nordeste,93.66,94.68,80.0,1,0.0,0.0,0.0,0.0,0
3169059,MG,Sudeste,93.75,78.4,78.63,1,0.0,0.0,0.0,0.0,0
5202601,GO,Centro-Oeste,93.75,75.98,76.59,1,0.0,0.0,0.0,0.0,0
2310258,CE,Nordeste,93.78,98.24,80.0,1,0.0,0.0,0.0,1.0,0
5204003,GO,Centro-Oeste,93.81,69.66,71.31,1,0.0,0.0,0.0,0.0,0
2306801,CE,Nordeste,93.88,89.41,80.0,1,0.0,0.0,0.0,0.0,0
2304285,CE,Nordeste,93.91,92.64,80.0,1,0.0,0.0,0.0,0.0,0
5107248,MT,Centro-Oeste,93.91,71.5,72.84,1,0.0,0.0,0.0,0.0,0
2502052,PB,Nordeste,93.94,61.38,64.46,1,0.0,0.0,0.0,0.0,0
3528304,SP,Sudeste,93.95,84.51,80.0,1,0.0,0.0,0.0,0.0,0
2501351,PB,Nordeste,93.96,48.37,53.55,1,0.0,0.0,0.0,0.0,0
2209906,PI,Nordeste,93.97,49.25,54.3,1,0.0,0.0,0.0,0.0,0
2614402,PE,Nordeste,93.99,74.63,75.45,1,0.0,0.0,0.0,0.0,0
5214051,GO,Centro-Oeste,94.04,96.18,80.0,1,0.0,0.0,0.0,0.0,0
2302602,CE,Nordeste,94.08,94.5,80.0,1,0.0,0.0,0.0,0.0,0
3130309,MG,Sudeste,94.08,98.44,80.0,1,0.0,0.0,0.0,1.0,0
4315131,RS,Sul,94.1,92.31,80.0,1,0.0,0.0,0.0,0.0,0
3114907,MG,Sudeste,94.12,68.75,70.55,1,0.0,0.0,0.0,0.0,0
2300705,CE,Nordeste,94.16,99.61,80.0,1,0.0,0.0,0.0,1.0,0
5106281,MT,Centro-Oeste,94.16,58.82,62.33,1,0.0,0.0,0.0,0.0,0
2310407,CE,Nordeste,94.2,98.85,80.0,1,0.0,0.0,0.0,1.0,0
1600709,AP,Norte,94.21,32.06,39.04,1,0.0,0.0,0.0,0.0,0
3537107,SP,Sudeste,94.25,94.37,80.0,1,0.0,0.0,0.0,0.0,0
3145505,MG,Sudeste,94.29,62.27,65.19,1,0.0,0.0,0.0,0.0,0
3531605,SP,Sudeste,94.29,66.46,68.66,1,0.0,0.0,0.0,0.0,0
3160108,MG,Sudeste,94.3,82.71,80.0,1,0.0,0.0,0.0,0.0,0
2310100,CE,Nordeste,94.31,98.68,80.0,1,0.0,0.0,0.0,1.0,0
3150505,MG,Sudeste,94.39,72.81,73.93,1,0.0,0.0,0.0,0.0,0
3168309,MG,Sudeste,94.4,66.07,68.34,1,0.0,0.0,0.0,0.0,0
4313003,RS,Sul,94.4,77.31,77.71,1,0.0,0.0,0.0,0.0,0
3159100,MG,Sudeste,94.44,61.36,64.44,1,0.0,0.0,0.0,0.0,0
2202737,PI,Nordeste,94.47,78.14,78.41,1,0.0,0.0,0.0,0.0,0
5221452,GO,Centro-Oeste,94.47,90.94,80.0,1,0.0,0.0,0.0,0.0,0
2300804,CE,Nordeste,94.51,97.31,80.0,1,0.0,0.0,0.0,1.0,0
3105301,MG,Sudeste,94.51,73.41,74.43,1,0.0,0.0,0.0,0.0,0
5205406,GO,Centro-Oeste,94.51,88.1,80.0,1,0.0,0.0,0.0,0.0,0
5211404,GO,Centro-Oeste,94.51,96.95,80.0,1,0.0,0.0,0.0,1.0,0
4106852,PR,Sul,94.52,95.74,80.0,1,0.0,0.0,0.0,0.0,0
2610202,PE,Nordeste,94.53,76.82,77.3,1,0.0,0.0,0.0,0.0,0
5215256,GO,Centro-Oeste,94.54,84.74,80.0,1,0.0,0.0,0.0,0.0,0
3200136,ES,Sudeste,94.55,92.32,80.0,1,0.0,0.0,0.0,0.0,0
2311801,CE,Nordeste,94.59,92.93,80.0,1,0.0,0.0,0.0,0.0,0
2508554,PB,Nordeste,94.6,80.75,80.0,1,0.0,0.0,0.0,0.0,0
3202108,ES,Sudeste,94.7,69.21,70.94,1,0.0,0.0,0.0,0.0,0
3520806,SP,Sudeste,94.72,89.16,80.0,1,0.0,0.0,0.0,0.0,0
3109808,MG,Sudeste,94.74,80.57,80.0,1,0.0,0.0,0.0,0.0,0
5107883,MT,Centro-Oeste,94.74,65.34,67.73,1,0.0,0.0,0.0,0.0,0
2709301,AL,Nordeste,94.75,89.35,80.0,1,0.0,0.0,0.0,0.0,0
4116406,PR,Sul,94.81,79.15,79.27,1,0.0,0.0,0.0,0.0,0
4201703,SC,Sul,94.83,81.99,80.0,1,0.0,0.0,0.0,0.0,0
4210902,SC,Sul,94.86,81.55,80.0,1,0.0,0.0,0.0,0.0,0
3165008,MG,Sudeste,94.92,90.52,80.0,1,0.0,0.0,0.0,0.0,0
2302800,CE,Nordeste,95.0,96.87,80.0,1,0.0,0.0,0.0,0.0,0
2304277,CE,Nordeste,95.0,98.58,80.0,1,0.0,0.0,0.0,1.0,0
3153806,MG,Sudeste,95.0,61.54,64.59,1,0.0,0.0,0.0,0.0,0
2308005,CE,Nordeste,95.03,99.41,80.0,1,0.0,0.0,0.0,1.0,0
2604908,PE,Nordeste,95.06,76.43,76.97,1,0.0,0.0,0.0,0.0,0
3203304,ES,Sudeste,95.06,91.73,80.0,1,0.0,0.0,0.0,0.0,0
3514700,SP,Sudeste,95.07,77.86,78.18,1,0.0,0.0,0.0,0.0,0
2310209,CE,Nordeste,95.08,94.86,80.0,1,0.0,0.0,0.0,0.0,0
2312205,CE,Nordeste,95.08,98.21,80.0,1,0.0,0.0,0.0,1.0,0
2312304,CE,Nordeste,95.11,96.93,80.0,1,0.0,0.0,0.0,0.0,0
5214879,GO,Centro-Oeste,95.12,92.68,80.0,1,0.0,0.0,0.0,0.0,0
2313609,CE,Nordeste,95.13,96.98,80.0,1,0.0,0.0,0.0,0.0,0
4315057,RS,Sul,95.2,41.07,47.22,1,0.0,0.0,0.0,0.0,0
2204154,PI,Nordeste,95.24,59.38,62.8,1,0.0,0.0,0.0,0.0,0
2205276,PI,Nordeste,95.24,73.84,74.79,1,0.0,0.0,0.0,0.0,0
2206753,PI,Nordeste,95.24,21.74,28.91,1,0.0,0.0,0.0,0.0,0
2514800,PB,Nordeste,95.24,80.25,80.0,1,0.0,0.0,0.0,0.0,0
5214705,GO,Centro-Oeste,95.24,89.9,80.0,1,0.0,0.0,0.0,0.0,0
2303303,CE,Nordeste,95.26,97.11,80.0,1,0.0,0.0,0.0,0.0,0
2102077,MA,Nordeste,95.28,100.0,80.0,1,0.0,0.0,0.0,1.0,0
2313559,CE,Nordeste,95.29,89.24,80.0,1,0.0,0.0,0.0,0.0,0
2307635,CE,Nordeste,95.31,97.67,80.0,1,0.0,0.0,0.0,0.0,0
2708303,AL,Nordeste,95.31,79.22,79.33,1,0.0,0.0,0.0,0.0,0
5209291,GO,Centro-Oeste,95.32,72.59,73.75,1,0.0,0.0,0.0,0.0,0
2201988,PI,Nordeste,95.35,50.33,55.21,1,0.0,0.0,0.0,0.0,0
2304202,CE,Nordeste,95.37,93.55,80.0,1,0.0,0.0,0.0,0.0,0
2302503,CE,Nordeste,95.4,93.05,80.0,1,0.0,0.0,0.0,0.0,0
3200102,ES,Sudeste,95.4,86.5,80.0,1,0.0,0.0,0.0,0.0,0
2303931,CE,Nordeste,95.42,97.81,80.0,1,0.0,0.0,0.0,0.0,0
2305001,CE,Nordeste,95.65,98.55,80.0,1,0.0,0.0,0.0,1.0,0
2703759,AL,Nordeste,95.65,50.22,55.12,1,0.0,0.0,0.0,0.0,0
5209457,GO,Centro-Oeste,95.65,52.38,56.95,1,0.0,0.0,0.0,0.0,0
2302057,CE,Nordeste,95.7,96.36,80.0,1,0.0,0.0,0.0,0.0,0
3122900,MG,Sudeste,95.71,47.11,52.47,1,0.0,0.0,0.0,0.0,0
2202133,PI,Nordeste,95.8,85.6,80.0,1,0.0,0.0,0.0,0.0,0
2204808,PI,Nordeste,95.83,85.43,80.0,1,0.0,0.0,0.0,0.0,0
4215687,SC,Sul,95.83,54.12,58.41,1,0.0,0.0,0.0,0.0,0
5219456,GO,Centro-Oeste,95.83,87.69,80.0,1,0.0,0.0,0.0,0.0,0
2305100,CE,Nordeste,95.86,91.67,59.66,1,0.0,0.0,0.0,0.0,0
2200608,PI,Nordeste,95.88,61.5,64.55,1,0.0,0.0,0.0,0.0,0
2312502,CE,Nordeste,95.98,79.82,79.85,1,0.0,0.0,0.0,0.0,0
3123304,MG,Sudeste,95.99,76.7,77.19,1,0.0,0.0,0.0,0.0,0
3166956,MG,Sudeste,95.99,95.35,80.0,1,0.0,0.0,0.0,0.0,0
4202578,SC,Sul,95.99,73.31,74.35,1,0.0,0.0,0.0,0.0,0
2304301,CE,Nordeste,96.0,98.01,80.0,1,0.0,0.0,0.0,0.0,0
3521606,SP,Sudeste,96.0,97.18,80.0,1,0.0,0.0,0.0,0.0,0
3100104,MG,Sudeste,96.07,61.41,64.48,1,0.0,0.0,0.0,0.0,0
3119955,MG,Sudeste,96.07,69.55,71.22,1,0.0,0.0,0.0,0.0,0
2504207,PB,Nordeste,96.08,32.79,39.72,1,0.0,0.0,0.0,0.0,0
5218789,GO,Centro-Oeste,96.08,79.26,79.37,1,0.0,0.0,0.0,0.0,0
5219704,GO,Centro-Oeste,96.08,84.75,80.0,1,0.0,0.0,0.0,0.0,0
2305209,CE,Nordeste,96.11,99.02,80.0,1,0.0,0.0,0.0,1.0,0
2111748,MA,Nordeste,96.12,95.63,80.0,1,0.0,0.0,0.0,0.0,0
2504405,PB,Nordeste,96.17,77.83,78.15,1,0.0,0.0,0.0,0.0,0
4206751,SC,Sul,96.17,65.6,67.95,1,0.0,0.0,0.0,0.0,0
3515905,SP,Sudeste,96.19,100.0,80.0,1,0.0,0.0,0.0,1.0,0
2305233,CE,Nordeste,96.2,93.36,80.0,1,0.0,0.0,0.0,0.0,0
4107538,PR,Sul,96.25,88.83,80.0,1,0.0,0.0,0.0,0.0,0
2505709,PB,Nordeste,96.29,48.88,53.98,1,0.0,0.0,0.0,0.0,0
3528106,SP,Sudeste,96.3,81.53,80.0,1,0.0,0.0,0.0,0.0,0
4107553,PR,Sul,96.3,75.96,76.57,1,0.0,0.0,0.0,0.0,0
4201273,SC,Sul,96.31,79.39,79.48,1,0.0,0.0,0.0,0.0,0
2209856,PI,Nordeste,96.34,82.0,80.0,1,0.0,0.0,0.0,0.0,0
3121506,MG,Sudeste,96.43,68.18,70.08,1,0.0,0.0,0.0,0.0,0
2312106,CE,Nordeste,96.45,89.48,80.0,1,0.0,0.0,0.0,0.0,0
5203939,GO,Centro-Oeste,96.46,95.35,80.0,1,0.0,0.0,0.0,0.0,0
5210158,GO,Centro-Oeste,96.55,93.1,80.0,1,0.0,0.0,0.0,0.0,0
2112704,MA,Nordeste,96.58,98.85,80.0,1,0.0,0.0,0.0,0.0,0
2513307,PB,Nordeste,96.58,52.83,57.33,1,0.0,0.0,0.0,0.0,0
5215405,GO,Centro-Oeste,96.61,95.87,80.0,1,0.0,0.0,0.0,0.0,0
2204303,PI,Nordeste,96.63,98.26,80.0,1,0.0,0.0,0.0,0.0,0
2307809,CE,Nordeste,96.66,94.18,80.0,1,0.0,0.0,0.0,0.0,0
2305332,CE,Nordeste,96.67,96.13,80.0,1,0.0,0.0,0.0,0.0,0
2306207,CE,Nordeste,96.74,91.32,80.0,1,0.0,0.0,0.0,0.0,0
2609105,PE,Nordeste,96.75,86.88,80.0,1,0.0,0.0,0.0,0.0,0
2306108,CE,Nordeste,96.76,96.53,80.0,1,0.0,0.0,0.0,0.0,0
2106672,MA,Nordeste,96.86,100.0,80.0,1,0.0,0.0,0.0,1.0,0
5106703,MT,Centro-Oeste,96.88,76.77,77.25,1,0.0,0.0,0.0,0.0,0
5213855,GO,Centro-Oeste,96.88,100.0,80.0,1,0.0,0.0,0.0,1.0,0
2304905,CE,Nordeste,96.95,99.15,80.0,1,0.0,0.0,0.0,0.0,0
5216304,GO,Centro-Oeste,97.01,85.71,80.0,1,0.0,0.0,0.0,0.0,0
5218607,GO,Centro-Oeste,97.03,68.21,70.11,1,0.0,0.0,0.0,0.0,0
3163904,MG,Sudeste,97.05,76.97,77.42,1,0.0,0.0,0.0,0.0,0
2210201,PI,Nordeste,97.06,93.83,80.0,1,0.0,0.0,0.0,0.0,0
5206800,GO,Centro-Oeste,97.08,93.21,80.0,1,0.0,0.0,0.0,0.0,0
4207577,SC,Sul,97.09,74.46,75.31,1,0.0,0.0,0.0,0.0,0
2105807,MA,Nordeste,97.1,100.0,80.0,1,0.0,0.0,0.0,1.0,0
2105963,MA,Nordeste,97.12,81.68,80.0,1,0.0,0.0,0.0,0.0,0
2205359,PI,Nordeste,97.14,51.05,55.82,1,0.0,0.0,0.0,0.0,0
4119251,PR,Sul,97.14,91.12,80.0,1,0.0,0.0,0.0,0.0,0
2303956,CE,Nordeste,97.15,98.33,80.0,1,0.0,0.0,0.0,0.0,0
3147956,MG,Sudeste,97.25,76.92,77.38,1,0.0,0.0,0.0,0.0,0
4117297,PR,Sul,97.3,87.42,80.0,1,0.0,0.0,0.0,0.0,0
2304103,CE,Nordeste,97.31,97.13,80.0,1,0.0,0.0,0.0,0.0,0
3106408,MG,Sudeste,97.32,93.05,80.0,1,0.0,0.0,0.0,0.0,0
2305308,CE,Nordeste,97.38,94.97,80.0,1,0.0,0.0,0.0,0.0,0
4217550,SC,Sul,97.43,92.21,80.0,1,0.0,0.0,0.0,0.0,0
2311231,CE,Nordeste,97.47,100.0,80.0,1,0.0,0.0,0.0,0.0,0
2505006,PB,Nordeste,97.47,71.83,73.11,1,0.0,0.0,0.0,0.0,0
5107750,MT,Centro-Oeste,97.49,95.24,80.0,1,0.0,0.0,0.0,0.0,0
2513984,PB,Nordeste,97.5,56.59,60.48,1,0.0,0.0,0.0,0.0,0
3138708,MG,Sudeste,97.5,67.26,69.32,1,0.0,0.0,0.0,0.0,0
2106375,MA,Nordeste,97.62,76.41,76.95,1,0.0,0.0,0.0,0.0,0
2304608,CE,Nordeste,97.65,94.2,80.0,1,0.0,0.0,0.0,0.0,0
2708105,AL,Nordeste,97.67,98.87,80.0,1,0.0,0.0,0.0,0.0,0
3519105,SP,Sudeste,97.67,100.0,80.0,1,0.0,0.0,0.0,0.0,0
2206506,PI,Nordeste,97.7,100.0,80.0,1,0.0,0.0,0.0,0.0,0
2300200,CE,Nordeste,97.71,95.81,80.0,1,0.0,0.0,0.0,0.0,0
5221700,GO,Centro-Oeste,97.73,75.58,76.25,1,0.0,0.0,0.0,0.0,0
2308906,CE,Nordeste,97.77,98.9,80.0,1,0.0,0.0,0.0,0.0,0
2304707,CE,Nordeste,97.78,93.26,80.0,1,0.0,0.0,0.0,0.0,0
2302305,CE,Nordeste,97.83,95.85,80.0,1,0.0,0.0,0.0,0.0,0
2308351,CE,Nordeste,97.92,100.0,80.0,1,0.0,0.0,0.0,0.0,0
5207501,GO,Centro-Oeste,98.0,67.18,69.25,1,0.0,0.0,0.0,0.0,0
2307254,CE,Nordeste,98.03,99.76,80.0,1,0.0,0.0,0.0,0.0,0
3155306,MG,Sudeste,98.05,71.24,72.62,1,0.0,0.0,0.0,0.0,0
2313955,CE,Nordeste,98.06,99.57,80.0,1,0.0,0.0,0.0,0.0,0
2301604,CE,Nordeste,98.08,90.73,80.0,1,0.0,0.0,0.0,0.0,0
5201306,GO,Centro-Oeste,98.09,92.26,80.0,1,0.0,0.0,0.0,0.0,0
2201002,PI,Nordeste,98.15,83.8,80.0,1,0.0,0.0,0.0,0.0,0
2209104,PI,Nordeste,98.15,95.61,80.0,1,0.0,0.0,0.0,0.0,0
2509156,PB,Nordeste,98.16,100.0,80.0,1,0.0,0.0,0.0,0.0,0
2304509,CE,Nordeste,98.18,99.67,80.0,1,0.0,0.0,0.0,0.0,0
2308203,CE,Nordeste,98.21,98.47,80.0,1,0.0,0.0,0.0,0.0,0
2312007,CE,Nordeste,98.26,99.18,80.0,1,0.0,0.0,0.0,0.0,0
2313203,CE,Nordeste,98.31,97.16,80.0,1,0.0,0.0,0.0,0.0,0
2202026,PI,Nordeste,98.33,84.87,80.0,1,0.0,0.0,0.0,0.0,0
2205532,PI,Nordeste,98.36,96.41,80.0,1,0.0,0.0,0.0,0.0,0
2311959,CE,Nordeste,98.39,96.62,80.0,1,0.0,0.0,0.0,0.0,0
2312700,CE,Nordeste,98.44,100.0,80.0,1,0.0,0.0,0.0,0.0,0
2311702,CE,Nordeste,98.5,99.52,80.0,1,0.0,0.0,0.0,0.0,0
2312908,CE,Nordeste,98.58,98.74,80.0,1,0.0,0.0,0.0,0.0,0
2305605,CE,Nordeste,98.62,98.8,80.0,1,0.0,0.0,0.0,0.0,0
2303006,CE,Nordeste,98.73,96.73,80.0,1,0.0,0.0,0.0,0.0,0
2311405,CE,Nordeste,98.76,98.53,80.0,1,0.0,0.0,0.0,0.0,0
2303105,CE,Nordeste,98.77,99.57,80.0,1,0.0,0.0,0.0,0.0,0
2303808,CE,Nordeste,98.77,96.63,80.0,1,0.0,0.0,0.0,0.0,0
2304269,CE,Nordeste,98.82,98.65,80.0,1,0.0,0.0,0.0,0.0,0
2309003,CE,Nordeste,98.82,97.92,80.0,1,0.0,0.0,0.0,0.0,0
2700904,AL,Nordeste,98.82,83.89,80.0,1,0.0,0.0,0.0,0.0,0
3552601,SP,Sudeste,98.83,90.29,80.0,1,0.0,0.0,0.0,0.0,0
2304251,CE,Nordeste,98.93,99.53,80.0,1,0.0,0.0,0.0,0.0,0
2201903,PI,Nordeste,98.95,99.08,80.0,1,0.0,0.0,0.0,0.0,0
5102793,MT,Centro-Oeste,98.95,42.52,48.49,1,0.0,0.0,0.0,0.0,0
2313005,CE,Nordeste,98.96,98.1,80.0,1,0.0,0.0,0.0,0.0,0
2313906,CE,Nordeste,99.01,95.51,80.0,1,0.0,0.0,0.0,0.0,0
2300507,CE,Nordeste,99.05,97.81,80.0,1,0.0,0.0,0.0,0.0,0
2306603,CE,Nordeste,99.06,99.62,80.0,1,0.0,0.0,0.0,0.0,0
2312809,CE,Nordeste,99.12,99.07,80.0,1,0.0,0.0,0.0,0.0,0
2304236,CE,Nordeste,99.14,98.5,80.0,1,0.0,0.0,0.0,0.0,0
2305654,CE,Nordeste,99.16,97.47,80.0,1,0.0,0.0,0.0,0.0,0
2307908,CE,Nordeste,99.24,98.47,80.0,1,0.0,0.0,0.0,0.0,0
2301257,CE,Nordeste,99.34,98.92,80.0,1,0.0,0.0,0.0,0.0,0
2308609,CE,Nordeste,99.36,96.51,80.0,1,0.0,0.0,0.0,0.0,0
2311264,CE,Nordeste,99.49,98.54,80.0,1,0.0,0.0,0.0,0.0,0
2309201,CE,Nordeste,99.53,100.0,80.0,1,0.0,0.0,0.0,0.0,0
2305902,CE,Nordeste,99.54,97.9,80.0,1,0.0,0.0,0.0,0.0,0
2309300,CE,Nordeste,99.64,96.69,80.0,1,0.0,0.0,0.0,0.0,0
2310506,CE,Nordeste,99.7,99.44,80.0,1,0.0,0.0,0.0,0.0,0
2101350,MA,Nordeste,100.0,88.89,80.0,1,0.0,0.0,0.0,0.0,0
2201572,PI,Nordeste,100.0,100.0,80.0,1,0.0,0.0,0.0,0.0,0
2202091,PI,Nordeste,100.0,100.0,80.0,1,0.0,0.0,0.0,0.0,0
2202109,PI,Nordeste,100.0,90.62,80.0,1,0.0,0.0,0.0,0.0,0
2205524,PI,Nordeste,100.0,43.29,49.16,1,0.0,0.0,0.0,0.0,0
2205607,PI,Nordeste,100.0,97.9,80.0,1,0.0,0.0,0.0,0.0,0
2207207,PI,Nordeste,100.0,86.44,80.0,1,0.0,0.0,0.0,0.0,0
2211605,PI,Nordeste,100.0,100.0,80.0,1,0.0,0.0,0.0,0.0,0
2303659,CE,Nordeste,100.0,100.0,80.0,1,0.0,0.0,0.0,0.0,0
2304004,CE,Nordeste,100.0,100.0,80.0,1,0.0,0.0,0.0,0.0,0
2304350,CE,Nordeste,100.0,100.0,80.0,1,0.0,0.0,0.0,0.0,0
2304657,CE,Nordeste,100.0,98.41,80.0,1,0.0,0.0,0.0,0.0,0
2309409,CE,Nordeste,100.0,98.72,80.0,1,0.0,0.0,0.0,0.0,0
2309904,CE,Nordeste,100.0,97.88,80.0,1,0.0,0.0,0.0,0.0,0
2310902,CE,Nordeste,100.0,100.0,80.0,1,0.0,0.0,0.0,0.0,0
2310951,CE,Nordeste,100.0,99.14,80.0,1,0.0,0.0,0.0,0.0,0
2311009,CE,Nordeste,100.0,96.02,80.0,1,0.0,0.0,0.0,0.0,0
2506509,PB,Nordeste,100.0,73.31,74.35,1,0.0,0.0,0.0,0.0,0
2510600,PB,Nordeste,100.0,89.76,80.0,1,0.0,0.0,0.0,0.0,0
2513505,PB,Nordeste,100.0,81.58,80.0,1,0.0,0.0,0.0,0.0,0
2513943,PB,Nordeste,100.0,95.45,80.0,1,0.0,0.0,0.0,0.0,0
2515005,PB,Nordeste,100.0,10.07,15.73,1,0.0,0.0,0.0,0.0,0
2603926,PE,Nordeste,100.0,84.31,80.0,1,0.0,0.0,0.0,0.0,0
3106804,MG,Sudeste,100.0,68.75,70.55,1,0.0,0.0,0.0,0.0,0
3114709,MG,Sudeste,100.0,76.96,77.41,1,0.0,0.0,0.0,0.0,0
3119906,MG,Sudeste,100.0,73.8,74.76,1,0.0,0.0,0.0,0.0,0
3124708,MG,Sudeste,100.0,100.0,80.0,1,0.0,0.0,0.0,0.0,0
3132008,MG,Sudeste,100.0,78.57,78.78,1,0.0,0.0,0.0,0.0,0
3148905,MG,Sudeste,100.0,81.43,80.0,1,0.0,0.0,0.0,0.0,0
3164803,MG,Sudeste,100.0,66.67,68.83,1,0.0,0.0,0.0,0.0,0
3168200,MG,Sudeste,100.0,76.47,77.0,1,0.0,0.0,0.0,0.0,0
3504701,SP,Sudeste,100.0,100.0,80.0,1,0.0,0.0,0.0,0.0,0
3507753,SP,Sudeste,100.0,94.42,80.0,1,0.0,0.0,0.0,0.0,0
3528858,SP,Sudeste,100.0,94.74,80.0,1,0.0,0.0,0.0,0.0,0
3529104,SP,Sudeste,100.0,93.33,80.0,1,0.0,0.0,0.0,0.0,0
3532108,SP,Sudeste,100.0,57.61,61.33,1,0.0,0.0,0.0,0.0,0
3546108,SP,Sudeste,100.0,89.96,80.0,1,0.0,0.0,0.0,0.0,0
3548302,SP,Sudeste,100.0,91.44,80.0,1,0.0,0.0,0.0,0.0,0
3549300,SP,Sudeste,100.0,81.03,80.0,1,0.0,0.0,0.0,0.0,0
3555901,SP,Sudeste,100.0,81.48,80.0,1,0.0,0.0,0.0,0.0,0
3556958,SP,Sudeste,100.0,66.67,68.83,1,0.0,0.0,0.0,0.0,0
4123600,PR,Sul,100.0,96.75,80.0,1,0.0,0.0,0.0,0.0,0
4315008,RS,Sul,100.0,78.57,78.78,1,0.0,0.0,0.0,0.0,0
4323705,RS,Sul,100.0,74.26,75.14,1,0.0,0.0,0.0,0.0,0
5101209,MT,Centro-Oeste,100.0,22.22,29.4,1,0.0,0.0,0.0,0.0,0
5202809,GO,Centro-Oeste,100.0,71.44,72.79,1,0.0,0.0,0.0,0.0,0
5205703,GO,Centro-Oeste,100.0,77.4,77.79,1,0.0,0.0,0.0,0.0,0
5207600,GO,Centro-Oeste,100.0,96.67,80.0,1,0.0,0.0,0.0,0.0,0
5212006,GO,Centro-Oeste,100.0,97.43,80.0,1,0.0,0.0,0.0,0.0,0
5212055,GO,Centro-Oeste,100.0,100.0,80.0,1,0.0,0.0,0.0,0.0,0
5213905,GO,Centro-Oeste,100.0,85.24,80.0,1,0.0,0.0,0.0,0.0,0
5214101,GO,Centro-Oeste,100.0,92.95,80.0,1,0.0,0.0,0.0,0.0,0
5218706,GO,Centro-Oeste,100.0,76.56,77.08,1,0.0,0.0,0.0,0.0,0
5219100,GO,Centro-Oeste,100.0,78.28,78.53,1,0.0,0.0,0.0,0.0,0
5219506,GO,Centro-Oeste,100.0,80.22,80.0,1,0.0,0.0,0.0,0.0,0
